DEBUG - 2025-08-15 01:11:56 --> Session: Class initialized using 'CodeIgniter\Session\Handlers\FileHandler' driver.
WARNING - 2025-08-15 01:11:56 --> [DEPRECATED] Creation of dynamic property App\Controllers\Home::$session is deprecated in APPPATH\Controllers\BaseController.php on line 53.
 1 SYSTEMPATH\CodeIgniter.php(904): App\Controllers\BaseController->initController(Object(CodeIgniter\HTTP\IncomingRequest), Object(CodeIgniter\HTTP\Response), Object(CodeIgniter\Log\Logger))
 2 SYSTEMPATH\CodeIgniter.php(498): CodeIgniter\CodeIgniter->createController()
 3 SYSTEMPATH\CodeIgniter.php(354): CodeIgniter\CodeIgniter->handleRequest(null, Object(Config\Cache), false)
 4 SYSTEMPATH\Boot.php(363): CodeIgniter\CodeIgniter->run()
 5 SYSTEMPATH\Boot.php(68): CodeIgniter\Boot::runCodeIgniter(Object(CodeIgniter\CodeIgniter))
 6 FCPATH\index.php(59): CodeIgniter\Boot::bootWeb(Object(Config\Paths))
 7 SYSTEMPATH\rewrite.php(44): require_once('C:\\Users\\Administrator\\Documents\\GITHUB\\KAPAL-FE-HTML\\home\\public\\index.php')
DEBUG - 2025-08-15 01:12:02 --> Session: Class initialized using 'CodeIgniter\Session\Handlers\FileHandler' driver.
WARNING - 2025-08-15 01:12:02 --> [DEPRECATED] Creation of dynamic property App\Controllers\Auth::$session is deprecated in APPPATH\Controllers\BaseController.php on line 53.
 1 SYSTEMPATH\CodeIgniter.php(904): App\Controllers\BaseController->initController(Object(CodeIgniter\HTTP\IncomingRequest), Object(CodeIgniter\HTTP\Response), Object(CodeIgniter\Log\Logger))
 2 SYSTEMPATH\CodeIgniter.php(498): CodeIgniter\CodeIgniter->createController()
 3 SYSTEMPATH\CodeIgniter.php(354): CodeIgniter\CodeIgniter->handleRequest(null, Object(Config\Cache), false)
 4 SYSTEMPATH\Boot.php(363): CodeIgniter\CodeIgniter->run()
 5 SYSTEMPATH\Boot.php(68): CodeIgniter\Boot::runCodeIgniter(Object(CodeIgniter\CodeIgniter))
 6 FCPATH\index.php(59): CodeIgniter\Boot::bootWeb(Object(Config\Paths))
 7 SYSTEMPATH\rewrite.php(44): require_once('C:\\Users\\Administrator\\Documents\\GITHUB\\KAPAL-FE-HTML\\home\\public\\index.php')
DEBUG - 2025-08-15 01:12:04 --> Session: Class initialized using 'CodeIgniter\Session\Handlers\FileHandler' driver.
WARNING - 2025-08-15 01:12:04 --> [DEPRECATED] Creation of dynamic property App\Controllers\Auth::$session is deprecated in APPPATH\Controllers\BaseController.php on line 53.
 1 SYSTEMPATH\CodeIgniter.php(904): App\Controllers\BaseController->initController(Object(CodeIgniter\HTTP\IncomingRequest), Object(CodeIgniter\HTTP\Response), Object(CodeIgniter\Log\Logger))
 2 SYSTEMPATH\CodeIgniter.php(498): CodeIgniter\CodeIgniter->createController()
 3 SYSTEMPATH\CodeIgniter.php(354): CodeIgniter\CodeIgniter->handleRequest(null, Object(Config\Cache), false)
 4 SYSTEMPATH\Boot.php(363): CodeIgniter\CodeIgniter->run()
 5 SYSTEMPATH\Boot.php(68): CodeIgniter\Boot::runCodeIgniter(Object(CodeIgniter\CodeIgniter))
 6 FCPATH\index.php(59): CodeIgniter\Boot::bootWeb(Object(Config\Paths))
 7 SYSTEMPATH\rewrite.php(44): require_once('C:\\Users\\Administrator\\Documents\\GITHUB\\KAPAL-FE-HTML\\home\\public\\index.php')
DEBUG - 2025-08-15 01:12:05 --> Session: Class initialized using 'CodeIgniter\Session\Handlers\FileHandler' driver.
WARNING - 2025-08-15 01:12:05 --> [DEPRECATED] Creation of dynamic property App\Controllers\Boats::$session is deprecated in APPPATH\Controllers\BaseController.php on line 53.
 1 SYSTEMPATH\CodeIgniter.php(904): App\Controllers\BaseController->initController(Object(CodeIgniter\HTTP\IncomingRequest), Object(CodeIgniter\HTTP\Response), Object(CodeIgniter\Log\Logger))
 2 SYSTEMPATH\CodeIgniter.php(498): CodeIgniter\CodeIgniter->createController()
 3 SYSTEMPATH\CodeIgniter.php(354): CodeIgniter\CodeIgniter->handleRequest(null, Object(Config\Cache), false)
 4 SYSTEMPATH\Boot.php(363): CodeIgniter\CodeIgniter->run()
 5 SYSTEMPATH\Boot.php(68): CodeIgniter\Boot::runCodeIgniter(Object(CodeIgniter\CodeIgniter))
 6 FCPATH\index.php(59): CodeIgniter\Boot::bootWeb(Object(Config\Paths))
 7 SYSTEMPATH\rewrite.php(44): require_once('C:\\Users\\Administrator\\Documents\\GITHUB\\KAPAL-FE-HTML\\home\\public\\index.php')
DEBUG - 2025-08-15 01:12:10 --> Session: Class initialized using 'CodeIgniter\Session\Handlers\FileHandler' driver.
WARNING - 2025-08-15 01:12:10 --> [DEPRECATED] Creation of dynamic property App\Controllers\Boats::$session is deprecated in APPPATH\Controllers\BaseController.php on line 53.
 1 SYSTEMPATH\CodeIgniter.php(904): App\Controllers\BaseController->initController(Object(CodeIgniter\HTTP\IncomingRequest), Object(CodeIgniter\HTTP\Response), Object(CodeIgniter\Log\Logger))
 2 SYSTEMPATH\CodeIgniter.php(498): CodeIgniter\CodeIgniter->createController()
 3 SYSTEMPATH\CodeIgniter.php(354): CodeIgniter\CodeIgniter->handleRequest(null, Object(Config\Cache), false)
 4 SYSTEMPATH\Boot.php(363): CodeIgniter\CodeIgniter->run()
 5 SYSTEMPATH\Boot.php(68): CodeIgniter\Boot::runCodeIgniter(Object(CodeIgniter\CodeIgniter))
 6 FCPATH\index.php(59): CodeIgniter\Boot::bootWeb(Object(Config\Paths))
 7 SYSTEMPATH\rewrite.php(44): require_once('C:\\Users\\Administrator\\Documents\\GITHUB\\KAPAL-FE-HTML\\home\\public\\index.php')
DEBUG - 2025-08-15 01:12:14 --> Session: Class initialized using 'CodeIgniter\Session\Handlers\FileHandler' driver.
WARNING - 2025-08-15 01:12:14 --> [DEPRECATED] Creation of dynamic property App\Controllers\Boats::$session is deprecated in APPPATH\Controllers\BaseController.php on line 53.
 1 SYSTEMPATH\CodeIgniter.php(904): App\Controllers\BaseController->initController(Object(CodeIgniter\HTTP\IncomingRequest), Object(CodeIgniter\HTTP\Response), Object(CodeIgniter\Log\Logger))
 2 SYSTEMPATH\CodeIgniter.php(498): CodeIgniter\CodeIgniter->createController()
 3 SYSTEMPATH\CodeIgniter.php(354): CodeIgniter\CodeIgniter->handleRequest(null, Object(Config\Cache), false)
 4 SYSTEMPATH\Boot.php(363): CodeIgniter\CodeIgniter->run()
 5 SYSTEMPATH\Boot.php(68): CodeIgniter\Boot::runCodeIgniter(Object(CodeIgniter\CodeIgniter))
 6 FCPATH\index.php(59): CodeIgniter\Boot::bootWeb(Object(Config\Paths))
 7 SYSTEMPATH\rewrite.php(44): require_once('C:\\Users\\Administrator\\Documents\\GITHUB\\KAPAL-FE-HTML\\home\\public\\index.php')
DEBUG - 2025-08-15 01:43:57 --> Session: Class initialized using 'CodeIgniter\Session\Handlers\FileHandler' driver.
WARNING - 2025-08-15 01:43:57 --> [DEPRECATED] Creation of dynamic property App\Controllers\Boats::$session is deprecated in APPPATH\Controllers\BaseController.php on line 53.
 1 SYSTEMPATH\CodeIgniter.php(904): App\Controllers\BaseController->initController(Object(CodeIgniter\HTTP\IncomingRequest), Object(CodeIgniter\HTTP\Response), Object(CodeIgniter\Log\Logger))
 2 SYSTEMPATH\CodeIgniter.php(498): CodeIgniter\CodeIgniter->createController()
 3 SYSTEMPATH\CodeIgniter.php(354): CodeIgniter\CodeIgniter->handleRequest(null, Object(Config\Cache), false)
 4 SYSTEMPATH\Boot.php(363): CodeIgniter\CodeIgniter->run()
 5 SYSTEMPATH\Boot.php(68): CodeIgniter\Boot::runCodeIgniter(Object(CodeIgniter\CodeIgniter))
 6 FCPATH\index.php(59): CodeIgniter\Boot::bootWeb(Object(Config\Paths))
 7 SYSTEMPATH\rewrite.php(44): require_once('C:\\Users\\Administrator\\Documents\\GITHUB\\KAPAL-FE-HTML\\home\\public\\index.php')
DEBUG - 2025-08-15 01:45:25 --> Session: Class initialized using 'CodeIgniter\Session\Handlers\FileHandler' driver.
WARNING - 2025-08-15 01:45:25 --> [DEPRECATED] Creation of dynamic property App\Controllers\Boats::$session is deprecated in APPPATH\Controllers\BaseController.php on line 53.
 1 SYSTEMPATH\CodeIgniter.php(904): App\Controllers\BaseController->initController(Object(CodeIgniter\HTTP\IncomingRequest), Object(CodeIgniter\HTTP\Response), Object(CodeIgniter\Log\Logger))
 2 SYSTEMPATH\CodeIgniter.php(498): CodeIgniter\CodeIgniter->createController()
 3 SYSTEMPATH\CodeIgniter.php(354): CodeIgniter\CodeIgniter->handleRequest(null, Object(Config\Cache), false)
 4 SYSTEMPATH\Boot.php(363): CodeIgniter\CodeIgniter->run()
 5 SYSTEMPATH\Boot.php(68): CodeIgniter\Boot::runCodeIgniter(Object(CodeIgniter\CodeIgniter))
 6 FCPATH\index.php(59): CodeIgniter\Boot::bootWeb(Object(Config\Paths))
 7 SYSTEMPATH\rewrite.php(44): require_once('C:\\Users\\Administrator\\Documents\\GITHUB\\KAPAL-FE-HTML\\home\\public\\index.php')
DEBUG - 2025-08-15 01:45:57 --> Session: Class initialized using 'CodeIgniter\Session\Handlers\FileHandler' driver.
WARNING - 2025-08-15 01:45:57 --> [DEPRECATED] Creation of dynamic property App\Controllers\Boats::$session is deprecated in APPPATH\Controllers\BaseController.php on line 53.
 1 SYSTEMPATH\CodeIgniter.php(904): App\Controllers\BaseController->initController(Object(CodeIgniter\HTTP\IncomingRequest), Object(CodeIgniter\HTTP\Response), Object(CodeIgniter\Log\Logger))
 2 SYSTEMPATH\CodeIgniter.php(498): CodeIgniter\CodeIgniter->createController()
 3 SYSTEMPATH\CodeIgniter.php(354): CodeIgniter\CodeIgniter->handleRequest(null, Object(Config\Cache), false)
 4 SYSTEMPATH\Boot.php(363): CodeIgniter\CodeIgniter->run()
 5 SYSTEMPATH\Boot.php(68): CodeIgniter\Boot::runCodeIgniter(Object(CodeIgniter\CodeIgniter))
 6 FCPATH\index.php(59): CodeIgniter\Boot::bootWeb(Object(Config\Paths))
 7 SYSTEMPATH\rewrite.php(44): require_once('C:\\Users\\Administrator\\Documents\\GITHUB\\KAPAL-FE-HTML\\home\\public\\index.php')
DEBUG - 2025-08-15 01:46:31 --> Session: Class initialized using 'CodeIgniter\Session\Handlers\FileHandler' driver.
WARNING - 2025-08-15 01:46:31 --> [DEPRECATED] Creation of dynamic property App\Controllers\Boats::$session is deprecated in APPPATH\Controllers\BaseController.php on line 53.
 1 SYSTEMPATH\CodeIgniter.php(904): App\Controllers\BaseController->initController(Object(CodeIgniter\HTTP\IncomingRequest), Object(CodeIgniter\HTTP\Response), Object(CodeIgniter\Log\Logger))
 2 SYSTEMPATH\CodeIgniter.php(498): CodeIgniter\CodeIgniter->createController()
 3 SYSTEMPATH\CodeIgniter.php(354): CodeIgniter\CodeIgniter->handleRequest(null, Object(Config\Cache), false)
 4 SYSTEMPATH\Boot.php(363): CodeIgniter\CodeIgniter->run()
 5 SYSTEMPATH\Boot.php(68): CodeIgniter\Boot::runCodeIgniter(Object(CodeIgniter\CodeIgniter))
 6 FCPATH\index.php(59): CodeIgniter\Boot::bootWeb(Object(Config\Paths))
 7 SYSTEMPATH\rewrite.php(44): require_once('C:\\Users\\Administrator\\Documents\\GITHUB\\KAPAL-FE-HTML\\home\\public\\index.php')
DEBUG - 2025-08-15 01:46:36 --> Session: Class initialized using 'CodeIgniter\Session\Handlers\FileHandler' driver.
WARNING - 2025-08-15 01:46:36 --> [DEPRECATED] Creation of dynamic property App\Controllers\Boats::$session is deprecated in APPPATH\Controllers\BaseController.php on line 53.
 1 SYSTEMPATH\CodeIgniter.php(904): App\Controllers\BaseController->initController(Object(CodeIgniter\HTTP\IncomingRequest), Object(CodeIgniter\HTTP\Response), Object(CodeIgniter\Log\Logger))
 2 SYSTEMPATH\CodeIgniter.php(498): CodeIgniter\CodeIgniter->createController()
 3 SYSTEMPATH\CodeIgniter.php(354): CodeIgniter\CodeIgniter->handleRequest(null, Object(Config\Cache), false)
 4 SYSTEMPATH\Boot.php(363): CodeIgniter\CodeIgniter->run()
 5 SYSTEMPATH\Boot.php(68): CodeIgniter\Boot::runCodeIgniter(Object(CodeIgniter\CodeIgniter))
 6 FCPATH\index.php(59): CodeIgniter\Boot::bootWeb(Object(Config\Paths))
 7 SYSTEMPATH\rewrite.php(44): require_once('C:\\Users\\Administrator\\Documents\\GITHUB\\KAPAL-FE-HTML\\home\\public\\index.php')
DEBUG - 2025-08-15 01:47:15 --> Session: Class initialized using 'CodeIgniter\Session\Handlers\FileHandler' driver.
WARNING - 2025-08-15 01:47:15 --> [DEPRECATED] Creation of dynamic property App\Controllers\Boats::$session is deprecated in APPPATH\Controllers\BaseController.php on line 53.
 1 SYSTEMPATH\CodeIgniter.php(904): App\Controllers\BaseController->initController(Object(CodeIgniter\HTTP\IncomingRequest), Object(CodeIgniter\HTTP\Response), Object(CodeIgniter\Log\Logger))
 2 SYSTEMPATH\CodeIgniter.php(498): CodeIgniter\CodeIgniter->createController()
 3 SYSTEMPATH\CodeIgniter.php(354): CodeIgniter\CodeIgniter->handleRequest(null, Object(Config\Cache), false)
 4 SYSTEMPATH\Boot.php(363): CodeIgniter\CodeIgniter->run()
 5 SYSTEMPATH\Boot.php(68): CodeIgniter\Boot::runCodeIgniter(Object(CodeIgniter\CodeIgniter))
 6 FCPATH\index.php(59): CodeIgniter\Boot::bootWeb(Object(Config\Paths))
 7 SYSTEMPATH\rewrite.php(44): require_once('C:\\Users\\Administrator\\Documents\\GITHUB\\KAPAL-FE-HTML\\home\\public\\index.php')
DEBUG - 2025-08-15 01:47:17 --> Session: Class initialized using 'CodeIgniter\Session\Handlers\FileHandler' driver.
WARNING - 2025-08-15 01:47:17 --> [DEPRECATED] Creation of dynamic property App\Controllers\Boats::$session is deprecated in APPPATH\Controllers\BaseController.php on line 53.
 1 SYSTEMPATH\CodeIgniter.php(904): App\Controllers\BaseController->initController(Object(CodeIgniter\HTTP\IncomingRequest), Object(CodeIgniter\HTTP\Response), Object(CodeIgniter\Log\Logger))
 2 SYSTEMPATH\CodeIgniter.php(498): CodeIgniter\CodeIgniter->createController()
 3 SYSTEMPATH\CodeIgniter.php(354): CodeIgniter\CodeIgniter->handleRequest(null, Object(Config\Cache), false)
 4 SYSTEMPATH\Boot.php(363): CodeIgniter\CodeIgniter->run()
 5 SYSTEMPATH\Boot.php(68): CodeIgniter\Boot::runCodeIgniter(Object(CodeIgniter\CodeIgniter))
 6 FCPATH\index.php(59): CodeIgniter\Boot::bootWeb(Object(Config\Paths))
 7 SYSTEMPATH\rewrite.php(44): require_once('C:\\Users\\Administrator\\Documents\\GITHUB\\KAPAL-FE-HTML\\home\\public\\index.php')
DEBUG - 2025-08-15 02:13:40 --> Session: Class initialized using 'CodeIgniter\Session\Handlers\FileHandler' driver.
WARNING - 2025-08-15 02:13:40 --> [DEPRECATED] Creation of dynamic property App\Controllers\Boats::$session is deprecated in APPPATH\Controllers\BaseController.php on line 53.
 1 SYSTEMPATH\CodeIgniter.php(904): App\Controllers\BaseController->initController(Object(CodeIgniter\HTTP\IncomingRequest), Object(CodeIgniter\HTTP\Response), Object(CodeIgniter\Log\Logger))
 2 SYSTEMPATH\CodeIgniter.php(498): CodeIgniter\CodeIgniter->createController()
 3 SYSTEMPATH\CodeIgniter.php(354): CodeIgniter\CodeIgniter->handleRequest(null, Object(Config\Cache), false)
 4 SYSTEMPATH\Boot.php(363): CodeIgniter\CodeIgniter->run()
 5 SYSTEMPATH\Boot.php(68): CodeIgniter\Boot::runCodeIgniter(Object(CodeIgniter\CodeIgniter))
 6 FCPATH\index.php(59): CodeIgniter\Boot::bootWeb(Object(Config\Paths))
 7 SYSTEMPATH\rewrite.php(44): require_once('C:\\Users\\Administrator\\Documents\\GITHUB\\KAPAL-FE-HTML\\home\\public\\index.php')
DEBUG - 2025-08-15 02:13:43 --> Session: Class initialized using 'CodeIgniter\Session\Handlers\FileHandler' driver.
WARNING - 2025-08-15 02:13:43 --> [DEPRECATED] Creation of dynamic property App\Controllers\Boats::$session is deprecated in APPPATH\Controllers\BaseController.php on line 53.
 1 SYSTEMPATH\CodeIgniter.php(904): App\Controllers\BaseController->initController(Object(CodeIgniter\HTTP\IncomingRequest), Object(CodeIgniter\HTTP\Response), Object(CodeIgniter\Log\Logger))
 2 SYSTEMPATH\CodeIgniter.php(498): CodeIgniter\CodeIgniter->createController()
 3 SYSTEMPATH\CodeIgniter.php(354): CodeIgniter\CodeIgniter->handleRequest(null, Object(Config\Cache), false)
 4 SYSTEMPATH\Boot.php(363): CodeIgniter\CodeIgniter->run()
 5 SYSTEMPATH\Boot.php(68): CodeIgniter\Boot::runCodeIgniter(Object(CodeIgniter\CodeIgniter))
 6 FCPATH\index.php(59): CodeIgniter\Boot::bootWeb(Object(Config\Paths))
 7 SYSTEMPATH\rewrite.php(44): require_once('C:\\Users\\Administrator\\Documents\\GITHUB\\KAPAL-FE-HTML\\home\\public\\index.php')
DEBUG - 2025-08-15 02:17:38 --> Session: Class initialized using 'CodeIgniter\Session\Handlers\FileHandler' driver.
WARNING - 2025-08-15 02:17:38 --> [DEPRECATED] Creation of dynamic property App\Controllers\Boats::$session is deprecated in APPPATH\Controllers\BaseController.php on line 53.
 1 SYSTEMPATH\CodeIgniter.php(904): App\Controllers\BaseController->initController(Object(CodeIgniter\HTTP\IncomingRequest), Object(CodeIgniter\HTTP\Response), Object(CodeIgniter\Log\Logger))
 2 SYSTEMPATH\CodeIgniter.php(498): CodeIgniter\CodeIgniter->createController()
 3 SYSTEMPATH\CodeIgniter.php(354): CodeIgniter\CodeIgniter->handleRequest(null, Object(Config\Cache), false)
 4 SYSTEMPATH\Boot.php(363): CodeIgniter\CodeIgniter->run()
 5 SYSTEMPATH\Boot.php(68): CodeIgniter\Boot::runCodeIgniter(Object(CodeIgniter\CodeIgniter))
 6 FCPATH\index.php(59): CodeIgniter\Boot::bootWeb(Object(Config\Paths))
 7 SYSTEMPATH\rewrite.php(44): require_once('C:\\Users\\Administrator\\Documents\\GITHUB\\KAPAL-FE-HTML\\home\\public\\index.php')
CRITICAL - 2025-08-15 02:17:38 --> ErrorException: Undefined array key "open_trip_id"
[Method: GET, Route: boats/my-open-trip-requests]
in APPPATH\Views\boats\open_trip_requests.php on line 58.
 1 APPPATH\Views\boats\open_trip_requests.php(58): CodeIgniter\Debug\Exceptions->errorHandler(2, 'Undefined array key "open_trip_id"', 'C:\\Users\\Administrator\\Documents\\GITHUB\\KAPAL-FE-HTML\\home\\app\\Views\\boats\\open_trip_requests.php', 58)
 2 SYSTEMPATH\View\View.php(226): include('C:\\Users\\Administrator\\Documents\\GITHUB\\KAPAL-FE-HTML\\home\\app\\Views\\boats\\open_trip_requests.php')
 3 SYSTEMPATH\View\View.php(229): CodeIgniter\View\View->CodeIgniter\View\{closure}()
 4 SYSTEMPATH\Common.php(1167): CodeIgniter\View\View->render('boats/open_trip_requests', [], true)
 5 APPPATH\Controllers\BaseController.php(65): view('boats/open_trip_requests', [...])
 6 APPPATH\Controllers\Boats.php(268): App\Controllers\BaseController->render('boats/open_trip_requests', [...])
 7 SYSTEMPATH\CodeIgniter.php(933): App\Controllers\Boats->openTripRequests()
 8 SYSTEMPATH\CodeIgniter.php(507): CodeIgniter\CodeIgniter->runController(Object(App\Controllers\Boats))
 9 SYSTEMPATH\CodeIgniter.php(354): CodeIgniter\CodeIgniter->handleRequest(null, Object(Config\Cache), false)
10 SYSTEMPATH\Boot.php(363): CodeIgniter\CodeIgniter->run()
11 SYSTEMPATH\Boot.php(68): CodeIgniter\Boot::runCodeIgniter(Object(CodeIgniter\CodeIgniter))
12 FCPATH\index.php(59): CodeIgniter\Boot::bootWeb(Object(Config\Paths))
13 SYSTEMPATH\rewrite.php(44): require_once('C:\\Users\\Administrator\\Documents\\GITHUB\\KAPAL-FE-HTML\\home\\public\\index.php')
DEBUG - 2025-08-15 02:17:44 --> Session: Class initialized using 'CodeIgniter\Session\Handlers\FileHandler' driver.
WARNING - 2025-08-15 02:17:44 --> [DEPRECATED] Creation of dynamic property App\Controllers\Boats::$session is deprecated in APPPATH\Controllers\BaseController.php on line 53.
 1 SYSTEMPATH\CodeIgniter.php(904): App\Controllers\BaseController->initController(Object(CodeIgniter\HTTP\IncomingRequest), Object(CodeIgniter\HTTP\Response), Object(CodeIgniter\Log\Logger))
 2 SYSTEMPATH\CodeIgniter.php(498): CodeIgniter\CodeIgniter->createController()
 3 SYSTEMPATH\CodeIgniter.php(354): CodeIgniter\CodeIgniter->handleRequest(null, Object(Config\Cache), false)
 4 SYSTEMPATH\Boot.php(363): CodeIgniter\CodeIgniter->run()
 5 SYSTEMPATH\Boot.php(68): CodeIgniter\Boot::runCodeIgniter(Object(CodeIgniter\CodeIgniter))
 6 FCPATH\index.php(59): CodeIgniter\Boot::bootWeb(Object(Config\Paths))
 7 SYSTEMPATH\rewrite.php(44): require_once('C:\\Users\\Administrator\\Documents\\GITHUB\\KAPAL-FE-HTML\\home\\public\\index.php')
DEBUG - 2025-08-15 02:17:48 --> Session: Class initialized using 'CodeIgniter\Session\Handlers\FileHandler' driver.
WARNING - 2025-08-15 02:17:48 --> [DEPRECATED] Creation of dynamic property App\Controllers\Boats::$session is deprecated in APPPATH\Controllers\BaseController.php on line 53.
 1 SYSTEMPATH\CodeIgniter.php(904): App\Controllers\BaseController->initController(Object(CodeIgniter\HTTP\IncomingRequest), Object(CodeIgniter\HTTP\Response), Object(CodeIgniter\Log\Logger))
 2 SYSTEMPATH\CodeIgniter.php(498): CodeIgniter\CodeIgniter->createController()
 3 SYSTEMPATH\CodeIgniter.php(354): CodeIgniter\CodeIgniter->handleRequest(null, Object(Config\Cache), false)
 4 SYSTEMPATH\Boot.php(363): CodeIgniter\CodeIgniter->run()
 5 SYSTEMPATH\Boot.php(68): CodeIgniter\Boot::runCodeIgniter(Object(CodeIgniter\CodeIgniter))
 6 FCPATH\index.php(59): CodeIgniter\Boot::bootWeb(Object(Config\Paths))
 7 SYSTEMPATH\rewrite.php(44): require_once('C:\\Users\\Administrator\\Documents\\GITHUB\\KAPAL-FE-HTML\\home\\public\\index.php')
DEBUG - 2025-08-15 02:17:50 --> Session: Class initialized using 'CodeIgniter\Session\Handlers\FileHandler' driver.
WARNING - 2025-08-15 02:17:50 --> [DEPRECATED] Creation of dynamic property App\Controllers\Boats::$session is deprecated in APPPATH\Controllers\BaseController.php on line 53.
 1 SYSTEMPATH\CodeIgniter.php(904): App\Controllers\BaseController->initController(Object(CodeIgniter\HTTP\IncomingRequest), Object(CodeIgniter\HTTP\Response), Object(CodeIgniter\Log\Logger))
 2 SYSTEMPATH\CodeIgniter.php(498): CodeIgniter\CodeIgniter->createController()
 3 SYSTEMPATH\CodeIgniter.php(354): CodeIgniter\CodeIgniter->handleRequest(null, Object(Config\Cache), false)
 4 SYSTEMPATH\Boot.php(363): CodeIgniter\CodeIgniter->run()
 5 SYSTEMPATH\Boot.php(68): CodeIgniter\Boot::runCodeIgniter(Object(CodeIgniter\CodeIgniter))
 6 FCPATH\index.php(59): CodeIgniter\Boot::bootWeb(Object(Config\Paths))
 7 SYSTEMPATH\rewrite.php(44): require_once('C:\\Users\\Administrator\\Documents\\GITHUB\\KAPAL-FE-HTML\\home\\public\\index.php')
CRITICAL - 2025-08-15 02:17:50 --> ErrorException: Undefined array key "open_trip_id"
[Method: GET, Route: boats/my-open-trip-requests]
in APPPATH\Views\boats\open_trip_requests.php on line 58.
 1 APPPATH\Views\boats\open_trip_requests.php(58): CodeIgniter\Debug\Exceptions->errorHandler(2, 'Undefined array key "open_trip_id"', 'C:\\Users\\Administrator\\Documents\\GITHUB\\KAPAL-FE-HTML\\home\\app\\Views\\boats\\open_trip_requests.php', 58)
 2 SYSTEMPATH\View\View.php(226): include('C:\\Users\\Administrator\\Documents\\GITHUB\\KAPAL-FE-HTML\\home\\app\\Views\\boats\\open_trip_requests.php')
 3 SYSTEMPATH\View\View.php(229): CodeIgniter\View\View->CodeIgniter\View\{closure}()
 4 SYSTEMPATH\Common.php(1167): CodeIgniter\View\View->render('boats/open_trip_requests', [], true)
 5 APPPATH\Controllers\BaseController.php(65): view('boats/open_trip_requests', [...])
 6 APPPATH\Controllers\Boats.php(268): App\Controllers\BaseController->render('boats/open_trip_requests', [...])
 7 SYSTEMPATH\CodeIgniter.php(933): App\Controllers\Boats->openTripRequests()
 8 SYSTEMPATH\CodeIgniter.php(507): CodeIgniter\CodeIgniter->runController(Object(App\Controllers\Boats))
 9 SYSTEMPATH\CodeIgniter.php(354): CodeIgniter\CodeIgniter->handleRequest(null, Object(Config\Cache), false)
10 SYSTEMPATH\Boot.php(363): CodeIgniter\CodeIgniter->run()
11 SYSTEMPATH\Boot.php(68): CodeIgniter\Boot::runCodeIgniter(Object(CodeIgniter\CodeIgniter))
12 FCPATH\index.php(59): CodeIgniter\Boot::bootWeb(Object(Config\Paths))
13 SYSTEMPATH\rewrite.php(44): require_once('C:\\Users\\Administrator\\Documents\\GITHUB\\KAPAL-FE-HTML\\home\\public\\index.php')
DEBUG - 2025-08-15 02:29:20 --> Session: Class initialized using 'CodeIgniter\Session\Handlers\FileHandler' driver.
WARNING - 2025-08-15 02:29:20 --> [DEPRECATED] Creation of dynamic property App\Controllers\Boats::$session is deprecated in APPPATH\Controllers\BaseController.php on line 53.
 1 SYSTEMPATH\CodeIgniter.php(904): App\Controllers\BaseController->initController(Object(CodeIgniter\HTTP\IncomingRequest), Object(CodeIgniter\HTTP\Response), Object(CodeIgniter\Log\Logger))
 2 SYSTEMPATH\CodeIgniter.php(498): CodeIgniter\CodeIgniter->createController()
 3 SYSTEMPATH\CodeIgniter.php(354): CodeIgniter\CodeIgniter->handleRequest(null, Object(Config\Cache), false)
 4 SYSTEMPATH\Boot.php(363): CodeIgniter\CodeIgniter->run()
 5 SYSTEMPATH\Boot.php(68): CodeIgniter\Boot::runCodeIgniter(Object(CodeIgniter\CodeIgniter))
 6 FCPATH\index.php(59): CodeIgniter\Boot::bootWeb(Object(Config\Paths))
 7 SYSTEMPATH\rewrite.php(44): require_once('C:\\Users\\Administrator\\Documents\\GITHUB\\KAPAL-FE-HTML\\home\\public\\index.php')
DEBUG - 2025-08-15 02:31:22 --> Session: Class initialized using 'CodeIgniter\Session\Handlers\FileHandler' driver.
WARNING - 2025-08-15 02:31:22 --> [DEPRECATED] Creation of dynamic property App\Controllers\Boats::$session is deprecated in APPPATH\Controllers\BaseController.php on line 53.
 1 SYSTEMPATH\CodeIgniter.php(904): App\Controllers\BaseController->initController(Object(CodeIgniter\HTTP\IncomingRequest), Object(CodeIgniter\HTTP\Response), Object(CodeIgniter\Log\Logger))
 2 SYSTEMPATH\CodeIgniter.php(498): CodeIgniter\CodeIgniter->createController()
 3 SYSTEMPATH\CodeIgniter.php(354): CodeIgniter\CodeIgniter->handleRequest(null, Object(Config\Cache), false)
 4 SYSTEMPATH\Boot.php(363): CodeIgniter\CodeIgniter->run()
 5 SYSTEMPATH\Boot.php(68): CodeIgniter\Boot::runCodeIgniter(Object(CodeIgniter\CodeIgniter))
 6 FCPATH\index.php(59): CodeIgniter\Boot::bootWeb(Object(Config\Paths))
 7 SYSTEMPATH\rewrite.php(44): require_once('C:\\Users\\Administrator\\Documents\\GITHUB\\KAPAL-FE-HTML\\home\\public\\index.php')
DEBUG - 2025-08-15 02:33:08 --> Session: Class initialized using 'CodeIgniter\Session\Handlers\FileHandler' driver.
WARNING - 2025-08-15 02:33:08 --> [DEPRECATED] Creation of dynamic property App\Controllers\Boats::$session is deprecated in APPPATH\Controllers\BaseController.php on line 53.
 1 SYSTEMPATH\CodeIgniter.php(904): App\Controllers\BaseController->initController(Object(CodeIgniter\HTTP\IncomingRequest), Object(CodeIgniter\HTTP\Response), Object(CodeIgniter\Log\Logger))
 2 SYSTEMPATH\CodeIgniter.php(498): CodeIgniter\CodeIgniter->createController()
 3 SYSTEMPATH\CodeIgniter.php(354): CodeIgniter\CodeIgniter->handleRequest(null, Object(Config\Cache), false)
 4 SYSTEMPATH\Boot.php(363): CodeIgniter\CodeIgniter->run()
 5 SYSTEMPATH\Boot.php(68): CodeIgniter\Boot::runCodeIgniter(Object(CodeIgniter\CodeIgniter))
 6 FCPATH\index.php(59): CodeIgniter\Boot::bootWeb(Object(Config\Paths))
 7 SYSTEMPATH\rewrite.php(44): require_once('C:\\Users\\Administrator\\Documents\\GITHUB\\KAPAL-FE-HTML\\home\\public\\index.php')
DEBUG - 2025-08-15 02:33:09 --> Session: Class initialized using 'CodeIgniter\Session\Handlers\FileHandler' driver.
WARNING - 2025-08-15 02:33:09 --> [DEPRECATED] Creation of dynamic property App\Controllers\Boats::$session is deprecated in APPPATH\Controllers\BaseController.php on line 53.
 1 SYSTEMPATH\CodeIgniter.php(904): App\Controllers\BaseController->initController(Object(CodeIgniter\HTTP\IncomingRequest), Object(CodeIgniter\HTTP\Response), Object(CodeIgniter\Log\Logger))
 2 SYSTEMPATH\CodeIgniter.php(498): CodeIgniter\CodeIgniter->createController()
 3 SYSTEMPATH\CodeIgniter.php(354): CodeIgniter\CodeIgniter->handleRequest(null, Object(Config\Cache), false)
 4 SYSTEMPATH\Boot.php(363): CodeIgniter\CodeIgniter->run()
 5 SYSTEMPATH\Boot.php(68): CodeIgniter\Boot::runCodeIgniter(Object(CodeIgniter\CodeIgniter))
 6 FCPATH\index.php(59): CodeIgniter\Boot::bootWeb(Object(Config\Paths))
 7 SYSTEMPATH\rewrite.php(44): require_once('C:\\Users\\Administrator\\Documents\\GITHUB\\KAPAL-FE-HTML\\home\\public\\index.php')
DEBUG - 2025-08-15 02:33:14 --> Session: Class initialized using 'CodeIgniter\Session\Handlers\FileHandler' driver.
WARNING - 2025-08-15 02:33:14 --> [DEPRECATED] Creation of dynamic property App\Controllers\Boats::$session is deprecated in APPPATH\Controllers\BaseController.php on line 53.
 1 SYSTEMPATH\CodeIgniter.php(904): App\Controllers\BaseController->initController(Object(CodeIgniter\HTTP\IncomingRequest), Object(CodeIgniter\HTTP\Response), Object(CodeIgniter\Log\Logger))
 2 SYSTEMPATH\CodeIgniter.php(498): CodeIgniter\CodeIgniter->createController()
 3 SYSTEMPATH\CodeIgniter.php(354): CodeIgniter\CodeIgniter->handleRequest(null, Object(Config\Cache), false)
 4 SYSTEMPATH\Boot.php(363): CodeIgniter\CodeIgniter->run()
 5 SYSTEMPATH\Boot.php(68): CodeIgniter\Boot::runCodeIgniter(Object(CodeIgniter\CodeIgniter))
 6 FCPATH\index.php(59): CodeIgniter\Boot::bootWeb(Object(Config\Paths))
 7 SYSTEMPATH\rewrite.php(44): require_once('C:\\Users\\Administrator\\Documents\\GITHUB\\KAPAL-FE-HTML\\home\\public\\index.php')
DEBUG - 2025-08-15 02:33:16 --> Session: Class initialized using 'CodeIgniter\Session\Handlers\FileHandler' driver.
WARNING - 2025-08-15 02:33:16 --> [DEPRECATED] Creation of dynamic property App\Controllers\Boats::$session is deprecated in APPPATH\Controllers\BaseController.php on line 53.
 1 SYSTEMPATH\CodeIgniter.php(904): App\Controllers\BaseController->initController(Object(CodeIgniter\HTTP\IncomingRequest), Object(CodeIgniter\HTTP\Response), Object(CodeIgniter\Log\Logger))
 2 SYSTEMPATH\CodeIgniter.php(498): CodeIgniter\CodeIgniter->createController()
 3 SYSTEMPATH\CodeIgniter.php(354): CodeIgniter\CodeIgniter->handleRequest(null, Object(Config\Cache), false)
 4 SYSTEMPATH\Boot.php(363): CodeIgniter\CodeIgniter->run()
 5 SYSTEMPATH\Boot.php(68): CodeIgniter\Boot::runCodeIgniter(Object(CodeIgniter\CodeIgniter))
 6 FCPATH\index.php(59): CodeIgniter\Boot::bootWeb(Object(Config\Paths))
 7 SYSTEMPATH\rewrite.php(44): require_once('C:\\Users\\Administrator\\Documents\\GITHUB\\KAPAL-FE-HTML\\home\\public\\index.php')
DEBUG - 2025-08-15 02:33:20 --> Session: Class initialized using 'CodeIgniter\Session\Handlers\FileHandler' driver.
WARNING - 2025-08-15 02:33:20 --> [DEPRECATED] Creation of dynamic property App\Controllers\Boats::$session is deprecated in APPPATH\Controllers\BaseController.php on line 53.
 1 SYSTEMPATH\CodeIgniter.php(904): App\Controllers\BaseController->initController(Object(CodeIgniter\HTTP\IncomingRequest), Object(CodeIgniter\HTTP\Response), Object(CodeIgniter\Log\Logger))
 2 SYSTEMPATH\CodeIgniter.php(498): CodeIgniter\CodeIgniter->createController()
 3 SYSTEMPATH\CodeIgniter.php(354): CodeIgniter\CodeIgniter->handleRequest(null, Object(Config\Cache), false)
 4 SYSTEMPATH\Boot.php(363): CodeIgniter\CodeIgniter->run()
 5 SYSTEMPATH\Boot.php(68): CodeIgniter\Boot::runCodeIgniter(Object(CodeIgniter\CodeIgniter))
 6 FCPATH\index.php(59): CodeIgniter\Boot::bootWeb(Object(Config\Paths))
 7 SYSTEMPATH\rewrite.php(44): require_once('C:\\Users\\Administrator\\Documents\\GITHUB\\KAPAL-FE-HTML\\home\\public\\index.php')
DEBUG - 2025-08-15 02:33:47 --> Session: Class initialized using 'CodeIgniter\Session\Handlers\FileHandler' driver.
WARNING - 2025-08-15 02:33:47 --> [DEPRECATED] Creation of dynamic property App\Controllers\Boats::$session is deprecated in APPPATH\Controllers\BaseController.php on line 53.
 1 SYSTEMPATH\CodeIgniter.php(904): App\Controllers\BaseController->initController(Object(CodeIgniter\HTTP\IncomingRequest), Object(CodeIgniter\HTTP\Response), Object(CodeIgniter\Log\Logger))
 2 SYSTEMPATH\CodeIgniter.php(498): CodeIgniter\CodeIgniter->createController()
 3 SYSTEMPATH\CodeIgniter.php(354): CodeIgniter\CodeIgniter->handleRequest(null, Object(Config\Cache), false)
 4 SYSTEMPATH\Boot.php(363): CodeIgniter\CodeIgniter->run()
 5 SYSTEMPATH\Boot.php(68): CodeIgniter\Boot::runCodeIgniter(Object(CodeIgniter\CodeIgniter))
 6 FCPATH\index.php(59): CodeIgniter\Boot::bootWeb(Object(Config\Paths))
 7 SYSTEMPATH\rewrite.php(44): require_once('C:\\Users\\Administrator\\Documents\\GITHUB\\KAPAL-FE-HTML\\home\\public\\index.php')
DEBUG - 2025-08-15 02:34:55 --> Session: Class initialized using 'CodeIgniter\Session\Handlers\FileHandler' driver.
WARNING - 2025-08-15 02:34:55 --> [DEPRECATED] Creation of dynamic property App\Controllers\Boats::$session is deprecated in APPPATH\Controllers\BaseController.php on line 53.
 1 SYSTEMPATH\CodeIgniter.php(904): App\Controllers\BaseController->initController(Object(CodeIgniter\HTTP\IncomingRequest), Object(CodeIgniter\HTTP\Response), Object(CodeIgniter\Log\Logger))
 2 SYSTEMPATH\CodeIgniter.php(498): CodeIgniter\CodeIgniter->createController()
 3 SYSTEMPATH\CodeIgniter.php(354): CodeIgniter\CodeIgniter->handleRequest(null, Object(Config\Cache), false)
 4 SYSTEMPATH\Boot.php(363): CodeIgniter\CodeIgniter->run()
 5 SYSTEMPATH\Boot.php(68): CodeIgniter\Boot::runCodeIgniter(Object(CodeIgniter\CodeIgniter))
 6 FCPATH\index.php(59): CodeIgniter\Boot::bootWeb(Object(Config\Paths))
 7 SYSTEMPATH\rewrite.php(44): require_once('C:\\Users\\Administrator\\Documents\\GITHUB\\KAPAL-FE-HTML\\home\\public\\index.php')
DEBUG - 2025-08-15 02:35:09 --> Session: Class initialized using 'CodeIgniter\Session\Handlers\FileHandler' driver.
WARNING - 2025-08-15 02:35:09 --> [DEPRECATED] Creation of dynamic property App\Controllers\Boats::$session is deprecated in APPPATH\Controllers\BaseController.php on line 53.
 1 SYSTEMPATH\CodeIgniter.php(904): App\Controllers\BaseController->initController(Object(CodeIgniter\HTTP\IncomingRequest), Object(CodeIgniter\HTTP\Response), Object(CodeIgniter\Log\Logger))
 2 SYSTEMPATH\CodeIgniter.php(498): CodeIgniter\CodeIgniter->createController()
 3 SYSTEMPATH\CodeIgniter.php(354): CodeIgniter\CodeIgniter->handleRequest(null, Object(Config\Cache), false)
 4 SYSTEMPATH\Boot.php(363): CodeIgniter\CodeIgniter->run()
 5 SYSTEMPATH\Boot.php(68): CodeIgniter\Boot::runCodeIgniter(Object(CodeIgniter\CodeIgniter))
 6 FCPATH\index.php(59): CodeIgniter\Boot::bootWeb(Object(Config\Paths))
 7 SYSTEMPATH\rewrite.php(44): require_once('C:\\Users\\Administrator\\Documents\\GITHUB\\KAPAL-FE-HTML\\home\\public\\index.php')
DEBUG - 2025-08-15 02:35:11 --> Session: Class initialized using 'CodeIgniter\Session\Handlers\FileHandler' driver.
WARNING - 2025-08-15 02:35:11 --> [DEPRECATED] Creation of dynamic property App\Controllers\Boats::$session is deprecated in APPPATH\Controllers\BaseController.php on line 53.
 1 SYSTEMPATH\CodeIgniter.php(904): App\Controllers\BaseController->initController(Object(CodeIgniter\HTTP\IncomingRequest), Object(CodeIgniter\HTTP\Response), Object(CodeIgniter\Log\Logger))
 2 SYSTEMPATH\CodeIgniter.php(498): CodeIgniter\CodeIgniter->createController()
 3 SYSTEMPATH\CodeIgniter.php(354): CodeIgniter\CodeIgniter->handleRequest(null, Object(Config\Cache), false)
 4 SYSTEMPATH\Boot.php(363): CodeIgniter\CodeIgniter->run()
 5 SYSTEMPATH\Boot.php(68): CodeIgniter\Boot::runCodeIgniter(Object(CodeIgniter\CodeIgniter))
 6 FCPATH\index.php(59): CodeIgniter\Boot::bootWeb(Object(Config\Paths))
 7 SYSTEMPATH\rewrite.php(44): require_once('C:\\Users\\Administrator\\Documents\\GITHUB\\KAPAL-FE-HTML\\home\\public\\index.php')
DEBUG - 2025-08-15 02:35:11 --> Session: Class initialized using 'CodeIgniter\Session\Handlers\FileHandler' driver.
WARNING - 2025-08-15 02:35:11 --> [DEPRECATED] Creation of dynamic property App\Controllers\Boats::$session is deprecated in APPPATH\Controllers\BaseController.php on line 53.
 1 SYSTEMPATH\CodeIgniter.php(904): App\Controllers\BaseController->initController(Object(CodeIgniter\HTTP\IncomingRequest), Object(CodeIgniter\HTTP\Response), Object(CodeIgniter\Log\Logger))
 2 SYSTEMPATH\CodeIgniter.php(498): CodeIgniter\CodeIgniter->createController()
 3 SYSTEMPATH\CodeIgniter.php(354): CodeIgniter\CodeIgniter->handleRequest(null, Object(Config\Cache), false)
 4 SYSTEMPATH\Boot.php(363): CodeIgniter\CodeIgniter->run()
 5 SYSTEMPATH\Boot.php(68): CodeIgniter\Boot::runCodeIgniter(Object(CodeIgniter\CodeIgniter))
 6 FCPATH\index.php(59): CodeIgniter\Boot::bootWeb(Object(Config\Paths))
 7 SYSTEMPATH\rewrite.php(44): require_once('C:\\Users\\Administrator\\Documents\\GITHUB\\KAPAL-FE-HTML\\home\\public\\index.php')
DEBUG - 2025-08-15 02:35:14 --> Session: Class initialized using 'CodeIgniter\Session\Handlers\FileHandler' driver.
WARNING - 2025-08-15 02:35:14 --> [DEPRECATED] Creation of dynamic property App\Controllers\Boats::$session is deprecated in APPPATH\Controllers\BaseController.php on line 53.
 1 SYSTEMPATH\CodeIgniter.php(904): App\Controllers\BaseController->initController(Object(CodeIgniter\HTTP\IncomingRequest), Object(CodeIgniter\HTTP\Response), Object(CodeIgniter\Log\Logger))
 2 SYSTEMPATH\CodeIgniter.php(498): CodeIgniter\CodeIgniter->createController()
 3 SYSTEMPATH\CodeIgniter.php(354): CodeIgniter\CodeIgniter->handleRequest(null, Object(Config\Cache), false)
 4 SYSTEMPATH\Boot.php(363): CodeIgniter\CodeIgniter->run()
 5 SYSTEMPATH\Boot.php(68): CodeIgniter\Boot::runCodeIgniter(Object(CodeIgniter\CodeIgniter))
 6 FCPATH\index.php(59): CodeIgniter\Boot::bootWeb(Object(Config\Paths))
 7 SYSTEMPATH\rewrite.php(44): require_once('C:\\Users\\Administrator\\Documents\\GITHUB\\KAPAL-FE-HTML\\home\\public\\index.php')
DEBUG - 2025-08-15 02:35:14 --> Session: Class initialized using 'CodeIgniter\Session\Handlers\FileHandler' driver.
WARNING - 2025-08-15 02:35:14 --> [DEPRECATED] Creation of dynamic property App\Controllers\Boats::$session is deprecated in APPPATH\Controllers\BaseController.php on line 53.
 1 SYSTEMPATH\CodeIgniter.php(904): App\Controllers\BaseController->initController(Object(CodeIgniter\HTTP\IncomingRequest), Object(CodeIgniter\HTTP\Response), Object(CodeIgniter\Log\Logger))
 2 SYSTEMPATH\CodeIgniter.php(498): CodeIgniter\CodeIgniter->createController()
 3 SYSTEMPATH\CodeIgniter.php(354): CodeIgniter\CodeIgniter->handleRequest(null, Object(Config\Cache), false)
 4 SYSTEMPATH\Boot.php(363): CodeIgniter\CodeIgniter->run()
 5 SYSTEMPATH\Boot.php(68): CodeIgniter\Boot::runCodeIgniter(Object(CodeIgniter\CodeIgniter))
 6 FCPATH\index.php(59): CodeIgniter\Boot::bootWeb(Object(Config\Paths))
 7 SYSTEMPATH\rewrite.php(44): require_once('C:\\Users\\Administrator\\Documents\\GITHUB\\KAPAL-FE-HTML\\home\\public\\index.php')
DEBUG - 2025-08-15 02:35:37 --> Session: Class initialized using 'CodeIgniter\Session\Handlers\FileHandler' driver.
WARNING - 2025-08-15 02:35:37 --> [DEPRECATED] Creation of dynamic property App\Controllers\Boats::$session is deprecated in APPPATH\Controllers\BaseController.php on line 53.
 1 SYSTEMPATH\CodeIgniter.php(904): App\Controllers\BaseController->initController(Object(CodeIgniter\HTTP\IncomingRequest), Object(CodeIgniter\HTTP\Response), Object(CodeIgniter\Log\Logger))
 2 SYSTEMPATH\CodeIgniter.php(498): CodeIgniter\CodeIgniter->createController()
 3 SYSTEMPATH\CodeIgniter.php(354): CodeIgniter\CodeIgniter->handleRequest(null, Object(Config\Cache), false)
 4 SYSTEMPATH\Boot.php(363): CodeIgniter\CodeIgniter->run()
 5 SYSTEMPATH\Boot.php(68): CodeIgniter\Boot::runCodeIgniter(Object(CodeIgniter\CodeIgniter))
 6 FCPATH\index.php(59): CodeIgniter\Boot::bootWeb(Object(Config\Paths))
 7 SYSTEMPATH\rewrite.php(44): require_once('C:\\Users\\Administrator\\Documents\\GITHUB\\KAPAL-FE-HTML\\home\\public\\index.php')
DEBUG - 2025-08-15 02:35:37 --> Session: Class initialized using 'CodeIgniter\Session\Handlers\FileHandler' driver.
WARNING - 2025-08-15 02:35:37 --> [DEPRECATED] Creation of dynamic property App\Controllers\Boats::$session is deprecated in APPPATH\Controllers\BaseController.php on line 53.
 1 SYSTEMPATH\CodeIgniter.php(904): App\Controllers\BaseController->initController(Object(CodeIgniter\HTTP\IncomingRequest), Object(CodeIgniter\HTTP\Response), Object(CodeIgniter\Log\Logger))
 2 SYSTEMPATH\CodeIgniter.php(498): CodeIgniter\CodeIgniter->createController()
 3 SYSTEMPATH\CodeIgniter.php(354): CodeIgniter\CodeIgniter->handleRequest(null, Object(Config\Cache), false)
 4 SYSTEMPATH\Boot.php(363): CodeIgniter\CodeIgniter->run()
 5 SYSTEMPATH\Boot.php(68): CodeIgniter\Boot::runCodeIgniter(Object(CodeIgniter\CodeIgniter))
 6 FCPATH\index.php(59): CodeIgniter\Boot::bootWeb(Object(Config\Paths))
 7 SYSTEMPATH\rewrite.php(44): require_once('C:\\Users\\Administrator\\Documents\\GITHUB\\KAPAL-FE-HTML\\home\\public\\index.php')
DEBUG - 2025-08-15 02:35:38 --> Session: Class initialized using 'CodeIgniter\Session\Handlers\FileHandler' driver.
WARNING - 2025-08-15 02:35:38 --> [DEPRECATED] Creation of dynamic property App\Controllers\Boats::$session is deprecated in APPPATH\Controllers\BaseController.php on line 53.
 1 SYSTEMPATH\CodeIgniter.php(904): App\Controllers\BaseController->initController(Object(CodeIgniter\HTTP\IncomingRequest), Object(CodeIgniter\HTTP\Response), Object(CodeIgniter\Log\Logger))
 2 SYSTEMPATH\CodeIgniter.php(498): CodeIgniter\CodeIgniter->createController()
 3 SYSTEMPATH\CodeIgniter.php(354): CodeIgniter\CodeIgniter->handleRequest(null, Object(Config\Cache), false)
 4 SYSTEMPATH\Boot.php(363): CodeIgniter\CodeIgniter->run()
 5 SYSTEMPATH\Boot.php(68): CodeIgniter\Boot::runCodeIgniter(Object(CodeIgniter\CodeIgniter))
 6 FCPATH\index.php(59): CodeIgniter\Boot::bootWeb(Object(Config\Paths))
 7 SYSTEMPATH\rewrite.php(44): require_once('C:\\Users\\Administrator\\Documents\\GITHUB\\KAPAL-FE-HTML\\home\\public\\index.php')
DEBUG - 2025-08-15 02:35:38 --> Session: Class initialized using 'CodeIgniter\Session\Handlers\FileHandler' driver.
WARNING - 2025-08-15 02:35:38 --> [DEPRECATED] Creation of dynamic property App\Controllers\Boats::$session is deprecated in APPPATH\Controllers\BaseController.php on line 53.
 1 SYSTEMPATH\CodeIgniter.php(904): App\Controllers\BaseController->initController(Object(CodeIgniter\HTTP\IncomingRequest), Object(CodeIgniter\HTTP\Response), Object(CodeIgniter\Log\Logger))
 2 SYSTEMPATH\CodeIgniter.php(498): CodeIgniter\CodeIgniter->createController()
 3 SYSTEMPATH\CodeIgniter.php(354): CodeIgniter\CodeIgniter->handleRequest(null, Object(Config\Cache), false)
 4 SYSTEMPATH\Boot.php(363): CodeIgniter\CodeIgniter->run()
 5 SYSTEMPATH\Boot.php(68): CodeIgniter\Boot::runCodeIgniter(Object(CodeIgniter\CodeIgniter))
 6 FCPATH\index.php(59): CodeIgniter\Boot::bootWeb(Object(Config\Paths))
 7 SYSTEMPATH\rewrite.php(44): require_once('C:\\Users\\Administrator\\Documents\\GITHUB\\KAPAL-FE-HTML\\home\\public\\index.php')
DEBUG - 2025-08-15 02:35:43 --> Session: Class initialized using 'CodeIgniter\Session\Handlers\FileHandler' driver.
WARNING - 2025-08-15 02:35:43 --> [DEPRECATED] Creation of dynamic property App\Controllers\Boats::$session is deprecated in APPPATH\Controllers\BaseController.php on line 53.
 1 SYSTEMPATH\CodeIgniter.php(904): App\Controllers\BaseController->initController(Object(CodeIgniter\HTTP\IncomingRequest), Object(CodeIgniter\HTTP\Response), Object(CodeIgniter\Log\Logger))
 2 SYSTEMPATH\CodeIgniter.php(498): CodeIgniter\CodeIgniter->createController()
 3 SYSTEMPATH\CodeIgniter.php(354): CodeIgniter\CodeIgniter->handleRequest(null, Object(Config\Cache), false)
 4 SYSTEMPATH\Boot.php(363): CodeIgniter\CodeIgniter->run()
 5 SYSTEMPATH\Boot.php(68): CodeIgniter\Boot::runCodeIgniter(Object(CodeIgniter\CodeIgniter))
 6 FCPATH\index.php(59): CodeIgniter\Boot::bootWeb(Object(Config\Paths))
 7 SYSTEMPATH\rewrite.php(44): require_once('C:\\Users\\Administrator\\Documents\\GITHUB\\KAPAL-FE-HTML\\home\\public\\index.php')
DEBUG - 2025-08-15 02:35:43 --> Session: Class initialized using 'CodeIgniter\Session\Handlers\FileHandler' driver.
WARNING - 2025-08-15 02:35:43 --> [DEPRECATED] Creation of dynamic property App\Controllers\Boats::$session is deprecated in APPPATH\Controllers\BaseController.php on line 53.
 1 SYSTEMPATH\CodeIgniter.php(904): App\Controllers\BaseController->initController(Object(CodeIgniter\HTTP\IncomingRequest), Object(CodeIgniter\HTTP\Response), Object(CodeIgniter\Log\Logger))
 2 SYSTEMPATH\CodeIgniter.php(498): CodeIgniter\CodeIgniter->createController()
 3 SYSTEMPATH\CodeIgniter.php(354): CodeIgniter\CodeIgniter->handleRequest(null, Object(Config\Cache), false)
 4 SYSTEMPATH\Boot.php(363): CodeIgniter\CodeIgniter->run()
 5 SYSTEMPATH\Boot.php(68): CodeIgniter\Boot::runCodeIgniter(Object(CodeIgniter\CodeIgniter))
 6 FCPATH\index.php(59): CodeIgniter\Boot::bootWeb(Object(Config\Paths))
 7 SYSTEMPATH\rewrite.php(44): require_once('C:\\Users\\Administrator\\Documents\\GITHUB\\KAPAL-FE-HTML\\home\\public\\index.php')
DEBUG - 2025-08-15 02:35:44 --> Session: Class initialized using 'CodeIgniter\Session\Handlers\FileHandler' driver.
WARNING - 2025-08-15 02:35:44 --> [DEPRECATED] Creation of dynamic property App\Controllers\Boats::$session is deprecated in APPPATH\Controllers\BaseController.php on line 53.
 1 SYSTEMPATH\CodeIgniter.php(904): App\Controllers\BaseController->initController(Object(CodeIgniter\HTTP\IncomingRequest), Object(CodeIgniter\HTTP\Response), Object(CodeIgniter\Log\Logger))
 2 SYSTEMPATH\CodeIgniter.php(498): CodeIgniter\CodeIgniter->createController()
 3 SYSTEMPATH\CodeIgniter.php(354): CodeIgniter\CodeIgniter->handleRequest(null, Object(Config\Cache), false)
 4 SYSTEMPATH\Boot.php(363): CodeIgniter\CodeIgniter->run()
 5 SYSTEMPATH\Boot.php(68): CodeIgniter\Boot::runCodeIgniter(Object(CodeIgniter\CodeIgniter))
 6 FCPATH\index.php(59): CodeIgniter\Boot::bootWeb(Object(Config\Paths))
 7 SYSTEMPATH\rewrite.php(44): require_once('C:\\Users\\Administrator\\Documents\\GITHUB\\KAPAL-FE-HTML\\home\\public\\index.php')
DEBUG - 2025-08-15 02:35:44 --> Session: Class initialized using 'CodeIgniter\Session\Handlers\FileHandler' driver.
WARNING - 2025-08-15 02:35:44 --> [DEPRECATED] Creation of dynamic property App\Controllers\Boats::$session is deprecated in APPPATH\Controllers\BaseController.php on line 53.
 1 SYSTEMPATH\CodeIgniter.php(904): App\Controllers\BaseController->initController(Object(CodeIgniter\HTTP\IncomingRequest), Object(CodeIgniter\HTTP\Response), Object(CodeIgniter\Log\Logger))
 2 SYSTEMPATH\CodeIgniter.php(498): CodeIgniter\CodeIgniter->createController()
 3 SYSTEMPATH\CodeIgniter.php(354): CodeIgniter\CodeIgniter->handleRequest(null, Object(Config\Cache), false)
 4 SYSTEMPATH\Boot.php(363): CodeIgniter\CodeIgniter->run()
 5 SYSTEMPATH\Boot.php(68): CodeIgniter\Boot::runCodeIgniter(Object(CodeIgniter\CodeIgniter))
 6 FCPATH\index.php(59): CodeIgniter\Boot::bootWeb(Object(Config\Paths))
 7 SYSTEMPATH\rewrite.php(44): require_once('C:\\Users\\Administrator\\Documents\\GITHUB\\KAPAL-FE-HTML\\home\\public\\index.php')
DEBUG - 2025-08-15 02:35:45 --> Session: Class initialized using 'CodeIgniter\Session\Handlers\FileHandler' driver.
WARNING - 2025-08-15 02:35:45 --> [DEPRECATED] Creation of dynamic property App\Controllers\Boats::$session is deprecated in APPPATH\Controllers\BaseController.php on line 53.
 1 SYSTEMPATH\CodeIgniter.php(904): App\Controllers\BaseController->initController(Object(CodeIgniter\HTTP\IncomingRequest), Object(CodeIgniter\HTTP\Response), Object(CodeIgniter\Log\Logger))
 2 SYSTEMPATH\CodeIgniter.php(498): CodeIgniter\CodeIgniter->createController()
 3 SYSTEMPATH\CodeIgniter.php(354): CodeIgniter\CodeIgniter->handleRequest(null, Object(Config\Cache), false)
 4 SYSTEMPATH\Boot.php(363): CodeIgniter\CodeIgniter->run()
 5 SYSTEMPATH\Boot.php(68): CodeIgniter\Boot::runCodeIgniter(Object(CodeIgniter\CodeIgniter))
 6 FCPATH\index.php(59): CodeIgniter\Boot::bootWeb(Object(Config\Paths))
 7 SYSTEMPATH\rewrite.php(44): require_once('C:\\Users\\Administrator\\Documents\\GITHUB\\KAPAL-FE-HTML\\home\\public\\index.php')
DEBUG - 2025-08-15 02:35:45 --> Session: Class initialized using 'CodeIgniter\Session\Handlers\FileHandler' driver.
WARNING - 2025-08-15 02:35:45 --> [DEPRECATED] Creation of dynamic property App\Controllers\Boats::$session is deprecated in APPPATH\Controllers\BaseController.php on line 53.
 1 SYSTEMPATH\CodeIgniter.php(904): App\Controllers\BaseController->initController(Object(CodeIgniter\HTTP\IncomingRequest), Object(CodeIgniter\HTTP\Response), Object(CodeIgniter\Log\Logger))
 2 SYSTEMPATH\CodeIgniter.php(498): CodeIgniter\CodeIgniter->createController()
 3 SYSTEMPATH\CodeIgniter.php(354): CodeIgniter\CodeIgniter->handleRequest(null, Object(Config\Cache), false)
 4 SYSTEMPATH\Boot.php(363): CodeIgniter\CodeIgniter->run()
 5 SYSTEMPATH\Boot.php(68): CodeIgniter\Boot::runCodeIgniter(Object(CodeIgniter\CodeIgniter))
 6 FCPATH\index.php(59): CodeIgniter\Boot::bootWeb(Object(Config\Paths))
 7 SYSTEMPATH\rewrite.php(44): require_once('C:\\Users\\Administrator\\Documents\\GITHUB\\KAPAL-FE-HTML\\home\\public\\index.php')
DEBUG - 2025-08-15 02:35:46 --> Session: Class initialized using 'CodeIgniter\Session\Handlers\FileHandler' driver.
WARNING - 2025-08-15 02:35:46 --> [DEPRECATED] Creation of dynamic property App\Controllers\Boats::$session is deprecated in APPPATH\Controllers\BaseController.php on line 53.
 1 SYSTEMPATH\CodeIgniter.php(904): App\Controllers\BaseController->initController(Object(CodeIgniter\HTTP\IncomingRequest), Object(CodeIgniter\HTTP\Response), Object(CodeIgniter\Log\Logger))
 2 SYSTEMPATH\CodeIgniter.php(498): CodeIgniter\CodeIgniter->createController()
 3 SYSTEMPATH\CodeIgniter.php(354): CodeIgniter\CodeIgniter->handleRequest(null, Object(Config\Cache), false)
 4 SYSTEMPATH\Boot.php(363): CodeIgniter\CodeIgniter->run()
 5 SYSTEMPATH\Boot.php(68): CodeIgniter\Boot::runCodeIgniter(Object(CodeIgniter\CodeIgniter))
 6 FCPATH\index.php(59): CodeIgniter\Boot::bootWeb(Object(Config\Paths))
 7 SYSTEMPATH\rewrite.php(44): require_once('C:\\Users\\Administrator\\Documents\\GITHUB\\KAPAL-FE-HTML\\home\\public\\index.php')
DEBUG - 2025-08-15 02:35:46 --> Session: Class initialized using 'CodeIgniter\Session\Handlers\FileHandler' driver.
WARNING - 2025-08-15 02:35:46 --> [DEPRECATED] Creation of dynamic property App\Controllers\Boats::$session is deprecated in APPPATH\Controllers\BaseController.php on line 53.
 1 SYSTEMPATH\CodeIgniter.php(904): App\Controllers\BaseController->initController(Object(CodeIgniter\HTTP\IncomingRequest), Object(CodeIgniter\HTTP\Response), Object(CodeIgniter\Log\Logger))
 2 SYSTEMPATH\CodeIgniter.php(498): CodeIgniter\CodeIgniter->createController()
 3 SYSTEMPATH\CodeIgniter.php(354): CodeIgniter\CodeIgniter->handleRequest(null, Object(Config\Cache), false)
 4 SYSTEMPATH\Boot.php(363): CodeIgniter\CodeIgniter->run()
 5 SYSTEMPATH\Boot.php(68): CodeIgniter\Boot::runCodeIgniter(Object(CodeIgniter\CodeIgniter))
 6 FCPATH\index.php(59): CodeIgniter\Boot::bootWeb(Object(Config\Paths))
 7 SYSTEMPATH\rewrite.php(44): require_once('C:\\Users\\Administrator\\Documents\\GITHUB\\KAPAL-FE-HTML\\home\\public\\index.php')
DEBUG - 2025-08-15 02:35:46 --> Session: Class initialized using 'CodeIgniter\Session\Handlers\FileHandler' driver.
WARNING - 2025-08-15 02:35:46 --> [DEPRECATED] Creation of dynamic property App\Controllers\Boats::$session is deprecated in APPPATH\Controllers\BaseController.php on line 53.
 1 SYSTEMPATH\CodeIgniter.php(904): App\Controllers\BaseController->initController(Object(CodeIgniter\HTTP\IncomingRequest), Object(CodeIgniter\HTTP\Response), Object(CodeIgniter\Log\Logger))
 2 SYSTEMPATH\CodeIgniter.php(498): CodeIgniter\CodeIgniter->createController()
 3 SYSTEMPATH\CodeIgniter.php(354): CodeIgniter\CodeIgniter->handleRequest(null, Object(Config\Cache), false)
 4 SYSTEMPATH\Boot.php(363): CodeIgniter\CodeIgniter->run()
 5 SYSTEMPATH\Boot.php(68): CodeIgniter\Boot::runCodeIgniter(Object(CodeIgniter\CodeIgniter))
 6 FCPATH\index.php(59): CodeIgniter\Boot::bootWeb(Object(Config\Paths))
 7 SYSTEMPATH\rewrite.php(44): require_once('C:\\Users\\Administrator\\Documents\\GITHUB\\KAPAL-FE-HTML\\home\\public\\index.php')
DEBUG - 2025-08-15 02:35:47 --> Session: Class initialized using 'CodeIgniter\Session\Handlers\FileHandler' driver.
WARNING - 2025-08-15 02:35:47 --> [DEPRECATED] Creation of dynamic property App\Controllers\Boats::$session is deprecated in APPPATH\Controllers\BaseController.php on line 53.
 1 SYSTEMPATH\CodeIgniter.php(904): App\Controllers\BaseController->initController(Object(CodeIgniter\HTTP\IncomingRequest), Object(CodeIgniter\HTTP\Response), Object(CodeIgniter\Log\Logger))
 2 SYSTEMPATH\CodeIgniter.php(498): CodeIgniter\CodeIgniter->createController()
 3 SYSTEMPATH\CodeIgniter.php(354): CodeIgniter\CodeIgniter->handleRequest(null, Object(Config\Cache), false)
 4 SYSTEMPATH\Boot.php(363): CodeIgniter\CodeIgniter->run()
 5 SYSTEMPATH\Boot.php(68): CodeIgniter\Boot::runCodeIgniter(Object(CodeIgniter\CodeIgniter))
 6 FCPATH\index.php(59): CodeIgniter\Boot::bootWeb(Object(Config\Paths))
 7 SYSTEMPATH\rewrite.php(44): require_once('C:\\Users\\Administrator\\Documents\\GITHUB\\KAPAL-FE-HTML\\home\\public\\index.php')
DEBUG - 2025-08-15 02:38:35 --> Session: Class initialized using 'CodeIgniter\Session\Handlers\FileHandler' driver.
WARNING - 2025-08-15 02:38:35 --> [DEPRECATED] Creation of dynamic property App\Controllers\Boats::$session is deprecated in APPPATH\Controllers\BaseController.php on line 53.
 1 SYSTEMPATH\CodeIgniter.php(904): App\Controllers\BaseController->initController(Object(CodeIgniter\HTTP\IncomingRequest), Object(CodeIgniter\HTTP\Response), Object(CodeIgniter\Log\Logger))
 2 SYSTEMPATH\CodeIgniter.php(498): CodeIgniter\CodeIgniter->createController()
 3 SYSTEMPATH\CodeIgniter.php(354): CodeIgniter\CodeIgniter->handleRequest(null, Object(Config\Cache), false)
 4 SYSTEMPATH\Boot.php(363): CodeIgniter\CodeIgniter->run()
 5 SYSTEMPATH\Boot.php(68): CodeIgniter\Boot::runCodeIgniter(Object(CodeIgniter\CodeIgniter))
 6 FCPATH\index.php(59): CodeIgniter\Boot::bootWeb(Object(Config\Paths))
 7 SYSTEMPATH\rewrite.php(44): require_once('C:\\Users\\Administrator\\Documents\\GITHUB\\KAPAL-FE-HTML\\home\\public\\index.php')
DEBUG - 2025-08-15 02:38:35 --> Session: Class initialized using 'CodeIgniter\Session\Handlers\FileHandler' driver.
WARNING - 2025-08-15 02:38:35 --> [DEPRECATED] Creation of dynamic property App\Controllers\Boats::$session is deprecated in APPPATH\Controllers\BaseController.php on line 53.
 1 SYSTEMPATH\CodeIgniter.php(904): App\Controllers\BaseController->initController(Object(CodeIgniter\HTTP\IncomingRequest), Object(CodeIgniter\HTTP\Response), Object(CodeIgniter\Log\Logger))
 2 SYSTEMPATH\CodeIgniter.php(498): CodeIgniter\CodeIgniter->createController()
 3 SYSTEMPATH\CodeIgniter.php(354): CodeIgniter\CodeIgniter->handleRequest(null, Object(Config\Cache), false)
 4 SYSTEMPATH\Boot.php(363): CodeIgniter\CodeIgniter->run()
 5 SYSTEMPATH\Boot.php(68): CodeIgniter\Boot::runCodeIgniter(Object(CodeIgniter\CodeIgniter))
 6 FCPATH\index.php(59): CodeIgniter\Boot::bootWeb(Object(Config\Paths))
 7 SYSTEMPATH\rewrite.php(44): require_once('C:\\Users\\Administrator\\Documents\\GITHUB\\KAPAL-FE-HTML\\home\\public\\index.php')
DEBUG - 2025-08-15 02:38:36 --> Session: Class initialized using 'CodeIgniter\Session\Handlers\FileHandler' driver.
WARNING - 2025-08-15 02:38:36 --> [DEPRECATED] Creation of dynamic property App\Controllers\Boats::$session is deprecated in APPPATH\Controllers\BaseController.php on line 53.
 1 SYSTEMPATH\CodeIgniter.php(904): App\Controllers\BaseController->initController(Object(CodeIgniter\HTTP\IncomingRequest), Object(CodeIgniter\HTTP\Response), Object(CodeIgniter\Log\Logger))
 2 SYSTEMPATH\CodeIgniter.php(498): CodeIgniter\CodeIgniter->createController()
 3 SYSTEMPATH\CodeIgniter.php(354): CodeIgniter\CodeIgniter->handleRequest(null, Object(Config\Cache), false)
 4 SYSTEMPATH\Boot.php(363): CodeIgniter\CodeIgniter->run()
 5 SYSTEMPATH\Boot.php(68): CodeIgniter\Boot::runCodeIgniter(Object(CodeIgniter\CodeIgniter))
 6 FCPATH\index.php(59): CodeIgniter\Boot::bootWeb(Object(Config\Paths))
 7 SYSTEMPATH\rewrite.php(44): require_once('C:\\Users\\Administrator\\Documents\\GITHUB\\KAPAL-FE-HTML\\home\\public\\index.php')
DEBUG - 2025-08-15 02:38:36 --> Session: Class initialized using 'CodeIgniter\Session\Handlers\FileHandler' driver.
WARNING - 2025-08-15 02:38:36 --> [DEPRECATED] Creation of dynamic property App\Controllers\Boats::$session is deprecated in APPPATH\Controllers\BaseController.php on line 53.
 1 SYSTEMPATH\CodeIgniter.php(904): App\Controllers\BaseController->initController(Object(CodeIgniter\HTTP\IncomingRequest), Object(CodeIgniter\HTTP\Response), Object(CodeIgniter\Log\Logger))
 2 SYSTEMPATH\CodeIgniter.php(498): CodeIgniter\CodeIgniter->createController()
 3 SYSTEMPATH\CodeIgniter.php(354): CodeIgniter\CodeIgniter->handleRequest(null, Object(Config\Cache), false)
 4 SYSTEMPATH\Boot.php(363): CodeIgniter\CodeIgniter->run()
 5 SYSTEMPATH\Boot.php(68): CodeIgniter\Boot::runCodeIgniter(Object(CodeIgniter\CodeIgniter))
 6 FCPATH\index.php(59): CodeIgniter\Boot::bootWeb(Object(Config\Paths))
 7 SYSTEMPATH\rewrite.php(44): require_once('C:\\Users\\Administrator\\Documents\\GITHUB\\KAPAL-FE-HTML\\home\\public\\index.php')
DEBUG - 2025-08-15 02:38:37 --> Session: Class initialized using 'CodeIgniter\Session\Handlers\FileHandler' driver.
WARNING - 2025-08-15 02:38:37 --> [DEPRECATED] Creation of dynamic property App\Controllers\Boats::$session is deprecated in APPPATH\Controllers\BaseController.php on line 53.
 1 SYSTEMPATH\CodeIgniter.php(904): App\Controllers\BaseController->initController(Object(CodeIgniter\HTTP\IncomingRequest), Object(CodeIgniter\HTTP\Response), Object(CodeIgniter\Log\Logger))
 2 SYSTEMPATH\CodeIgniter.php(498): CodeIgniter\CodeIgniter->createController()
 3 SYSTEMPATH\CodeIgniter.php(354): CodeIgniter\CodeIgniter->handleRequest(null, Object(Config\Cache), false)
 4 SYSTEMPATH\Boot.php(363): CodeIgniter\CodeIgniter->run()
 5 SYSTEMPATH\Boot.php(68): CodeIgniter\Boot::runCodeIgniter(Object(CodeIgniter\CodeIgniter))
 6 FCPATH\index.php(59): CodeIgniter\Boot::bootWeb(Object(Config\Paths))
 7 SYSTEMPATH\rewrite.php(44): require_once('C:\\Users\\Administrator\\Documents\\GITHUB\\KAPAL-FE-HTML\\home\\public\\index.php')
DEBUG - 2025-08-15 02:38:37 --> Session: Class initialized using 'CodeIgniter\Session\Handlers\FileHandler' driver.
WARNING - 2025-08-15 02:38:37 --> [DEPRECATED] Creation of dynamic property App\Controllers\Boats::$session is deprecated in APPPATH\Controllers\BaseController.php on line 53.
 1 SYSTEMPATH\CodeIgniter.php(904): App\Controllers\BaseController->initController(Object(CodeIgniter\HTTP\IncomingRequest), Object(CodeIgniter\HTTP\Response), Object(CodeIgniter\Log\Logger))
 2 SYSTEMPATH\CodeIgniter.php(498): CodeIgniter\CodeIgniter->createController()
 3 SYSTEMPATH\CodeIgniter.php(354): CodeIgniter\CodeIgniter->handleRequest(null, Object(Config\Cache), false)
 4 SYSTEMPATH\Boot.php(363): CodeIgniter\CodeIgniter->run()
 5 SYSTEMPATH\Boot.php(68): CodeIgniter\Boot::runCodeIgniter(Object(CodeIgniter\CodeIgniter))
 6 FCPATH\index.php(59): CodeIgniter\Boot::bootWeb(Object(Config\Paths))
 7 SYSTEMPATH\rewrite.php(44): require_once('C:\\Users\\Administrator\\Documents\\GITHUB\\KAPAL-FE-HTML\\home\\public\\index.php')
DEBUG - 2025-08-15 02:38:38 --> Session: Class initialized using 'CodeIgniter\Session\Handlers\FileHandler' driver.
WARNING - 2025-08-15 02:38:38 --> [DEPRECATED] Creation of dynamic property App\Controllers\Boats::$session is deprecated in APPPATH\Controllers\BaseController.php on line 53.
 1 SYSTEMPATH\CodeIgniter.php(904): App\Controllers\BaseController->initController(Object(CodeIgniter\HTTP\IncomingRequest), Object(CodeIgniter\HTTP\Response), Object(CodeIgniter\Log\Logger))
 2 SYSTEMPATH\CodeIgniter.php(498): CodeIgniter\CodeIgniter->createController()
 3 SYSTEMPATH\CodeIgniter.php(354): CodeIgniter\CodeIgniter->handleRequest(null, Object(Config\Cache), false)
 4 SYSTEMPATH\Boot.php(363): CodeIgniter\CodeIgniter->run()
 5 SYSTEMPATH\Boot.php(68): CodeIgniter\Boot::runCodeIgniter(Object(CodeIgniter\CodeIgniter))
 6 FCPATH\index.php(59): CodeIgniter\Boot::bootWeb(Object(Config\Paths))
 7 SYSTEMPATH\rewrite.php(44): require_once('C:\\Users\\Administrator\\Documents\\GITHUB\\KAPAL-FE-HTML\\home\\public\\index.php')
DEBUG - 2025-08-15 02:38:38 --> Session: Class initialized using 'CodeIgniter\Session\Handlers\FileHandler' driver.
WARNING - 2025-08-15 02:38:38 --> [DEPRECATED] Creation of dynamic property App\Controllers\Boats::$session is deprecated in APPPATH\Controllers\BaseController.php on line 53.
 1 SYSTEMPATH\CodeIgniter.php(904): App\Controllers\BaseController->initController(Object(CodeIgniter\HTTP\IncomingRequest), Object(CodeIgniter\HTTP\Response), Object(CodeIgniter\Log\Logger))
 2 SYSTEMPATH\CodeIgniter.php(498): CodeIgniter\CodeIgniter->createController()
 3 SYSTEMPATH\CodeIgniter.php(354): CodeIgniter\CodeIgniter->handleRequest(null, Object(Config\Cache), false)
 4 SYSTEMPATH\Boot.php(363): CodeIgniter\CodeIgniter->run()
 5 SYSTEMPATH\Boot.php(68): CodeIgniter\Boot::runCodeIgniter(Object(CodeIgniter\CodeIgniter))
 6 FCPATH\index.php(59): CodeIgniter\Boot::bootWeb(Object(Config\Paths))
 7 SYSTEMPATH\rewrite.php(44): require_once('C:\\Users\\Administrator\\Documents\\GITHUB\\KAPAL-FE-HTML\\home\\public\\index.php')
DEBUG - 2025-08-15 02:38:39 --> Session: Class initialized using 'CodeIgniter\Session\Handlers\FileHandler' driver.
WARNING - 2025-08-15 02:38:39 --> [DEPRECATED] Creation of dynamic property App\Controllers\Boats::$session is deprecated in APPPATH\Controllers\BaseController.php on line 53.
 1 SYSTEMPATH\CodeIgniter.php(904): App\Controllers\BaseController->initController(Object(CodeIgniter\HTTP\IncomingRequest), Object(CodeIgniter\HTTP\Response), Object(CodeIgniter\Log\Logger))
 2 SYSTEMPATH\CodeIgniter.php(498): CodeIgniter\CodeIgniter->createController()
 3 SYSTEMPATH\CodeIgniter.php(354): CodeIgniter\CodeIgniter->handleRequest(null, Object(Config\Cache), false)
 4 SYSTEMPATH\Boot.php(363): CodeIgniter\CodeIgniter->run()
 5 SYSTEMPATH\Boot.php(68): CodeIgniter\Boot::runCodeIgniter(Object(CodeIgniter\CodeIgniter))
 6 FCPATH\index.php(59): CodeIgniter\Boot::bootWeb(Object(Config\Paths))
 7 SYSTEMPATH\rewrite.php(44): require_once('C:\\Users\\Administrator\\Documents\\GITHUB\\KAPAL-FE-HTML\\home\\public\\index.php')
DEBUG - 2025-08-15 02:38:39 --> Session: Class initialized using 'CodeIgniter\Session\Handlers\FileHandler' driver.
WARNING - 2025-08-15 02:38:39 --> [DEPRECATED] Creation of dynamic property App\Controllers\Boats::$session is deprecated in APPPATH\Controllers\BaseController.php on line 53.
 1 SYSTEMPATH\CodeIgniter.php(904): App\Controllers\BaseController->initController(Object(CodeIgniter\HTTP\IncomingRequest), Object(CodeIgniter\HTTP\Response), Object(CodeIgniter\Log\Logger))
 2 SYSTEMPATH\CodeIgniter.php(498): CodeIgniter\CodeIgniter->createController()
 3 SYSTEMPATH\CodeIgniter.php(354): CodeIgniter\CodeIgniter->handleRequest(null, Object(Config\Cache), false)
 4 SYSTEMPATH\Boot.php(363): CodeIgniter\CodeIgniter->run()
 5 SYSTEMPATH\Boot.php(68): CodeIgniter\Boot::runCodeIgniter(Object(CodeIgniter\CodeIgniter))
 6 FCPATH\index.php(59): CodeIgniter\Boot::bootWeb(Object(Config\Paths))
 7 SYSTEMPATH\rewrite.php(44): require_once('C:\\Users\\Administrator\\Documents\\GITHUB\\KAPAL-FE-HTML\\home\\public\\index.php')
DEBUG - 2025-08-15 02:38:41 --> Session: Class initialized using 'CodeIgniter\Session\Handlers\FileHandler' driver.
WARNING - 2025-08-15 02:38:41 --> [DEPRECATED] Creation of dynamic property App\Controllers\Boats::$session is deprecated in APPPATH\Controllers\BaseController.php on line 53.
 1 SYSTEMPATH\CodeIgniter.php(904): App\Controllers\BaseController->initController(Object(CodeIgniter\HTTP\IncomingRequest), Object(CodeIgniter\HTTP\Response), Object(CodeIgniter\Log\Logger))
 2 SYSTEMPATH\CodeIgniter.php(498): CodeIgniter\CodeIgniter->createController()
 3 SYSTEMPATH\CodeIgniter.php(354): CodeIgniter\CodeIgniter->handleRequest(null, Object(Config\Cache), false)
 4 SYSTEMPATH\Boot.php(363): CodeIgniter\CodeIgniter->run()
 5 SYSTEMPATH\Boot.php(68): CodeIgniter\Boot::runCodeIgniter(Object(CodeIgniter\CodeIgniter))
 6 FCPATH\index.php(59): CodeIgniter\Boot::bootWeb(Object(Config\Paths))
 7 SYSTEMPATH\rewrite.php(44): require_once('C:\\Users\\Administrator\\Documents\\GITHUB\\KAPAL-FE-HTML\\home\\public\\index.php')
DEBUG - 2025-08-15 02:38:41 --> Session: Class initialized using 'CodeIgniter\Session\Handlers\FileHandler' driver.
WARNING - 2025-08-15 02:38:41 --> [DEPRECATED] Creation of dynamic property App\Controllers\Boats::$session is deprecated in APPPATH\Controllers\BaseController.php on line 53.
 1 SYSTEMPATH\CodeIgniter.php(904): App\Controllers\BaseController->initController(Object(CodeIgniter\HTTP\IncomingRequest), Object(CodeIgniter\HTTP\Response), Object(CodeIgniter\Log\Logger))
 2 SYSTEMPATH\CodeIgniter.php(498): CodeIgniter\CodeIgniter->createController()
 3 SYSTEMPATH\CodeIgniter.php(354): CodeIgniter\CodeIgniter->handleRequest(null, Object(Config\Cache), false)
 4 SYSTEMPATH\Boot.php(363): CodeIgniter\CodeIgniter->run()
 5 SYSTEMPATH\Boot.php(68): CodeIgniter\Boot::runCodeIgniter(Object(CodeIgniter\CodeIgniter))
 6 FCPATH\index.php(59): CodeIgniter\Boot::bootWeb(Object(Config\Paths))
 7 SYSTEMPATH\rewrite.php(44): require_once('C:\\Users\\Administrator\\Documents\\GITHUB\\KAPAL-FE-HTML\\home\\public\\index.php')
DEBUG - 2025-08-15 02:39:09 --> Session: Class initialized using 'CodeIgniter\Session\Handlers\FileHandler' driver.
WARNING - 2025-08-15 02:39:09 --> [DEPRECATED] Creation of dynamic property App\Controllers\Boats::$session is deprecated in APPPATH\Controllers\BaseController.php on line 53.
 1 SYSTEMPATH\CodeIgniter.php(904): App\Controllers\BaseController->initController(Object(CodeIgniter\HTTP\IncomingRequest), Object(CodeIgniter\HTTP\Response), Object(CodeIgniter\Log\Logger))
 2 SYSTEMPATH\CodeIgniter.php(498): CodeIgniter\CodeIgniter->createController()
 3 SYSTEMPATH\CodeIgniter.php(354): CodeIgniter\CodeIgniter->handleRequest(null, Object(Config\Cache), false)
 4 SYSTEMPATH\Boot.php(363): CodeIgniter\CodeIgniter->run()
 5 SYSTEMPATH\Boot.php(68): CodeIgniter\Boot::runCodeIgniter(Object(CodeIgniter\CodeIgniter))
 6 FCPATH\index.php(59): CodeIgniter\Boot::bootWeb(Object(Config\Paths))
 7 SYSTEMPATH\rewrite.php(44): require_once('C:\\Users\\Administrator\\Documents\\GITHUB\\KAPAL-FE-HTML\\home\\public\\index.php')
DEBUG - 2025-08-15 02:39:10 --> Session: Class initialized using 'CodeIgniter\Session\Handlers\FileHandler' driver.
WARNING - 2025-08-15 02:39:10 --> [DEPRECATED] Creation of dynamic property App\Controllers\Boats::$session is deprecated in APPPATH\Controllers\BaseController.php on line 53.
 1 SYSTEMPATH\CodeIgniter.php(904): App\Controllers\BaseController->initController(Object(CodeIgniter\HTTP\IncomingRequest), Object(CodeIgniter\HTTP\Response), Object(CodeIgniter\Log\Logger))
 2 SYSTEMPATH\CodeIgniter.php(498): CodeIgniter\CodeIgniter->createController()
 3 SYSTEMPATH\CodeIgniter.php(354): CodeIgniter\CodeIgniter->handleRequest(null, Object(Config\Cache), false)
 4 SYSTEMPATH\Boot.php(363): CodeIgniter\CodeIgniter->run()
 5 SYSTEMPATH\Boot.php(68): CodeIgniter\Boot::runCodeIgniter(Object(CodeIgniter\CodeIgniter))
 6 FCPATH\index.php(59): CodeIgniter\Boot::bootWeb(Object(Config\Paths))
 7 SYSTEMPATH\rewrite.php(44): require_once('C:\\Users\\Administrator\\Documents\\GITHUB\\KAPAL-FE-HTML\\home\\public\\index.php')
DEBUG - 2025-08-15 02:39:11 --> Session: Class initialized using 'CodeIgniter\Session\Handlers\FileHandler' driver.
WARNING - 2025-08-15 02:39:11 --> [DEPRECATED] Creation of dynamic property App\Controllers\Boats::$session is deprecated in APPPATH\Controllers\BaseController.php on line 53.
 1 SYSTEMPATH\CodeIgniter.php(904): App\Controllers\BaseController->initController(Object(CodeIgniter\HTTP\IncomingRequest), Object(CodeIgniter\HTTP\Response), Object(CodeIgniter\Log\Logger))
 2 SYSTEMPATH\CodeIgniter.php(498): CodeIgniter\CodeIgniter->createController()
 3 SYSTEMPATH\CodeIgniter.php(354): CodeIgniter\CodeIgniter->handleRequest(null, Object(Config\Cache), false)
 4 SYSTEMPATH\Boot.php(363): CodeIgniter\CodeIgniter->run()
 5 SYSTEMPATH\Boot.php(68): CodeIgniter\Boot::runCodeIgniter(Object(CodeIgniter\CodeIgniter))
 6 FCPATH\index.php(59): CodeIgniter\Boot::bootWeb(Object(Config\Paths))
 7 SYSTEMPATH\rewrite.php(44): require_once('C:\\Users\\Administrator\\Documents\\GITHUB\\KAPAL-FE-HTML\\home\\public\\index.php')
DEBUG - 2025-08-15 02:39:11 --> Session: Class initialized using 'CodeIgniter\Session\Handlers\FileHandler' driver.
WARNING - 2025-08-15 02:39:11 --> [DEPRECATED] Creation of dynamic property App\Controllers\Boats::$session is deprecated in APPPATH\Controllers\BaseController.php on line 53.
 1 SYSTEMPATH\CodeIgniter.php(904): App\Controllers\BaseController->initController(Object(CodeIgniter\HTTP\IncomingRequest), Object(CodeIgniter\HTTP\Response), Object(CodeIgniter\Log\Logger))
 2 SYSTEMPATH\CodeIgniter.php(498): CodeIgniter\CodeIgniter->createController()
 3 SYSTEMPATH\CodeIgniter.php(354): CodeIgniter\CodeIgniter->handleRequest(null, Object(Config\Cache), false)
 4 SYSTEMPATH\Boot.php(363): CodeIgniter\CodeIgniter->run()
 5 SYSTEMPATH\Boot.php(68): CodeIgniter\Boot::runCodeIgniter(Object(CodeIgniter\CodeIgniter))
 6 FCPATH\index.php(59): CodeIgniter\Boot::bootWeb(Object(Config\Paths))
 7 SYSTEMPATH\rewrite.php(44): require_once('C:\\Users\\Administrator\\Documents\\GITHUB\\KAPAL-FE-HTML\\home\\public\\index.php')
DEBUG - 2025-08-15 02:39:12 --> Session: Class initialized using 'CodeIgniter\Session\Handlers\FileHandler' driver.
WARNING - 2025-08-15 02:39:12 --> [DEPRECATED] Creation of dynamic property App\Controllers\Boats::$session is deprecated in APPPATH\Controllers\BaseController.php on line 53.
 1 SYSTEMPATH\CodeIgniter.php(904): App\Controllers\BaseController->initController(Object(CodeIgniter\HTTP\IncomingRequest), Object(CodeIgniter\HTTP\Response), Object(CodeIgniter\Log\Logger))
 2 SYSTEMPATH\CodeIgniter.php(498): CodeIgniter\CodeIgniter->createController()
 3 SYSTEMPATH\CodeIgniter.php(354): CodeIgniter\CodeIgniter->handleRequest(null, Object(Config\Cache), false)
 4 SYSTEMPATH\Boot.php(363): CodeIgniter\CodeIgniter->run()
 5 SYSTEMPATH\Boot.php(68): CodeIgniter\Boot::runCodeIgniter(Object(CodeIgniter\CodeIgniter))
 6 FCPATH\index.php(59): CodeIgniter\Boot::bootWeb(Object(Config\Paths))
 7 SYSTEMPATH\rewrite.php(44): require_once('C:\\Users\\Administrator\\Documents\\GITHUB\\KAPAL-FE-HTML\\home\\public\\index.php')
DEBUG - 2025-08-15 02:39:12 --> Session: Class initialized using 'CodeIgniter\Session\Handlers\FileHandler' driver.
WARNING - 2025-08-15 02:39:12 --> [DEPRECATED] Creation of dynamic property App\Controllers\Boats::$session is deprecated in APPPATH\Controllers\BaseController.php on line 53.
 1 SYSTEMPATH\CodeIgniter.php(904): App\Controllers\BaseController->initController(Object(CodeIgniter\HTTP\IncomingRequest), Object(CodeIgniter\HTTP\Response), Object(CodeIgniter\Log\Logger))
 2 SYSTEMPATH\CodeIgniter.php(498): CodeIgniter\CodeIgniter->createController()
 3 SYSTEMPATH\CodeIgniter.php(354): CodeIgniter\CodeIgniter->handleRequest(null, Object(Config\Cache), false)
 4 SYSTEMPATH\Boot.php(363): CodeIgniter\CodeIgniter->run()
 5 SYSTEMPATH\Boot.php(68): CodeIgniter\Boot::runCodeIgniter(Object(CodeIgniter\CodeIgniter))
 6 FCPATH\index.php(59): CodeIgniter\Boot::bootWeb(Object(Config\Paths))
 7 SYSTEMPATH\rewrite.php(44): require_once('C:\\Users\\Administrator\\Documents\\GITHUB\\KAPAL-FE-HTML\\home\\public\\index.php')
DEBUG - 2025-08-15 02:39:13 --> Session: Class initialized using 'CodeIgniter\Session\Handlers\FileHandler' driver.
WARNING - 2025-08-15 02:39:13 --> [DEPRECATED] Creation of dynamic property App\Controllers\Boats::$session is deprecated in APPPATH\Controllers\BaseController.php on line 53.
 1 SYSTEMPATH\CodeIgniter.php(904): App\Controllers\BaseController->initController(Object(CodeIgniter\HTTP\IncomingRequest), Object(CodeIgniter\HTTP\Response), Object(CodeIgniter\Log\Logger))
 2 SYSTEMPATH\CodeIgniter.php(498): CodeIgniter\CodeIgniter->createController()
 3 SYSTEMPATH\CodeIgniter.php(354): CodeIgniter\CodeIgniter->handleRequest(null, Object(Config\Cache), false)
 4 SYSTEMPATH\Boot.php(363): CodeIgniter\CodeIgniter->run()
 5 SYSTEMPATH\Boot.php(68): CodeIgniter\Boot::runCodeIgniter(Object(CodeIgniter\CodeIgniter))
 6 FCPATH\index.php(59): CodeIgniter\Boot::bootWeb(Object(Config\Paths))
 7 SYSTEMPATH\rewrite.php(44): require_once('C:\\Users\\Administrator\\Documents\\GITHUB\\KAPAL-FE-HTML\\home\\public\\index.php')
DEBUG - 2025-08-15 02:39:13 --> Session: Class initialized using 'CodeIgniter\Session\Handlers\FileHandler' driver.
WARNING - 2025-08-15 02:39:13 --> [DEPRECATED] Creation of dynamic property App\Controllers\Boats::$session is deprecated in APPPATH\Controllers\BaseController.php on line 53.
 1 SYSTEMPATH\CodeIgniter.php(904): App\Controllers\BaseController->initController(Object(CodeIgniter\HTTP\IncomingRequest), Object(CodeIgniter\HTTP\Response), Object(CodeIgniter\Log\Logger))
 2 SYSTEMPATH\CodeIgniter.php(498): CodeIgniter\CodeIgniter->createController()
 3 SYSTEMPATH\CodeIgniter.php(354): CodeIgniter\CodeIgniter->handleRequest(null, Object(Config\Cache), false)
 4 SYSTEMPATH\Boot.php(363): CodeIgniter\CodeIgniter->run()
 5 SYSTEMPATH\Boot.php(68): CodeIgniter\Boot::runCodeIgniter(Object(CodeIgniter\CodeIgniter))
 6 FCPATH\index.php(59): CodeIgniter\Boot::bootWeb(Object(Config\Paths))
 7 SYSTEMPATH\rewrite.php(44): require_once('C:\\Users\\Administrator\\Documents\\GITHUB\\KAPAL-FE-HTML\\home\\public\\index.php')
DEBUG - 2025-08-15 02:39:15 --> Session: Class initialized using 'CodeIgniter\Session\Handlers\FileHandler' driver.
WARNING - 2025-08-15 02:39:15 --> [DEPRECATED] Creation of dynamic property App\Controllers\Boats::$session is deprecated in APPPATH\Controllers\BaseController.php on line 53.
 1 SYSTEMPATH\CodeIgniter.php(904): App\Controllers\BaseController->initController(Object(CodeIgniter\HTTP\IncomingRequest), Object(CodeIgniter\HTTP\Response), Object(CodeIgniter\Log\Logger))
 2 SYSTEMPATH\CodeIgniter.php(498): CodeIgniter\CodeIgniter->createController()
 3 SYSTEMPATH\CodeIgniter.php(354): CodeIgniter\CodeIgniter->handleRequest(null, Object(Config\Cache), false)
 4 SYSTEMPATH\Boot.php(363): CodeIgniter\CodeIgniter->run()
 5 SYSTEMPATH\Boot.php(68): CodeIgniter\Boot::runCodeIgniter(Object(CodeIgniter\CodeIgniter))
 6 FCPATH\index.php(59): CodeIgniter\Boot::bootWeb(Object(Config\Paths))
 7 SYSTEMPATH\rewrite.php(44): require_once('C:\\Users\\Administrator\\Documents\\GITHUB\\KAPAL-FE-HTML\\home\\public\\index.php')
DEBUG - 2025-08-15 02:39:15 --> Session: Class initialized using 'CodeIgniter\Session\Handlers\FileHandler' driver.
WARNING - 2025-08-15 02:39:15 --> [DEPRECATED] Creation of dynamic property App\Controllers\Boats::$session is deprecated in APPPATH\Controllers\BaseController.php on line 53.
 1 SYSTEMPATH\CodeIgniter.php(904): App\Controllers\BaseController->initController(Object(CodeIgniter\HTTP\IncomingRequest), Object(CodeIgniter\HTTP\Response), Object(CodeIgniter\Log\Logger))
 2 SYSTEMPATH\CodeIgniter.php(498): CodeIgniter\CodeIgniter->createController()
 3 SYSTEMPATH\CodeIgniter.php(354): CodeIgniter\CodeIgniter->handleRequest(null, Object(Config\Cache), false)
 4 SYSTEMPATH\Boot.php(363): CodeIgniter\CodeIgniter->run()
 5 SYSTEMPATH\Boot.php(68): CodeIgniter\Boot::runCodeIgniter(Object(CodeIgniter\CodeIgniter))
 6 FCPATH\index.php(59): CodeIgniter\Boot::bootWeb(Object(Config\Paths))
 7 SYSTEMPATH\rewrite.php(44): require_once('C:\\Users\\Administrator\\Documents\\GITHUB\\KAPAL-FE-HTML\\home\\public\\index.php')
DEBUG - 2025-08-15 02:44:54 --> Session: Class initialized using 'CodeIgniter\Session\Handlers\FileHandler' driver.
WARNING - 2025-08-15 02:44:54 --> [DEPRECATED] Creation of dynamic property App\Controllers\Boats::$session is deprecated in APPPATH\Controllers\BaseController.php on line 53.
 1 SYSTEMPATH\CodeIgniter.php(904): App\Controllers\BaseController->initController(Object(CodeIgniter\HTTP\IncomingRequest), Object(CodeIgniter\HTTP\Response), Object(CodeIgniter\Log\Logger))
 2 SYSTEMPATH\CodeIgniter.php(498): CodeIgniter\CodeIgniter->createController()
 3 SYSTEMPATH\CodeIgniter.php(354): CodeIgniter\CodeIgniter->handleRequest(null, Object(Config\Cache), false)
 4 SYSTEMPATH\Boot.php(363): CodeIgniter\CodeIgniter->run()
 5 SYSTEMPATH\Boot.php(68): CodeIgniter\Boot::runCodeIgniter(Object(CodeIgniter\CodeIgniter))
 6 FCPATH\index.php(59): CodeIgniter\Boot::bootWeb(Object(Config\Paths))
 7 SYSTEMPATH\rewrite.php(44): require_once('C:\\Users\\Administrator\\Documents\\GITHUB\\KAPAL-FE-HTML\\home\\public\\index.php')
DEBUG - 2025-08-15 02:44:54 --> Session: Class initialized using 'CodeIgniter\Session\Handlers\FileHandler' driver.
WARNING - 2025-08-15 02:44:54 --> [DEPRECATED] Creation of dynamic property App\Controllers\Boats::$session is deprecated in APPPATH\Controllers\BaseController.php on line 53.
 1 SYSTEMPATH\CodeIgniter.php(904): App\Controllers\BaseController->initController(Object(CodeIgniter\HTTP\IncomingRequest), Object(CodeIgniter\HTTP\Response), Object(CodeIgniter\Log\Logger))
 2 SYSTEMPATH\CodeIgniter.php(498): CodeIgniter\CodeIgniter->createController()
 3 SYSTEMPATH\CodeIgniter.php(354): CodeIgniter\CodeIgniter->handleRequest(null, Object(Config\Cache), false)
 4 SYSTEMPATH\Boot.php(363): CodeIgniter\CodeIgniter->run()
 5 SYSTEMPATH\Boot.php(68): CodeIgniter\Boot::runCodeIgniter(Object(CodeIgniter\CodeIgniter))
 6 FCPATH\index.php(59): CodeIgniter\Boot::bootWeb(Object(Config\Paths))
 7 SYSTEMPATH\rewrite.php(44): require_once('C:\\Users\\Administrator\\Documents\\GITHUB\\KAPAL-FE-HTML\\home\\public\\index.php')
DEBUG - 2025-08-15 03:01:55 --> Session: Class initialized using 'CodeIgniter\Session\Handlers\FileHandler' driver.
WARNING - 2025-08-15 03:01:55 --> [DEPRECATED] Creation of dynamic property App\Controllers\Boats::$session is deprecated in APPPATH\Controllers\BaseController.php on line 53.
 1 SYSTEMPATH\CodeIgniter.php(904): App\Controllers\BaseController->initController(Object(CodeIgniter\HTTP\IncomingRequest), Object(CodeIgniter\HTTP\Response), Object(CodeIgniter\Log\Logger))
 2 SYSTEMPATH\CodeIgniter.php(498): CodeIgniter\CodeIgniter->createController()
 3 SYSTEMPATH\CodeIgniter.php(354): CodeIgniter\CodeIgniter->handleRequest(null, Object(Config\Cache), false)
 4 SYSTEMPATH\Boot.php(363): CodeIgniter\CodeIgniter->run()
 5 SYSTEMPATH\Boot.php(68): CodeIgniter\Boot::runCodeIgniter(Object(CodeIgniter\CodeIgniter))
 6 FCPATH\index.php(59): CodeIgniter\Boot::bootWeb(Object(Config\Paths))
 7 SYSTEMPATH\rewrite.php(44): require_once('C:\\Users\\Administrator\\Documents\\GITHUB\\KAPAL-FE-HTML\\home\\public\\index.php')
DEBUG - 2025-08-15 03:01:56 --> Session: Class initialized using 'CodeIgniter\Session\Handlers\FileHandler' driver.
WARNING - 2025-08-15 03:01:56 --> [DEPRECATED] Creation of dynamic property App\Controllers\Boats::$session is deprecated in APPPATH\Controllers\BaseController.php on line 53.
 1 SYSTEMPATH\CodeIgniter.php(904): App\Controllers\BaseController->initController(Object(CodeIgniter\HTTP\IncomingRequest), Object(CodeIgniter\HTTP\Response), Object(CodeIgniter\Log\Logger))
 2 SYSTEMPATH\CodeIgniter.php(498): CodeIgniter\CodeIgniter->createController()
 3 SYSTEMPATH\CodeIgniter.php(354): CodeIgniter\CodeIgniter->handleRequest(null, Object(Config\Cache), false)
 4 SYSTEMPATH\Boot.php(363): CodeIgniter\CodeIgniter->run()
 5 SYSTEMPATH\Boot.php(68): CodeIgniter\Boot::runCodeIgniter(Object(CodeIgniter\CodeIgniter))
 6 FCPATH\index.php(59): CodeIgniter\Boot::bootWeb(Object(Config\Paths))
 7 SYSTEMPATH\rewrite.php(44): require_once('C:\\Users\\Administrator\\Documents\\GITHUB\\KAPAL-FE-HTML\\home\\public\\index.php')
DEBUG - 2025-08-15 03:01:56 --> Session: Class initialized using 'CodeIgniter\Session\Handlers\FileHandler' driver.
WARNING - 2025-08-15 03:01:56 --> [DEPRECATED] Creation of dynamic property App\Controllers\Boats::$session is deprecated in APPPATH\Controllers\BaseController.php on line 53.
 1 SYSTEMPATH\CodeIgniter.php(904): App\Controllers\BaseController->initController(Object(CodeIgniter\HTTP\IncomingRequest), Object(CodeIgniter\HTTP\Response), Object(CodeIgniter\Log\Logger))
 2 SYSTEMPATH\CodeIgniter.php(498): CodeIgniter\CodeIgniter->createController()
 3 SYSTEMPATH\CodeIgniter.php(354): CodeIgniter\CodeIgniter->handleRequest(null, Object(Config\Cache), false)
 4 SYSTEMPATH\Boot.php(363): CodeIgniter\CodeIgniter->run()
 5 SYSTEMPATH\Boot.php(68): CodeIgniter\Boot::runCodeIgniter(Object(CodeIgniter\CodeIgniter))
 6 FCPATH\index.php(59): CodeIgniter\Boot::bootWeb(Object(Config\Paths))
 7 SYSTEMPATH\rewrite.php(44): require_once('C:\\Users\\Administrator\\Documents\\GITHUB\\KAPAL-FE-HTML\\home\\public\\index.php')
DEBUG - 2025-08-15 03:01:58 --> Session: Class initialized using 'CodeIgniter\Session\Handlers\FileHandler' driver.
WARNING - 2025-08-15 03:01:58 --> [DEPRECATED] Creation of dynamic property App\Controllers\Boats::$session is deprecated in APPPATH\Controllers\BaseController.php on line 53.
 1 SYSTEMPATH\CodeIgniter.php(904): App\Controllers\BaseController->initController(Object(CodeIgniter\HTTP\IncomingRequest), Object(CodeIgniter\HTTP\Response), Object(CodeIgniter\Log\Logger))
 2 SYSTEMPATH\CodeIgniter.php(498): CodeIgniter\CodeIgniter->createController()
 3 SYSTEMPATH\CodeIgniter.php(354): CodeIgniter\CodeIgniter->handleRequest(null, Object(Config\Cache), false)
 4 SYSTEMPATH\Boot.php(363): CodeIgniter\CodeIgniter->run()
 5 SYSTEMPATH\Boot.php(68): CodeIgniter\Boot::runCodeIgniter(Object(CodeIgniter\CodeIgniter))
 6 FCPATH\index.php(59): CodeIgniter\Boot::bootWeb(Object(Config\Paths))
 7 SYSTEMPATH\rewrite.php(44): require_once('C:\\Users\\Administrator\\Documents\\GITHUB\\KAPAL-FE-HTML\\home\\public\\index.php')
DEBUG - 2025-08-15 03:01:58 --> Session: Class initialized using 'CodeIgniter\Session\Handlers\FileHandler' driver.
WARNING - 2025-08-15 03:01:58 --> [DEPRECATED] Creation of dynamic property App\Controllers\Boats::$session is deprecated in APPPATH\Controllers\BaseController.php on line 53.
 1 SYSTEMPATH\CodeIgniter.php(904): App\Controllers\BaseController->initController(Object(CodeIgniter\HTTP\IncomingRequest), Object(CodeIgniter\HTTP\Response), Object(CodeIgniter\Log\Logger))
 2 SYSTEMPATH\CodeIgniter.php(498): CodeIgniter\CodeIgniter->createController()
 3 SYSTEMPATH\CodeIgniter.php(354): CodeIgniter\CodeIgniter->handleRequest(null, Object(Config\Cache), false)
 4 SYSTEMPATH\Boot.php(363): CodeIgniter\CodeIgniter->run()
 5 SYSTEMPATH\Boot.php(68): CodeIgniter\Boot::runCodeIgniter(Object(CodeIgniter\CodeIgniter))
 6 FCPATH\index.php(59): CodeIgniter\Boot::bootWeb(Object(Config\Paths))
 7 SYSTEMPATH\rewrite.php(44): require_once('C:\\Users\\Administrator\\Documents\\GITHUB\\KAPAL-FE-HTML\\home\\public\\index.php')
DEBUG - 2025-08-15 03:02:02 --> Session: Class initialized using 'CodeIgniter\Session\Handlers\FileHandler' driver.
WARNING - 2025-08-15 03:02:02 --> [DEPRECATED] Creation of dynamic property App\Controllers\Boats::$session is deprecated in APPPATH\Controllers\BaseController.php on line 53.
 1 SYSTEMPATH\CodeIgniter.php(904): App\Controllers\BaseController->initController(Object(CodeIgniter\HTTP\IncomingRequest), Object(CodeIgniter\HTTP\Response), Object(CodeIgniter\Log\Logger))
 2 SYSTEMPATH\CodeIgniter.php(498): CodeIgniter\CodeIgniter->createController()
 3 SYSTEMPATH\CodeIgniter.php(354): CodeIgniter\CodeIgniter->handleRequest(null, Object(Config\Cache), false)
 4 SYSTEMPATH\Boot.php(363): CodeIgniter\CodeIgniter->run()
 5 SYSTEMPATH\Boot.php(68): CodeIgniter\Boot::runCodeIgniter(Object(CodeIgniter\CodeIgniter))
 6 FCPATH\index.php(59): CodeIgniter\Boot::bootWeb(Object(Config\Paths))
 7 SYSTEMPATH\rewrite.php(44): require_once('C:\\Users\\Administrator\\Documents\\GITHUB\\KAPAL-FE-HTML\\home\\public\\index.php')
DEBUG - 2025-08-15 03:02:03 --> Session: Class initialized using 'CodeIgniter\Session\Handlers\FileHandler' driver.
WARNING - 2025-08-15 03:02:03 --> [DEPRECATED] Creation of dynamic property App\Controllers\Boats::$session is deprecated in APPPATH\Controllers\BaseController.php on line 53.
 1 SYSTEMPATH\CodeIgniter.php(904): App\Controllers\BaseController->initController(Object(CodeIgniter\HTTP\IncomingRequest), Object(CodeIgniter\HTTP\Response), Object(CodeIgniter\Log\Logger))
 2 SYSTEMPATH\CodeIgniter.php(498): CodeIgniter\CodeIgniter->createController()
 3 SYSTEMPATH\CodeIgniter.php(354): CodeIgniter\CodeIgniter->handleRequest(null, Object(Config\Cache), false)
 4 SYSTEMPATH\Boot.php(363): CodeIgniter\CodeIgniter->run()
 5 SYSTEMPATH\Boot.php(68): CodeIgniter\Boot::runCodeIgniter(Object(CodeIgniter\CodeIgniter))
 6 FCPATH\index.php(59): CodeIgniter\Boot::bootWeb(Object(Config\Paths))
 7 SYSTEMPATH\rewrite.php(44): require_once('C:\\Users\\Administrator\\Documents\\GITHUB\\KAPAL-FE-HTML\\home\\public\\index.php')
DEBUG - 2025-08-15 03:04:28 --> Session: Class initialized using 'CodeIgniter\Session\Handlers\FileHandler' driver.
CRITICAL - 2025-08-15 03:04:28 --> ParseError: syntax error, unexpected token "public", expecting end of file
[Method: GET, Route: boats/my-open-trip-requests]
in APPPATH\Controllers\Boats.php on line 288.
 1 VENDORPATH\composer\ClassLoader.php(427): Composer\Autoload\{closure}('C:\\Users\\Administrator\\Documents\\GITHUB\\KAPAL-FE-HTML\\home\\vendor\\composer/../../app/Controllers/Boats.php')
 2 [internal function]: Composer\Autoload\ClassLoader->loadClass('App\\Controllers\\Boats')
 3 SYSTEMPATH\CodeIgniter.php(885): class_exists('\\App\\Controllers\\Boats', true)
 4 SYSTEMPATH\CodeIgniter.php(494): CodeIgniter\CodeIgniter->startController()
 5 SYSTEMPATH\CodeIgniter.php(354): CodeIgniter\CodeIgniter->handleRequest(null, Object(Config\Cache), false)
 6 SYSTEMPATH\Boot.php(363): CodeIgniter\CodeIgniter->run()
 7 SYSTEMPATH\Boot.php(68): CodeIgniter\Boot::runCodeIgniter(Object(CodeIgniter\CodeIgniter))
 8 FCPATH\index.php(59): CodeIgniter\Boot::bootWeb(Object(Config\Paths))
 9 SYSTEMPATH\rewrite.php(44): require_once('C:\\Users\\Administrator\\Documents\\GITHUB\\KAPAL-FE-HTML\\home\\public\\index.php')
DEBUG - 2025-08-15 03:04:46 --> Session: Class initialized using 'CodeIgniter\Session\Handlers\FileHandler' driver.
WARNING - 2025-08-15 03:04:46 --> [DEPRECATED] Creation of dynamic property App\Controllers\Boats::$session is deprecated in APPPATH\Controllers\BaseController.php on line 53.
 1 SYSTEMPATH\CodeIgniter.php(904): App\Controllers\BaseController->initController(Object(CodeIgniter\HTTP\IncomingRequest), Object(CodeIgniter\HTTP\Response), Object(CodeIgniter\Log\Logger))
 2 SYSTEMPATH\CodeIgniter.php(498): CodeIgniter\CodeIgniter->createController()
 3 SYSTEMPATH\CodeIgniter.php(354): CodeIgniter\CodeIgniter->handleRequest(null, Object(Config\Cache), false)
 4 SYSTEMPATH\Boot.php(363): CodeIgniter\CodeIgniter->run()
 5 SYSTEMPATH\Boot.php(68): CodeIgniter\Boot::runCodeIgniter(Object(CodeIgniter\CodeIgniter))
 6 FCPATH\index.php(59): CodeIgniter\Boot::bootWeb(Object(Config\Paths))
 7 SYSTEMPATH\rewrite.php(44): require_once('C:\\Users\\Administrator\\Documents\\GITHUB\\KAPAL-FE-HTML\\home\\public\\index.php')
DEBUG - 2025-08-15 03:04:48 --> Session: Class initialized using 'CodeIgniter\Session\Handlers\FileHandler' driver.
WARNING - 2025-08-15 03:04:48 --> [DEPRECATED] Creation of dynamic property App\Controllers\Boats::$session is deprecated in APPPATH\Controllers\BaseController.php on line 53.
 1 SYSTEMPATH\CodeIgniter.php(904): App\Controllers\BaseController->initController(Object(CodeIgniter\HTTP\IncomingRequest), Object(CodeIgniter\HTTP\Response), Object(CodeIgniter\Log\Logger))
 2 SYSTEMPATH\CodeIgniter.php(498): CodeIgniter\CodeIgniter->createController()
 3 SYSTEMPATH\CodeIgniter.php(354): CodeIgniter\CodeIgniter->handleRequest(null, Object(Config\Cache), false)
 4 SYSTEMPATH\Boot.php(363): CodeIgniter\CodeIgniter->run()
 5 SYSTEMPATH\Boot.php(68): CodeIgniter\Boot::runCodeIgniter(Object(CodeIgniter\CodeIgniter))
 6 FCPATH\index.php(59): CodeIgniter\Boot::bootWeb(Object(Config\Paths))
 7 SYSTEMPATH\rewrite.php(44): require_once('C:\\Users\\Administrator\\Documents\\GITHUB\\KAPAL-FE-HTML\\home\\public\\index.php')
DEBUG - 2025-08-15 03:05:13 --> Session: Class initialized using 'CodeIgniter\Session\Handlers\FileHandler' driver.
WARNING - 2025-08-15 03:05:13 --> [DEPRECATED] Creation of dynamic property App\Controllers\Boats::$session is deprecated in APPPATH\Controllers\BaseController.php on line 53.
 1 SYSTEMPATH\CodeIgniter.php(904): App\Controllers\BaseController->initController(Object(CodeIgniter\HTTP\IncomingRequest), Object(CodeIgniter\HTTP\Response), Object(CodeIgniter\Log\Logger))
 2 SYSTEMPATH\CodeIgniter.php(498): CodeIgniter\CodeIgniter->createController()
 3 SYSTEMPATH\CodeIgniter.php(354): CodeIgniter\CodeIgniter->handleRequest(null, Object(Config\Cache), false)
 4 SYSTEMPATH\Boot.php(363): CodeIgniter\CodeIgniter->run()
 5 SYSTEMPATH\Boot.php(68): CodeIgniter\Boot::runCodeIgniter(Object(CodeIgniter\CodeIgniter))
 6 FCPATH\index.php(59): CodeIgniter\Boot::bootWeb(Object(Config\Paths))
 7 SYSTEMPATH\rewrite.php(44): require_once('C:\\Users\\Administrator\\Documents\\GITHUB\\KAPAL-FE-HTML\\home\\public\\index.php')
DEBUG - 2025-08-15 03:10:56 --> Session: Class initialized using 'CodeIgniter\Session\Handlers\FileHandler' driver.
WARNING - 2025-08-15 03:10:56 --> [DEPRECATED] Creation of dynamic property App\Controllers\Boats::$session is deprecated in APPPATH\Controllers\BaseController.php on line 53.
 1 SYSTEMPATH\CodeIgniter.php(904): App\Controllers\BaseController->initController(Object(CodeIgniter\HTTP\IncomingRequest), Object(CodeIgniter\HTTP\Response), Object(CodeIgniter\Log\Logger))
 2 SYSTEMPATH\CodeIgniter.php(498): CodeIgniter\CodeIgniter->createController()
 3 SYSTEMPATH\CodeIgniter.php(354): CodeIgniter\CodeIgniter->handleRequest(null, Object(Config\Cache), false)
 4 SYSTEMPATH\Boot.php(363): CodeIgniter\CodeIgniter->run()
 5 SYSTEMPATH\Boot.php(68): CodeIgniter\Boot::runCodeIgniter(Object(CodeIgniter\CodeIgniter))
 6 FCPATH\index.php(59): CodeIgniter\Boot::bootWeb(Object(Config\Paths))
 7 SYSTEMPATH\rewrite.php(44): require_once('C:\\Users\\Administrator\\Documents\\GITHUB\\KAPAL-FE-HTML\\home\\public\\index.php')
DEBUG - 2025-08-15 03:10:58 --> Session: Class initialized using 'CodeIgniter\Session\Handlers\FileHandler' driver.
WARNING - 2025-08-15 03:10:58 --> [DEPRECATED] Creation of dynamic property App\Controllers\Boats::$session is deprecated in APPPATH\Controllers\BaseController.php on line 53.
 1 SYSTEMPATH\CodeIgniter.php(904): App\Controllers\BaseController->initController(Object(CodeIgniter\HTTP\IncomingRequest), Object(CodeIgniter\HTTP\Response), Object(CodeIgniter\Log\Logger))
 2 SYSTEMPATH\CodeIgniter.php(498): CodeIgniter\CodeIgniter->createController()
 3 SYSTEMPATH\CodeIgniter.php(354): CodeIgniter\CodeIgniter->handleRequest(null, Object(Config\Cache), false)
 4 SYSTEMPATH\Boot.php(363): CodeIgniter\CodeIgniter->run()
 5 SYSTEMPATH\Boot.php(68): CodeIgniter\Boot::runCodeIgniter(Object(CodeIgniter\CodeIgniter))
 6 FCPATH\index.php(59): CodeIgniter\Boot::bootWeb(Object(Config\Paths))
 7 SYSTEMPATH\rewrite.php(44): require_once('C:\\Users\\Administrator\\Documents\\GITHUB\\KAPAL-FE-HTML\\home\\public\\index.php')
DEBUG - 2025-08-15 03:10:59 --> Session: Class initialized using 'CodeIgniter\Session\Handlers\FileHandler' driver.
WARNING - 2025-08-15 03:10:59 --> [DEPRECATED] Creation of dynamic property App\Controllers\Boats::$session is deprecated in APPPATH\Controllers\BaseController.php on line 53.
 1 SYSTEMPATH\CodeIgniter.php(904): App\Controllers\BaseController->initController(Object(CodeIgniter\HTTP\IncomingRequest), Object(CodeIgniter\HTTP\Response), Object(CodeIgniter\Log\Logger))
 2 SYSTEMPATH\CodeIgniter.php(498): CodeIgniter\CodeIgniter->createController()
 3 SYSTEMPATH\CodeIgniter.php(354): CodeIgniter\CodeIgniter->handleRequest(null, Object(Config\Cache), false)
 4 SYSTEMPATH\Boot.php(363): CodeIgniter\CodeIgniter->run()
 5 SYSTEMPATH\Boot.php(68): CodeIgniter\Boot::runCodeIgniter(Object(CodeIgniter\CodeIgniter))
 6 FCPATH\index.php(59): CodeIgniter\Boot::bootWeb(Object(Config\Paths))
 7 SYSTEMPATH\rewrite.php(44): require_once('C:\\Users\\Administrator\\Documents\\GITHUB\\KAPAL-FE-HTML\\home\\public\\index.php')
DEBUG - 2025-08-15 03:15:35 --> Session: Class initialized using 'CodeIgniter\Session\Handlers\FileHandler' driver.
WARNING - 2025-08-15 03:15:35 --> [DEPRECATED] Creation of dynamic property App\Controllers\Boats::$session is deprecated in APPPATH\Controllers\BaseController.php on line 53.
 1 SYSTEMPATH\CodeIgniter.php(904): App\Controllers\BaseController->initController(Object(CodeIgniter\HTTP\IncomingRequest), Object(CodeIgniter\HTTP\Response), Object(CodeIgniter\Log\Logger))
 2 SYSTEMPATH\CodeIgniter.php(498): CodeIgniter\CodeIgniter->createController()
 3 SYSTEMPATH\CodeIgniter.php(354): CodeIgniter\CodeIgniter->handleRequest(null, Object(Config\Cache), false)
 4 SYSTEMPATH\Boot.php(363): CodeIgniter\CodeIgniter->run()
 5 SYSTEMPATH\Boot.php(68): CodeIgniter\Boot::runCodeIgniter(Object(CodeIgniter\CodeIgniter))
 6 FCPATH\index.php(59): CodeIgniter\Boot::bootWeb(Object(Config\Paths))
 7 SYSTEMPATH\rewrite.php(44): require_once('C:\\Users\\Administrator\\Documents\\GITHUB\\KAPAL-FE-HTML\\home\\public\\index.php')
DEBUG - 2025-08-15 03:15:39 --> Session: Class initialized using 'CodeIgniter\Session\Handlers\FileHandler' driver.
WARNING - 2025-08-15 03:15:39 --> [DEPRECATED] Creation of dynamic property App\Controllers\Faq::$session is deprecated in APPPATH\Controllers\BaseController.php on line 53.
 1 SYSTEMPATH\CodeIgniter.php(904): App\Controllers\BaseController->initController(Object(CodeIgniter\HTTP\IncomingRequest), Object(CodeIgniter\HTTP\Response), Object(CodeIgniter\Log\Logger))
 2 SYSTEMPATH\CodeIgniter.php(498): CodeIgniter\CodeIgniter->createController()
 3 SYSTEMPATH\CodeIgniter.php(354): CodeIgniter\CodeIgniter->handleRequest(null, Object(Config\Cache), false)
 4 SYSTEMPATH\Boot.php(363): CodeIgniter\CodeIgniter->run()
 5 SYSTEMPATH\Boot.php(68): CodeIgniter\Boot::runCodeIgniter(Object(CodeIgniter\CodeIgniter))
 6 FCPATH\index.php(59): CodeIgniter\Boot::bootWeb(Object(Config\Paths))
 7 SYSTEMPATH\rewrite.php(44): require_once('C:\\Users\\Administrator\\Documents\\GITHUB\\KAPAL-FE-HTML\\home\\public\\index.php')
DEBUG - 2025-08-15 03:15:40 --> Session: Class initialized using 'CodeIgniter\Session\Handlers\FileHandler' driver.
WARNING - 2025-08-15 03:15:40 --> [DEPRECATED] Creation of dynamic property App\Controllers\Boats::$session is deprecated in APPPATH\Controllers\BaseController.php on line 53.
 1 SYSTEMPATH\CodeIgniter.php(904): App\Controllers\BaseController->initController(Object(CodeIgniter\HTTP\IncomingRequest), Object(CodeIgniter\HTTP\Response), Object(CodeIgniter\Log\Logger))
 2 SYSTEMPATH\CodeIgniter.php(498): CodeIgniter\CodeIgniter->createController()
 3 SYSTEMPATH\CodeIgniter.php(354): CodeIgniter\CodeIgniter->handleRequest(null, Object(Config\Cache), false)
 4 SYSTEMPATH\Boot.php(363): CodeIgniter\CodeIgniter->run()
 5 SYSTEMPATH\Boot.php(68): CodeIgniter\Boot::runCodeIgniter(Object(CodeIgniter\CodeIgniter))
 6 FCPATH\index.php(59): CodeIgniter\Boot::bootWeb(Object(Config\Paths))
 7 SYSTEMPATH\rewrite.php(44): require_once('C:\\Users\\Administrator\\Documents\\GITHUB\\KAPAL-FE-HTML\\home\\public\\index.php')
CRITICAL - 2025-08-15 03:15:41 --> CodeIgniter\Exceptions\BadMethodCallException: Call to undefined method App\Models\OpenTripSchedulesModel::getUpcomingOpenTrips
[Method: GET, Route: boats/open-trip]
in SYSTEMPATH\Model.php on line 927.
 1 APPPATH\Controllers\Boats.php(245): CodeIgniter\Model->__call('getUpcomingOpenTrips', [])
 2 SYSTEMPATH\CodeIgniter.php(933): App\Controllers\Boats->openTripSchedule()
 3 SYSTEMPATH\CodeIgniter.php(507): CodeIgniter\CodeIgniter->runController(Object(App\Controllers\Boats))
 4 SYSTEMPATH\CodeIgniter.php(354): CodeIgniter\CodeIgniter->handleRequest(null, Object(Config\Cache), false)
 5 SYSTEMPATH\Boot.php(363): CodeIgniter\CodeIgniter->run()
 6 SYSTEMPATH\Boot.php(68): CodeIgniter\Boot::runCodeIgniter(Object(CodeIgniter\CodeIgniter))
 7 FCPATH\index.php(59): CodeIgniter\Boot::bootWeb(Object(Config\Paths))
 8 SYSTEMPATH\rewrite.php(44): require_once('C:\\Users\\Administrator\\Documents\\GITHUB\\KAPAL-FE-HTML\\home\\public\\index.php')
DEBUG - 2025-08-15 03:15:50 --> Session: Class initialized using 'CodeIgniter\Session\Handlers\FileHandler' driver.
WARNING - 2025-08-15 03:15:50 --> [DEPRECATED] Creation of dynamic property App\Controllers\Home::$session is deprecated in APPPATH\Controllers\BaseController.php on line 53.
 1 SYSTEMPATH\CodeIgniter.php(904): App\Controllers\BaseController->initController(Object(CodeIgniter\HTTP\IncomingRequest), Object(CodeIgniter\HTTP\Response), Object(CodeIgniter\Log\Logger))
 2 SYSTEMPATH\CodeIgniter.php(498): CodeIgniter\CodeIgniter->createController()
 3 SYSTEMPATH\CodeIgniter.php(354): CodeIgniter\CodeIgniter->handleRequest(null, Object(Config\Cache), false)
 4 SYSTEMPATH\Boot.php(363): CodeIgniter\CodeIgniter->run()
 5 SYSTEMPATH\Boot.php(68): CodeIgniter\Boot::runCodeIgniter(Object(CodeIgniter\CodeIgniter))
 6 FCPATH\index.php(59): CodeIgniter\Boot::bootWeb(Object(Config\Paths))
 7 SYSTEMPATH\rewrite.php(44): require_once('C:\\Users\\Administrator\\Documents\\GITHUB\\KAPAL-FE-HTML\\home\\public\\index.php')
DEBUG - 2025-08-15 03:17:56 --> Session: Class initialized using 'CodeIgniter\Session\Handlers\FileHandler' driver.
WARNING - 2025-08-15 03:17:56 --> [DEPRECATED] Creation of dynamic property App\Controllers\Boats::$session is deprecated in APPPATH\Controllers\BaseController.php on line 53.
 1 SYSTEMPATH\CodeIgniter.php(904): App\Controllers\BaseController->initController(Object(CodeIgniter\HTTP\IncomingRequest), Object(CodeIgniter\HTTP\Response), Object(CodeIgniter\Log\Logger))
 2 SYSTEMPATH\CodeIgniter.php(498): CodeIgniter\CodeIgniter->createController()
 3 SYSTEMPATH\CodeIgniter.php(354): CodeIgniter\CodeIgniter->handleRequest(null, Object(Config\Cache), false)
 4 SYSTEMPATH\Boot.php(363): CodeIgniter\CodeIgniter->run()
 5 SYSTEMPATH\Boot.php(68): CodeIgniter\Boot::runCodeIgniter(Object(CodeIgniter\CodeIgniter))
 6 FCPATH\index.php(59): CodeIgniter\Boot::bootWeb(Object(Config\Paths))
 7 SYSTEMPATH\rewrite.php(44): require_once('C:\\Users\\Administrator\\Documents\\GITHUB\\KAPAL-FE-HTML\\home\\public\\index.php')
CRITICAL - 2025-08-15 03:17:56 --> CodeIgniter\Exceptions\BadMethodCallException: Call to undefined method App\Models\OpenTripSchedulesModel::getUpcomingOpenTrips
[Method: GET, Route: boats/open-trip]
in SYSTEMPATH\Model.php on line 927.
 1 APPPATH\Controllers\Boats.php(245): CodeIgniter\Model->__call('getUpcomingOpenTrips', [])
 2 SYSTEMPATH\CodeIgniter.php(933): App\Controllers\Boats->openTripSchedule()
 3 SYSTEMPATH\CodeIgniter.php(507): CodeIgniter\CodeIgniter->runController(Object(App\Controllers\Boats))
 4 SYSTEMPATH\CodeIgniter.php(354): CodeIgniter\CodeIgniter->handleRequest(null, Object(Config\Cache), false)
 5 SYSTEMPATH\Boot.php(363): CodeIgniter\CodeIgniter->run()
 6 SYSTEMPATH\Boot.php(68): CodeIgniter\Boot::runCodeIgniter(Object(CodeIgniter\CodeIgniter))
 7 FCPATH\index.php(59): CodeIgniter\Boot::bootWeb(Object(Config\Paths))
 8 SYSTEMPATH\rewrite.php(44): require_once('C:\\Users\\Administrator\\Documents\\GITHUB\\KAPAL-FE-HTML\\home\\public\\index.php')
DEBUG - 2025-08-15 03:19:11 --> Session: Class initialized using 'CodeIgniter\Session\Handlers\FileHandler' driver.
WARNING - 2025-08-15 03:19:11 --> [DEPRECATED] Creation of dynamic property App\Controllers\Boats::$session is deprecated in APPPATH\Controllers\BaseController.php on line 53.
 1 SYSTEMPATH\CodeIgniter.php(904): App\Controllers\BaseController->initController(Object(CodeIgniter\HTTP\IncomingRequest), Object(CodeIgniter\HTTP\Response), Object(CodeIgniter\Log\Logger))
 2 SYSTEMPATH\CodeIgniter.php(498): CodeIgniter\CodeIgniter->createController()
 3 SYSTEMPATH\CodeIgniter.php(354): CodeIgniter\CodeIgniter->handleRequest(null, Object(Config\Cache), false)
 4 SYSTEMPATH\Boot.php(363): CodeIgniter\CodeIgniter->run()
 5 SYSTEMPATH\Boot.php(68): CodeIgniter\Boot::runCodeIgniter(Object(CodeIgniter\CodeIgniter))
 6 FCPATH\index.php(59): CodeIgniter\Boot::bootWeb(Object(Config\Paths))
 7 SYSTEMPATH\rewrite.php(44): require_once('C:\\Users\\Administrator\\Documents\\GITHUB\\KAPAL-FE-HTML\\home\\public\\index.php')
DEBUG - 2025-08-15 03:19:21 --> Session: Class initialized using 'CodeIgniter\Session\Handlers\FileHandler' driver.
WARNING - 2025-08-15 03:19:21 --> [DEPRECATED] Creation of dynamic property App\Controllers\Boats::$session is deprecated in APPPATH\Controllers\BaseController.php on line 53.
 1 SYSTEMPATH\CodeIgniter.php(904): App\Controllers\BaseController->initController(Object(CodeIgniter\HTTP\IncomingRequest), Object(CodeIgniter\HTTP\Response), Object(CodeIgniter\Log\Logger))
 2 SYSTEMPATH\CodeIgniter.php(498): CodeIgniter\CodeIgniter->createController()
 3 SYSTEMPATH\CodeIgniter.php(354): CodeIgniter\CodeIgniter->handleRequest(null, Object(Config\Cache), false)
 4 SYSTEMPATH\Boot.php(363): CodeIgniter\CodeIgniter->run()
 5 SYSTEMPATH\Boot.php(68): CodeIgniter\Boot::runCodeIgniter(Object(CodeIgniter\CodeIgniter))
 6 FCPATH\index.php(59): CodeIgniter\Boot::bootWeb(Object(Config\Paths))
 7 SYSTEMPATH\rewrite.php(44): require_once('C:\\Users\\Administrator\\Documents\\GITHUB\\KAPAL-FE-HTML\\home\\public\\index.php')
DEBUG - 2025-08-15 03:19:31 --> Session: Class initialized using 'CodeIgniter\Session\Handlers\FileHandler' driver.
WARNING - 2025-08-15 03:19:31 --> [DEPRECATED] Creation of dynamic property App\Controllers\Home::$session is deprecated in APPPATH\Controllers\BaseController.php on line 53.
 1 SYSTEMPATH\CodeIgniter.php(904): App\Controllers\BaseController->initController(Object(CodeIgniter\HTTP\IncomingRequest), Object(CodeIgniter\HTTP\Response), Object(CodeIgniter\Log\Logger))
 2 SYSTEMPATH\CodeIgniter.php(498): CodeIgniter\CodeIgniter->createController()
 3 SYSTEMPATH\CodeIgniter.php(354): CodeIgniter\CodeIgniter->handleRequest(null, Object(Config\Cache), false)
 4 SYSTEMPATH\Boot.php(363): CodeIgniter\CodeIgniter->run()
 5 SYSTEMPATH\Boot.php(68): CodeIgniter\Boot::runCodeIgniter(Object(CodeIgniter\CodeIgniter))
 6 FCPATH\index.php(59): CodeIgniter\Boot::bootWeb(Object(Config\Paths))
 7 SYSTEMPATH\rewrite.php(44): require_once('C:\\Users\\Administrator\\Documents\\GITHUB\\KAPAL-FE-HTML\\home\\public\\index.php')
DEBUG - 2025-08-15 03:19:55 --> Session: Class initialized using 'CodeIgniter\Session\Handlers\FileHandler' driver.
WARNING - 2025-08-15 03:19:55 --> [DEPRECATED] Creation of dynamic property App\Controllers\Boats::$session is deprecated in APPPATH\Controllers\BaseController.php on line 53.
 1 SYSTEMPATH\CodeIgniter.php(904): App\Controllers\BaseController->initController(Object(CodeIgniter\HTTP\IncomingRequest), Object(CodeIgniter\HTTP\Response), Object(CodeIgniter\Log\Logger))
 2 SYSTEMPATH\CodeIgniter.php(498): CodeIgniter\CodeIgniter->createController()
 3 SYSTEMPATH\CodeIgniter.php(354): CodeIgniter\CodeIgniter->handleRequest(null, Object(Config\Cache), false)
 4 SYSTEMPATH\Boot.php(363): CodeIgniter\CodeIgniter->run()
 5 SYSTEMPATH\Boot.php(68): CodeIgniter\Boot::runCodeIgniter(Object(CodeIgniter\CodeIgniter))
 6 FCPATH\index.php(59): CodeIgniter\Boot::bootWeb(Object(Config\Paths))
 7 SYSTEMPATH\rewrite.php(44): require_once('C:\\Users\\Administrator\\Documents\\GITHUB\\KAPAL-FE-HTML\\home\\public\\index.php')
DEBUG - 2025-08-15 03:29:56 --> Session: Class initialized using 'CodeIgniter\Session\Handlers\FileHandler' driver.
WARNING - 2025-08-15 03:29:56 --> [DEPRECATED] Creation of dynamic property App\Controllers\Boats::$session is deprecated in APPPATH\Controllers\BaseController.php on line 53.
 1 SYSTEMPATH\CodeIgniter.php(904): App\Controllers\BaseController->initController(Object(CodeIgniter\HTTP\IncomingRequest), Object(CodeIgniter\HTTP\Response), Object(CodeIgniter\Log\Logger))
 2 SYSTEMPATH\CodeIgniter.php(498): CodeIgniter\CodeIgniter->createController()
 3 SYSTEMPATH\CodeIgniter.php(354): CodeIgniter\CodeIgniter->handleRequest(null, Object(Config\Cache), false)
 4 SYSTEMPATH\Boot.php(363): CodeIgniter\CodeIgniter->run()
 5 SYSTEMPATH\Boot.php(68): CodeIgniter\Boot::runCodeIgniter(Object(CodeIgniter\CodeIgniter))
 6 FCPATH\index.php(59): CodeIgniter\Boot::bootWeb(Object(Config\Paths))
 7 SYSTEMPATH\rewrite.php(44): require_once('C:\\Users\\Administrator\\Documents\\GITHUB\\KAPAL-FE-HTML\\home\\public\\index.php')
DEBUG - 2025-08-15 03:29:58 --> Session: Class initialized using 'CodeIgniter\Session\Handlers\FileHandler' driver.
WARNING - 2025-08-15 03:29:58 --> [DEPRECATED] Creation of dynamic property App\Controllers\Boats::$session is deprecated in APPPATH\Controllers\BaseController.php on line 53.
 1 SYSTEMPATH\CodeIgniter.php(904): App\Controllers\BaseController->initController(Object(CodeIgniter\HTTP\IncomingRequest), Object(CodeIgniter\HTTP\Response), Object(CodeIgniter\Log\Logger))
 2 SYSTEMPATH\CodeIgniter.php(498): CodeIgniter\CodeIgniter->createController()
 3 SYSTEMPATH\CodeIgniter.php(354): CodeIgniter\CodeIgniter->handleRequest(null, Object(Config\Cache), false)
 4 SYSTEMPATH\Boot.php(363): CodeIgniter\CodeIgniter->run()
 5 SYSTEMPATH\Boot.php(68): CodeIgniter\Boot::runCodeIgniter(Object(CodeIgniter\CodeIgniter))
 6 FCPATH\index.php(59): CodeIgniter\Boot::bootWeb(Object(Config\Paths))
 7 SYSTEMPATH\rewrite.php(44): require_once('C:\\Users\\Administrator\\Documents\\GITHUB\\KAPAL-FE-HTML\\home\\public\\index.php')
DEBUG - 2025-08-15 03:30:10 --> Session: Class initialized using 'CodeIgniter\Session\Handlers\FileHandler' driver.
WARNING - 2025-08-15 03:30:10 --> [DEPRECATED] Creation of dynamic property App\Controllers\Boats::$session is deprecated in APPPATH\Controllers\BaseController.php on line 53.
 1 SYSTEMPATH\CodeIgniter.php(904): App\Controllers\BaseController->initController(Object(CodeIgniter\HTTP\IncomingRequest), Object(CodeIgniter\HTTP\Response), Object(CodeIgniter\Log\Logger))
 2 SYSTEMPATH\CodeIgniter.php(498): CodeIgniter\CodeIgniter->createController()
 3 SYSTEMPATH\CodeIgniter.php(354): CodeIgniter\CodeIgniter->handleRequest(null, Object(Config\Cache), false)
 4 SYSTEMPATH\Boot.php(363): CodeIgniter\CodeIgniter->run()
 5 SYSTEMPATH\Boot.php(68): CodeIgniter\Boot::runCodeIgniter(Object(CodeIgniter\CodeIgniter))
 6 FCPATH\index.php(59): CodeIgniter\Boot::bootWeb(Object(Config\Paths))
 7 SYSTEMPATH\rewrite.php(44): require_once('C:\\Users\\Administrator\\Documents\\GITHUB\\KAPAL-FE-HTML\\home\\public\\index.php')
DEBUG - 2025-08-15 03:56:14 --> Session: Class initialized using 'CodeIgniter\Session\Handlers\FileHandler' driver.
WARNING - 2025-08-15 03:56:14 --> [DEPRECATED] Creation of dynamic property App\Controllers\Boats::$session is deprecated in APPPATH\Controllers\BaseController.php on line 53.
 1 SYSTEMPATH\CodeIgniter.php(904): App\Controllers\BaseController->initController(Object(CodeIgniter\HTTP\IncomingRequest), Object(CodeIgniter\HTTP\Response), Object(CodeIgniter\Log\Logger))
 2 SYSTEMPATH\CodeIgniter.php(498): CodeIgniter\CodeIgniter->createController()
 3 SYSTEMPATH\CodeIgniter.php(354): CodeIgniter\CodeIgniter->handleRequest(null, Object(Config\Cache), false)
 4 SYSTEMPATH\Boot.php(363): CodeIgniter\CodeIgniter->run()
 5 SYSTEMPATH\Boot.php(68): CodeIgniter\Boot::runCodeIgniter(Object(CodeIgniter\CodeIgniter))
 6 FCPATH\index.php(59): CodeIgniter\Boot::bootWeb(Object(Config\Paths))
 7 SYSTEMPATH\rewrite.php(44): require_once('C:\\Users\\Administrator\\Documents\\GITHUB\\KAPAL-FE-HTML\\home\\public\\index.php')
DEBUG - 2025-08-15 03:56:18 --> Session: Class initialized using 'CodeIgniter\Session\Handlers\FileHandler' driver.
WARNING - 2025-08-15 03:56:18 --> [DEPRECATED] Creation of dynamic property App\Controllers\Boats::$session is deprecated in APPPATH\Controllers\BaseController.php on line 53.
 1 SYSTEMPATH\CodeIgniter.php(904): App\Controllers\BaseController->initController(Object(CodeIgniter\HTTP\IncomingRequest), Object(CodeIgniter\HTTP\Response), Object(CodeIgniter\Log\Logger))
 2 SYSTEMPATH\CodeIgniter.php(498): CodeIgniter\CodeIgniter->createController()
 3 SYSTEMPATH\CodeIgniter.php(354): CodeIgniter\CodeIgniter->handleRequest(null, Object(Config\Cache), false)
 4 SYSTEMPATH\Boot.php(363): CodeIgniter\CodeIgniter->run()
 5 SYSTEMPATH\Boot.php(68): CodeIgniter\Boot::runCodeIgniter(Object(CodeIgniter\CodeIgniter))
 6 FCPATH\index.php(59): CodeIgniter\Boot::bootWeb(Object(Config\Paths))
 7 SYSTEMPATH\rewrite.php(44): require_once('C:\\Users\\Administrator\\Documents\\GITHUB\\KAPAL-FE-HTML\\home\\public\\index.php')
DEBUG - 2025-08-15 04:05:27 --> Session: Class initialized using 'CodeIgniter\Session\Handlers\FileHandler' driver.
WARNING - 2025-08-15 04:05:27 --> [DEPRECATED] Creation of dynamic property App\Controllers\Boats::$session is deprecated in APPPATH\Controllers\BaseController.php on line 53.
 1 SYSTEMPATH\CodeIgniter.php(904): App\Controllers\BaseController->initController(Object(CodeIgniter\HTTP\IncomingRequest), Object(CodeIgniter\HTTP\Response), Object(CodeIgniter\Log\Logger))
 2 SYSTEMPATH\CodeIgniter.php(498): CodeIgniter\CodeIgniter->createController()
 3 SYSTEMPATH\CodeIgniter.php(354): CodeIgniter\CodeIgniter->handleRequest(null, Object(Config\Cache), false)
 4 SYSTEMPATH\Boot.php(363): CodeIgniter\CodeIgniter->run()
 5 SYSTEMPATH\Boot.php(68): CodeIgniter\Boot::runCodeIgniter(Object(CodeIgniter\CodeIgniter))
 6 FCPATH\index.php(59): CodeIgniter\Boot::bootWeb(Object(Config\Paths))
 7 SYSTEMPATH\rewrite.php(44): require_once('C:\\Users\\Administrator\\Documents\\GITHUB\\KAPAL-FE-HTML\\home\\public\\index.php')
DEBUG - 2025-08-15 04:05:29 --> Session: Class initialized using 'CodeIgniter\Session\Handlers\FileHandler' driver.
WARNING - 2025-08-15 04:05:29 --> [DEPRECATED] Creation of dynamic property App\Controllers\Boats::$session is deprecated in APPPATH\Controllers\BaseController.php on line 53.
 1 SYSTEMPATH\CodeIgniter.php(904): App\Controllers\BaseController->initController(Object(CodeIgniter\HTTP\IncomingRequest), Object(CodeIgniter\HTTP\Response), Object(CodeIgniter\Log\Logger))
 2 SYSTEMPATH\CodeIgniter.php(498): CodeIgniter\CodeIgniter->createController()
 3 SYSTEMPATH\CodeIgniter.php(354): CodeIgniter\CodeIgniter->handleRequest(null, Object(Config\Cache), false)
 4 SYSTEMPATH\Boot.php(363): CodeIgniter\CodeIgniter->run()
 5 SYSTEMPATH\Boot.php(68): CodeIgniter\Boot::runCodeIgniter(Object(CodeIgniter\CodeIgniter))
 6 FCPATH\index.php(59): CodeIgniter\Boot::bootWeb(Object(Config\Paths))
 7 SYSTEMPATH\rewrite.php(44): require_once('C:\\Users\\Administrator\\Documents\\GITHUB\\KAPAL-FE-HTML\\home\\public\\index.php')
DEBUG - 2025-08-15 04:05:30 --> Session: Class initialized using 'CodeIgniter\Session\Handlers\FileHandler' driver.
WARNING - 2025-08-15 04:05:30 --> [DEPRECATED] Creation of dynamic property App\Controllers\Boats::$session is deprecated in APPPATH\Controllers\BaseController.php on line 53.
 1 SYSTEMPATH\CodeIgniter.php(904): App\Controllers\BaseController->initController(Object(CodeIgniter\HTTP\IncomingRequest), Object(CodeIgniter\HTTP\Response), Object(CodeIgniter\Log\Logger))
 2 SYSTEMPATH\CodeIgniter.php(498): CodeIgniter\CodeIgniter->createController()
 3 SYSTEMPATH\CodeIgniter.php(354): CodeIgniter\CodeIgniter->handleRequest(null, Object(Config\Cache), false)
 4 SYSTEMPATH\Boot.php(363): CodeIgniter\CodeIgniter->run()
 5 SYSTEMPATH\Boot.php(68): CodeIgniter\Boot::runCodeIgniter(Object(CodeIgniter\CodeIgniter))
 6 FCPATH\index.php(59): CodeIgniter\Boot::bootWeb(Object(Config\Paths))
 7 SYSTEMPATH\rewrite.php(44): require_once('C:\\Users\\Administrator\\Documents\\GITHUB\\KAPAL-FE-HTML\\home\\public\\index.php')
DEBUG - 2025-08-15 04:05:30 --> Session: Class initialized using 'CodeIgniter\Session\Handlers\FileHandler' driver.
WARNING - 2025-08-15 04:05:30 --> [DEPRECATED] Creation of dynamic property App\Controllers\Boats::$session is deprecated in APPPATH\Controllers\BaseController.php on line 53.
 1 SYSTEMPATH\CodeIgniter.php(904): App\Controllers\BaseController->initController(Object(CodeIgniter\HTTP\IncomingRequest), Object(CodeIgniter\HTTP\Response), Object(CodeIgniter\Log\Logger))
 2 SYSTEMPATH\CodeIgniter.php(498): CodeIgniter\CodeIgniter->createController()
 3 SYSTEMPATH\CodeIgniter.php(354): CodeIgniter\CodeIgniter->handleRequest(null, Object(Config\Cache), false)
 4 SYSTEMPATH\Boot.php(363): CodeIgniter\CodeIgniter->run()
 5 SYSTEMPATH\Boot.php(68): CodeIgniter\Boot::runCodeIgniter(Object(CodeIgniter\CodeIgniter))
 6 FCPATH\index.php(59): CodeIgniter\Boot::bootWeb(Object(Config\Paths))
 7 SYSTEMPATH\rewrite.php(44): require_once('C:\\Users\\Administrator\\Documents\\GITHUB\\KAPAL-FE-HTML\\home\\public\\index.php')
DEBUG - 2025-08-15 04:05:31 --> Session: Class initialized using 'CodeIgniter\Session\Handlers\FileHandler' driver.
WARNING - 2025-08-15 04:05:31 --> [DEPRECATED] Creation of dynamic property App\Controllers\Boats::$session is deprecated in APPPATH\Controllers\BaseController.php on line 53.
 1 SYSTEMPATH\CodeIgniter.php(904): App\Controllers\BaseController->initController(Object(CodeIgniter\HTTP\IncomingRequest), Object(CodeIgniter\HTTP\Response), Object(CodeIgniter\Log\Logger))
 2 SYSTEMPATH\CodeIgniter.php(498): CodeIgniter\CodeIgniter->createController()
 3 SYSTEMPATH\CodeIgniter.php(354): CodeIgniter\CodeIgniter->handleRequest(null, Object(Config\Cache), false)
 4 SYSTEMPATH\Boot.php(363): CodeIgniter\CodeIgniter->run()
 5 SYSTEMPATH\Boot.php(68): CodeIgniter\Boot::runCodeIgniter(Object(CodeIgniter\CodeIgniter))
 6 FCPATH\index.php(59): CodeIgniter\Boot::bootWeb(Object(Config\Paths))
 7 SYSTEMPATH\rewrite.php(44): require_once('C:\\Users\\Administrator\\Documents\\GITHUB\\KAPAL-FE-HTML\\home\\public\\index.php')
DEBUG - 2025-08-15 04:06:39 --> Session: Class initialized using 'CodeIgniter\Session\Handlers\FileHandler' driver.
WARNING - 2025-08-15 04:06:39 --> [DEPRECATED] Creation of dynamic property App\Controllers\Boats::$session is deprecated in APPPATH\Controllers\BaseController.php on line 53.
 1 SYSTEMPATH\CodeIgniter.php(904): App\Controllers\BaseController->initController(Object(CodeIgniter\HTTP\IncomingRequest), Object(CodeIgniter\HTTP\Response), Object(CodeIgniter\Log\Logger))
 2 SYSTEMPATH\CodeIgniter.php(498): CodeIgniter\CodeIgniter->createController()
 3 SYSTEMPATH\CodeIgniter.php(354): CodeIgniter\CodeIgniter->handleRequest(null, Object(Config\Cache), false)
 4 SYSTEMPATH\Boot.php(363): CodeIgniter\CodeIgniter->run()
 5 SYSTEMPATH\Boot.php(68): CodeIgniter\Boot::runCodeIgniter(Object(CodeIgniter\CodeIgniter))
 6 FCPATH\index.php(59): CodeIgniter\Boot::bootWeb(Object(Config\Paths))
 7 SYSTEMPATH\rewrite.php(44): require_once('C:\\Users\\Administrator\\Documents\\GITHUB\\KAPAL-FE-HTML\\home\\public\\index.php')
DEBUG - 2025-08-15 04:06:41 --> Session: Class initialized using 'CodeIgniter\Session\Handlers\FileHandler' driver.
WARNING - 2025-08-15 04:06:41 --> [DEPRECATED] Creation of dynamic property App\Controllers\Boats::$session is deprecated in APPPATH\Controllers\BaseController.php on line 53.
 1 SYSTEMPATH\CodeIgniter.php(904): App\Controllers\BaseController->initController(Object(CodeIgniter\HTTP\IncomingRequest), Object(CodeIgniter\HTTP\Response), Object(CodeIgniter\Log\Logger))
 2 SYSTEMPATH\CodeIgniter.php(498): CodeIgniter\CodeIgniter->createController()
 3 SYSTEMPATH\CodeIgniter.php(354): CodeIgniter\CodeIgniter->handleRequest(null, Object(Config\Cache), false)
 4 SYSTEMPATH\Boot.php(363): CodeIgniter\CodeIgniter->run()
 5 SYSTEMPATH\Boot.php(68): CodeIgniter\Boot::runCodeIgniter(Object(CodeIgniter\CodeIgniter))
 6 FCPATH\index.php(59): CodeIgniter\Boot::bootWeb(Object(Config\Paths))
 7 SYSTEMPATH\rewrite.php(44): require_once('C:\\Users\\Administrator\\Documents\\GITHUB\\KAPAL-FE-HTML\\home\\public\\index.php')
DEBUG - 2025-08-15 04:06:42 --> Session: Class initialized using 'CodeIgniter\Session\Handlers\FileHandler' driver.
WARNING - 2025-08-15 04:06:42 --> [DEPRECATED] Creation of dynamic property App\Controllers\Boats::$session is deprecated in APPPATH\Controllers\BaseController.php on line 53.
 1 SYSTEMPATH\CodeIgniter.php(904): App\Controllers\BaseController->initController(Object(CodeIgniter\HTTP\IncomingRequest), Object(CodeIgniter\HTTP\Response), Object(CodeIgniter\Log\Logger))
 2 SYSTEMPATH\CodeIgniter.php(498): CodeIgniter\CodeIgniter->createController()
 3 SYSTEMPATH\CodeIgniter.php(354): CodeIgniter\CodeIgniter->handleRequest(null, Object(Config\Cache), false)
 4 SYSTEMPATH\Boot.php(363): CodeIgniter\CodeIgniter->run()
 5 SYSTEMPATH\Boot.php(68): CodeIgniter\Boot::runCodeIgniter(Object(CodeIgniter\CodeIgniter))
 6 FCPATH\index.php(59): CodeIgniter\Boot::bootWeb(Object(Config\Paths))
 7 SYSTEMPATH\rewrite.php(44): require_once('C:\\Users\\Administrator\\Documents\\GITHUB\\KAPAL-FE-HTML\\home\\public\\index.php')
DEBUG - 2025-08-15 04:06:44 --> Session: Class initialized using 'CodeIgniter\Session\Handlers\FileHandler' driver.
WARNING - 2025-08-15 04:06:44 --> [DEPRECATED] Creation of dynamic property App\Controllers\Boats::$session is deprecated in APPPATH\Controllers\BaseController.php on line 53.
 1 SYSTEMPATH\CodeIgniter.php(904): App\Controllers\BaseController->initController(Object(CodeIgniter\HTTP\IncomingRequest), Object(CodeIgniter\HTTP\Response), Object(CodeIgniter\Log\Logger))
 2 SYSTEMPATH\CodeIgniter.php(498): CodeIgniter\CodeIgniter->createController()
 3 SYSTEMPATH\CodeIgniter.php(354): CodeIgniter\CodeIgniter->handleRequest(null, Object(Config\Cache), false)
 4 SYSTEMPATH\Boot.php(363): CodeIgniter\CodeIgniter->run()
 5 SYSTEMPATH\Boot.php(68): CodeIgniter\Boot::runCodeIgniter(Object(CodeIgniter\CodeIgniter))
 6 FCPATH\index.php(59): CodeIgniter\Boot::bootWeb(Object(Config\Paths))
 7 SYSTEMPATH\rewrite.php(44): require_once('C:\\Users\\Administrator\\Documents\\GITHUB\\KAPAL-FE-HTML\\home\\public\\index.php')
DEBUG - 2025-08-15 04:06:49 --> Session: Class initialized using 'CodeIgniter\Session\Handlers\FileHandler' driver.
WARNING - 2025-08-15 04:06:49 --> [DEPRECATED] Creation of dynamic property App\Controllers\Boats::$session is deprecated in APPPATH\Controllers\BaseController.php on line 53.
 1 SYSTEMPATH\CodeIgniter.php(904): App\Controllers\BaseController->initController(Object(CodeIgniter\HTTP\IncomingRequest), Object(CodeIgniter\HTTP\Response), Object(CodeIgniter\Log\Logger))
 2 SYSTEMPATH\CodeIgniter.php(498): CodeIgniter\CodeIgniter->createController()
 3 SYSTEMPATH\CodeIgniter.php(354): CodeIgniter\CodeIgniter->handleRequest(null, Object(Config\Cache), false)
 4 SYSTEMPATH\Boot.php(363): CodeIgniter\CodeIgniter->run()
 5 SYSTEMPATH\Boot.php(68): CodeIgniter\Boot::runCodeIgniter(Object(CodeIgniter\CodeIgniter))
 6 FCPATH\index.php(59): CodeIgniter\Boot::bootWeb(Object(Config\Paths))
 7 SYSTEMPATH\rewrite.php(44): require_once('C:\\Users\\Administrator\\Documents\\GITHUB\\KAPAL-FE-HTML\\home\\public\\index.php')
DEBUG - 2025-08-15 04:06:52 --> Session: Class initialized using 'CodeIgniter\Session\Handlers\FileHandler' driver.
WARNING - 2025-08-15 04:06:52 --> [DEPRECATED] Creation of dynamic property App\Controllers\Boats::$session is deprecated in APPPATH\Controllers\BaseController.php on line 53.
 1 SYSTEMPATH\CodeIgniter.php(904): App\Controllers\BaseController->initController(Object(CodeIgniter\HTTP\IncomingRequest), Object(CodeIgniter\HTTP\Response), Object(CodeIgniter\Log\Logger))
 2 SYSTEMPATH\CodeIgniter.php(498): CodeIgniter\CodeIgniter->createController()
 3 SYSTEMPATH\CodeIgniter.php(354): CodeIgniter\CodeIgniter->handleRequest(null, Object(Config\Cache), false)
 4 SYSTEMPATH\Boot.php(363): CodeIgniter\CodeIgniter->run()
 5 SYSTEMPATH\Boot.php(68): CodeIgniter\Boot::runCodeIgniter(Object(CodeIgniter\CodeIgniter))
 6 FCPATH\index.php(59): CodeIgniter\Boot::bootWeb(Object(Config\Paths))
 7 SYSTEMPATH\rewrite.php(44): require_once('C:\\Users\\Administrator\\Documents\\GITHUB\\KAPAL-FE-HTML\\home\\public\\index.php')
DEBUG - 2025-08-15 04:07:02 --> Session: Class initialized using 'CodeIgniter\Session\Handlers\FileHandler' driver.
WARNING - 2025-08-15 04:07:02 --> [DEPRECATED] Creation of dynamic property App\Controllers\Boats::$session is deprecated in APPPATH\Controllers\BaseController.php on line 53.
 1 SYSTEMPATH\CodeIgniter.php(904): App\Controllers\BaseController->initController(Object(CodeIgniter\HTTP\IncomingRequest), Object(CodeIgniter\HTTP\Response), Object(CodeIgniter\Log\Logger))
 2 SYSTEMPATH\CodeIgniter.php(498): CodeIgniter\CodeIgniter->createController()
 3 SYSTEMPATH\CodeIgniter.php(354): CodeIgniter\CodeIgniter->handleRequest(null, Object(Config\Cache), false)
 4 SYSTEMPATH\Boot.php(363): CodeIgniter\CodeIgniter->run()
 5 SYSTEMPATH\Boot.php(68): CodeIgniter\Boot::runCodeIgniter(Object(CodeIgniter\CodeIgniter))
 6 FCPATH\index.php(59): CodeIgniter\Boot::bootWeb(Object(Config\Paths))
 7 SYSTEMPATH\rewrite.php(44): require_once('C:\\Users\\Administrator\\Documents\\GITHUB\\KAPAL-FE-HTML\\home\\public\\index.php')
DEBUG - 2025-08-15 04:07:04 --> Session: Class initialized using 'CodeIgniter\Session\Handlers\FileHandler' driver.
WARNING - 2025-08-15 04:07:04 --> [DEPRECATED] Creation of dynamic property App\Controllers\Boats::$session is deprecated in APPPATH\Controllers\BaseController.php on line 53.
 1 SYSTEMPATH\CodeIgniter.php(904): App\Controllers\BaseController->initController(Object(CodeIgniter\HTTP\IncomingRequest), Object(CodeIgniter\HTTP\Response), Object(CodeIgniter\Log\Logger))
 2 SYSTEMPATH\CodeIgniter.php(498): CodeIgniter\CodeIgniter->createController()
 3 SYSTEMPATH\CodeIgniter.php(354): CodeIgniter\CodeIgniter->handleRequest(null, Object(Config\Cache), false)
 4 SYSTEMPATH\Boot.php(363): CodeIgniter\CodeIgniter->run()
 5 SYSTEMPATH\Boot.php(68): CodeIgniter\Boot::runCodeIgniter(Object(CodeIgniter\CodeIgniter))
 6 FCPATH\index.php(59): CodeIgniter\Boot::bootWeb(Object(Config\Paths))
 7 SYSTEMPATH\rewrite.php(44): require_once('C:\\Users\\Administrator\\Documents\\GITHUB\\KAPAL-FE-HTML\\home\\public\\index.php')
DEBUG - 2025-08-15 04:07:17 --> Session: Class initialized using 'CodeIgniter\Session\Handlers\FileHandler' driver.
WARNING - 2025-08-15 04:07:17 --> [DEPRECATED] Creation of dynamic property App\Controllers\Boats::$session is deprecated in APPPATH\Controllers\BaseController.php on line 53.
 1 SYSTEMPATH\CodeIgniter.php(904): App\Controllers\BaseController->initController(Object(CodeIgniter\HTTP\IncomingRequest), Object(CodeIgniter\HTTP\Response), Object(CodeIgniter\Log\Logger))
 2 SYSTEMPATH\CodeIgniter.php(498): CodeIgniter\CodeIgniter->createController()
 3 SYSTEMPATH\CodeIgniter.php(354): CodeIgniter\CodeIgniter->handleRequest(null, Object(Config\Cache), false)
 4 SYSTEMPATH\Boot.php(363): CodeIgniter\CodeIgniter->run()
 5 SYSTEMPATH\Boot.php(68): CodeIgniter\Boot::runCodeIgniter(Object(CodeIgniter\CodeIgniter))
 6 FCPATH\index.php(59): CodeIgniter\Boot::bootWeb(Object(Config\Paths))
 7 SYSTEMPATH\rewrite.php(44): require_once('C:\\Users\\Administrator\\Documents\\GITHUB\\KAPAL-FE-HTML\\home\\public\\index.php')
DEBUG - 2025-08-15 04:07:26 --> Session: Class initialized using 'CodeIgniter\Session\Handlers\FileHandler' driver.
WARNING - 2025-08-15 04:07:26 --> [DEPRECATED] Creation of dynamic property App\Controllers\Boats::$session is deprecated in APPPATH\Controllers\BaseController.php on line 53.
 1 SYSTEMPATH\CodeIgniter.php(904): App\Controllers\BaseController->initController(Object(CodeIgniter\HTTP\IncomingRequest), Object(CodeIgniter\HTTP\Response), Object(CodeIgniter\Log\Logger))
 2 SYSTEMPATH\CodeIgniter.php(498): CodeIgniter\CodeIgniter->createController()
 3 SYSTEMPATH\CodeIgniter.php(354): CodeIgniter\CodeIgniter->handleRequest(null, Object(Config\Cache), false)
 4 SYSTEMPATH\Boot.php(363): CodeIgniter\CodeIgniter->run()
 5 SYSTEMPATH\Boot.php(68): CodeIgniter\Boot::runCodeIgniter(Object(CodeIgniter\CodeIgniter))
 6 FCPATH\index.php(59): CodeIgniter\Boot::bootWeb(Object(Config\Paths))
 7 SYSTEMPATH\rewrite.php(44): require_once('C:\\Users\\Administrator\\Documents\\GITHUB\\KAPAL-FE-HTML\\home\\public\\index.php')
DEBUG - 2025-08-15 04:07:58 --> Session: Class initialized using 'CodeIgniter\Session\Handlers\FileHandler' driver.
WARNING - 2025-08-15 04:07:58 --> [DEPRECATED] Creation of dynamic property App\Controllers\Boats::$session is deprecated in APPPATH\Controllers\BaseController.php on line 53.
 1 SYSTEMPATH\CodeIgniter.php(904): App\Controllers\BaseController->initController(Object(CodeIgniter\HTTP\IncomingRequest), Object(CodeIgniter\HTTP\Response), Object(CodeIgniter\Log\Logger))
 2 SYSTEMPATH\CodeIgniter.php(498): CodeIgniter\CodeIgniter->createController()
 3 SYSTEMPATH\CodeIgniter.php(354): CodeIgniter\CodeIgniter->handleRequest(null, Object(Config\Cache), false)
 4 SYSTEMPATH\Boot.php(363): CodeIgniter\CodeIgniter->run()
 5 SYSTEMPATH\Boot.php(68): CodeIgniter\Boot::runCodeIgniter(Object(CodeIgniter\CodeIgniter))
 6 FCPATH\index.php(59): CodeIgniter\Boot::bootWeb(Object(Config\Paths))
 7 SYSTEMPATH\rewrite.php(44): require_once('C:\\Users\\Administrator\\Documents\\GITHUB\\KAPAL-FE-HTML\\home\\public\\index.php')
CRITICAL - 2025-08-15 04:07:59 --> ErrorException: Undefined array key "open_trip_id"
[Method: GET, Route: boats/my-open-trip-requests]
in APPPATH\Views\boats\open_trip_requests.php on line 54.
 1 APPPATH\Views\boats\open_trip_requests.php(54): CodeIgniter\Debug\Exceptions->errorHandler(2, 'Undefined array key "open_trip_id"', 'C:\\Users\\Administrator\\Documents\\GITHUB\\KAPAL-FE-HTML\\home\\app\\Views\\boats\\open_trip_requests.php', 54)
 2 SYSTEMPATH\View\View.php(226): include('C:\\Users\\Administrator\\Documents\\GITHUB\\KAPAL-FE-HTML\\home\\app\\Views\\boats\\open_trip_requests.php')
 3 SYSTEMPATH\View\View.php(229): CodeIgniter\View\View->CodeIgniter\View\{closure}()
 4 SYSTEMPATH\Common.php(1167): CodeIgniter\View\View->render('boats/open_trip_requests', [], true)
 5 APPPATH\Controllers\BaseController.php(65): view('boats/open_trip_requests', [...])
 6 APPPATH\Controllers\Boats.php(256): App\Controllers\BaseController->render('boats/open_trip_requests', [...])
 7 SYSTEMPATH\CodeIgniter.php(933): App\Controllers\Boats->openTripRequests()
 8 SYSTEMPATH\CodeIgniter.php(507): CodeIgniter\CodeIgniter->runController(Object(App\Controllers\Boats))
 9 SYSTEMPATH\CodeIgniter.php(354): CodeIgniter\CodeIgniter->handleRequest(null, Object(Config\Cache), false)
10 SYSTEMPATH\Boot.php(363): CodeIgniter\CodeIgniter->run()
11 SYSTEMPATH\Boot.php(68): CodeIgniter\Boot::runCodeIgniter(Object(CodeIgniter\CodeIgniter))
12 FCPATH\index.php(59): CodeIgniter\Boot::bootWeb(Object(Config\Paths))
13 SYSTEMPATH\rewrite.php(44): require_once('C:\\Users\\Administrator\\Documents\\GITHUB\\KAPAL-FE-HTML\\home\\public\\index.php')
DEBUG - 2025-08-15 04:12:13 --> Session: Class initialized using 'CodeIgniter\Session\Handlers\FileHandler' driver.
CRITICAL - 2025-08-15 04:12:13 --> ErrorException: Cannot redeclare App\Controllers\Boats::openTripRequests()
[Method: GET, Route: boats/my-open-trip-requests]
in APPPATH\Controllers\Boats.php on line 224.
 1 [internal function]: CodeIgniter\Debug\Exceptions->shutdownHandler()
DEBUG - 2025-08-15 04:12:15 --> Session: Class initialized using 'CodeIgniter\Session\Handlers\FileHandler' driver.
CRITICAL - 2025-08-15 04:12:15 --> ErrorException: Cannot redeclare App\Controllers\Boats::openTripRequests()
[Method: GET, Route: boats/open-trip]
in APPPATH\Controllers\Boats.php on line 224.
 1 [internal function]: CodeIgniter\Debug\Exceptions->shutdownHandler()
DEBUG - 2025-08-15 04:12:17 --> Session: Class initialized using 'CodeIgniter\Session\Handlers\FileHandler' driver.
CRITICAL - 2025-08-15 04:12:17 --> ErrorException: Cannot redeclare App\Controllers\Boats::openTripRequests()
[Method: GET, Route: boats/my-open-trip-requests]
in APPPATH\Controllers\Boats.php on line 224.
 1 [internal function]: CodeIgniter\Debug\Exceptions->shutdownHandler()
DEBUG - 2025-08-15 04:12:18 --> Session: Class initialized using 'CodeIgniter\Session\Handlers\FileHandler' driver.
CRITICAL - 2025-08-15 04:12:18 --> ErrorException: Cannot redeclare App\Controllers\Boats::openTripRequests()
[Method: GET, Route: boats/open-trip]
in APPPATH\Controllers\Boats.php on line 224.
 1 [internal function]: CodeIgniter\Debug\Exceptions->shutdownHandler()
DEBUG - 2025-08-15 04:12:19 --> Session: Class initialized using 'CodeIgniter\Session\Handlers\FileHandler' driver.
CRITICAL - 2025-08-15 04:12:19 --> ErrorException: Cannot redeclare App\Controllers\Boats::openTripRequests()
[Method: GET, Route: boats/open-trip]
in APPPATH\Controllers\Boats.php on line 224.
 1 [internal function]: CodeIgniter\Debug\Exceptions->shutdownHandler()
DEBUG - 2025-08-15 04:12:20 --> Session: Class initialized using 'CodeIgniter\Session\Handlers\FileHandler' driver.
WARNING - 2025-08-15 04:12:20 --> [DEPRECATED] Creation of dynamic property App\Controllers\Home::$session is deprecated in APPPATH\Controllers\BaseController.php on line 53.
 1 SYSTEMPATH\CodeIgniter.php(904): App\Controllers\BaseController->initController(Object(CodeIgniter\HTTP\IncomingRequest), Object(CodeIgniter\HTTP\Response), Object(CodeIgniter\Log\Logger))
 2 SYSTEMPATH\CodeIgniter.php(498): CodeIgniter\CodeIgniter->createController()
 3 SYSTEMPATH\CodeIgniter.php(354): CodeIgniter\CodeIgniter->handleRequest(null, Object(Config\Cache), false)
 4 SYSTEMPATH\Boot.php(363): CodeIgniter\CodeIgniter->run()
 5 SYSTEMPATH\Boot.php(68): CodeIgniter\Boot::runCodeIgniter(Object(CodeIgniter\CodeIgniter))
 6 FCPATH\index.php(59): CodeIgniter\Boot::bootWeb(Object(Config\Paths))
 7 SYSTEMPATH\rewrite.php(44): require_once('C:\\Users\\Administrator\\Documents\\GITHUB\\KAPAL-FE-HTML\\home\\public\\index.php')
DEBUG - 2025-08-15 04:12:22 --> Session: Class initialized using 'CodeIgniter\Session\Handlers\FileHandler' driver.
CRITICAL - 2025-08-15 04:12:22 --> ErrorException: Cannot redeclare App\Controllers\Boats::openTripRequests()
[Method: GET, Route: boats/open-trip]
in APPPATH\Controllers\Boats.php on line 224.
 1 [internal function]: CodeIgniter\Debug\Exceptions->shutdownHandler()
DEBUG - 2025-08-15 04:12:35 --> Session: Class initialized using 'CodeIgniter\Session\Handlers\FileHandler' driver.
WARNING - 2025-08-15 04:12:35 --> [DEPRECATED] Creation of dynamic property App\Controllers\Boats::$session is deprecated in APPPATH\Controllers\BaseController.php on line 53.
 1 SYSTEMPATH\CodeIgniter.php(904): App\Controllers\BaseController->initController(Object(CodeIgniter\HTTP\IncomingRequest), Object(CodeIgniter\HTTP\Response), Object(CodeIgniter\Log\Logger))
 2 SYSTEMPATH\CodeIgniter.php(498): CodeIgniter\CodeIgniter->createController()
 3 SYSTEMPATH\CodeIgniter.php(354): CodeIgniter\CodeIgniter->handleRequest(null, Object(Config\Cache), false)
 4 SYSTEMPATH\Boot.php(363): CodeIgniter\CodeIgniter->run()
 5 SYSTEMPATH\Boot.php(68): CodeIgniter\Boot::runCodeIgniter(Object(CodeIgniter\CodeIgniter))
 6 FCPATH\index.php(59): CodeIgniter\Boot::bootWeb(Object(Config\Paths))
 7 SYSTEMPATH\rewrite.php(44): require_once('C:\\Users\\Administrator\\Documents\\GITHUB\\KAPAL-FE-HTML\\home\\public\\index.php')
DEBUG - 2025-08-15 04:12:37 --> Session: Class initialized using 'CodeIgniter\Session\Handlers\FileHandler' driver.
WARNING - 2025-08-15 04:12:37 --> [DEPRECATED] Creation of dynamic property App\Controllers\Boats::$session is deprecated in APPPATH\Controllers\BaseController.php on line 53.
 1 SYSTEMPATH\CodeIgniter.php(904): App\Controllers\BaseController->initController(Object(CodeIgniter\HTTP\IncomingRequest), Object(CodeIgniter\HTTP\Response), Object(CodeIgniter\Log\Logger))
 2 SYSTEMPATH\CodeIgniter.php(498): CodeIgniter\CodeIgniter->createController()
 3 SYSTEMPATH\CodeIgniter.php(354): CodeIgniter\CodeIgniter->handleRequest(null, Object(Config\Cache), false)
 4 SYSTEMPATH\Boot.php(363): CodeIgniter\CodeIgniter->run()
 5 SYSTEMPATH\Boot.php(68): CodeIgniter\Boot::runCodeIgniter(Object(CodeIgniter\CodeIgniter))
 6 FCPATH\index.php(59): CodeIgniter\Boot::bootWeb(Object(Config\Paths))
 7 SYSTEMPATH\rewrite.php(44): require_once('C:\\Users\\Administrator\\Documents\\GITHUB\\KAPAL-FE-HTML\\home\\public\\index.php')
DEBUG - 2025-08-15 04:15:12 --> Session: Class initialized using 'CodeIgniter\Session\Handlers\FileHandler' driver.
WARNING - 2025-08-15 04:15:12 --> [DEPRECATED] Creation of dynamic property App\Controllers\Boats::$session is deprecated in APPPATH\Controllers\BaseController.php on line 53.
 1 SYSTEMPATH\CodeIgniter.php(904): App\Controllers\BaseController->initController(Object(CodeIgniter\HTTP\IncomingRequest), Object(CodeIgniter\HTTP\Response), Object(CodeIgniter\Log\Logger))
 2 SYSTEMPATH\CodeIgniter.php(498): CodeIgniter\CodeIgniter->createController()
 3 SYSTEMPATH\CodeIgniter.php(354): CodeIgniter\CodeIgniter->handleRequest(null, Object(Config\Cache), false)
 4 SYSTEMPATH\Boot.php(363): CodeIgniter\CodeIgniter->run()
 5 SYSTEMPATH\Boot.php(68): CodeIgniter\Boot::runCodeIgniter(Object(CodeIgniter\CodeIgniter))
 6 FCPATH\index.php(59): CodeIgniter\Boot::bootWeb(Object(Config\Paths))
 7 SYSTEMPATH\rewrite.php(44): require_once('C:\\Users\\Administrator\\Documents\\GITHUB\\KAPAL-FE-HTML\\home\\public\\index.php')
DEBUG - 2025-08-15 04:21:26 --> Session: Class initialized using 'CodeIgniter\Session\Handlers\FileHandler' driver.
WARNING - 2025-08-15 04:21:26 --> [DEPRECATED] Creation of dynamic property App\Controllers\Boats::$session is deprecated in APPPATH\Controllers\BaseController.php on line 53.
 1 SYSTEMPATH\CodeIgniter.php(904): App\Controllers\BaseController->initController(Object(CodeIgniter\HTTP\IncomingRequest), Object(CodeIgniter\HTTP\Response), Object(CodeIgniter\Log\Logger))
 2 SYSTEMPATH\CodeIgniter.php(498): CodeIgniter\CodeIgniter->createController()
 3 SYSTEMPATH\CodeIgniter.php(354): CodeIgniter\CodeIgniter->handleRequest(null, Object(Config\Cache), false)
 4 SYSTEMPATH\Boot.php(363): CodeIgniter\CodeIgniter->run()
 5 SYSTEMPATH\Boot.php(68): CodeIgniter\Boot::runCodeIgniter(Object(CodeIgniter\CodeIgniter))
 6 FCPATH\index.php(59): CodeIgniter\Boot::bootWeb(Object(Config\Paths))
 7 SYSTEMPATH\rewrite.php(44): require_once('C:\\Users\\Administrator\\Documents\\GITHUB\\KAPAL-FE-HTML\\home\\public\\index.php')
DEBUG - 2025-08-15 04:21:33 --> Session: Class initialized using 'CodeIgniter\Session\Handlers\FileHandler' driver.
WARNING - 2025-08-15 04:21:33 --> [DEPRECATED] Creation of dynamic property App\Controllers\Boats::$session is deprecated in APPPATH\Controllers\BaseController.php on line 53.
 1 SYSTEMPATH\CodeIgniter.php(904): App\Controllers\BaseController->initController(Object(CodeIgniter\HTTP\IncomingRequest), Object(CodeIgniter\HTTP\Response), Object(CodeIgniter\Log\Logger))
 2 SYSTEMPATH\CodeIgniter.php(498): CodeIgniter\CodeIgniter->createController()
 3 SYSTEMPATH\CodeIgniter.php(354): CodeIgniter\CodeIgniter->handleRequest(null, Object(Config\Cache), false)
 4 SYSTEMPATH\Boot.php(363): CodeIgniter\CodeIgniter->run()
 5 SYSTEMPATH\Boot.php(68): CodeIgniter\Boot::runCodeIgniter(Object(CodeIgniter\CodeIgniter))
 6 FCPATH\index.php(59): CodeIgniter\Boot::bootWeb(Object(Config\Paths))
 7 SYSTEMPATH\rewrite.php(44): require_once('C:\\Users\\Administrator\\Documents\\GITHUB\\KAPAL-FE-HTML\\home\\public\\index.php')
DEBUG - 2025-08-15 04:21:38 --> Session: Class initialized using 'CodeIgniter\Session\Handlers\FileHandler' driver.
WARNING - 2025-08-15 04:21:38 --> [DEPRECATED] Creation of dynamic property App\Controllers\Boats::$session is deprecated in APPPATH\Controllers\BaseController.php on line 53.
 1 SYSTEMPATH\CodeIgniter.php(904): App\Controllers\BaseController->initController(Object(CodeIgniter\HTTP\IncomingRequest), Object(CodeIgniter\HTTP\Response), Object(CodeIgniter\Log\Logger))
 2 SYSTEMPATH\CodeIgniter.php(498): CodeIgniter\CodeIgniter->createController()
 3 SYSTEMPATH\CodeIgniter.php(354): CodeIgniter\CodeIgniter->handleRequest(null, Object(Config\Cache), false)
 4 SYSTEMPATH\Boot.php(363): CodeIgniter\CodeIgniter->run()
 5 SYSTEMPATH\Boot.php(68): CodeIgniter\Boot::runCodeIgniter(Object(CodeIgniter\CodeIgniter))
 6 FCPATH\index.php(59): CodeIgniter\Boot::bootWeb(Object(Config\Paths))
 7 SYSTEMPATH\rewrite.php(44): require_once('C:\\Users\\Administrator\\Documents\\GITHUB\\KAPAL-FE-HTML\\home\\public\\index.php')
DEBUG - 2025-08-15 04:21:43 --> Session: Class initialized using 'CodeIgniter\Session\Handlers\FileHandler' driver.
WARNING - 2025-08-15 04:21:43 --> [DEPRECATED] Creation of dynamic property App\Controllers\Boats::$session is deprecated in APPPATH\Controllers\BaseController.php on line 53.
 1 SYSTEMPATH\CodeIgniter.php(904): App\Controllers\BaseController->initController(Object(CodeIgniter\HTTP\IncomingRequest), Object(CodeIgniter\HTTP\Response), Object(CodeIgniter\Log\Logger))
 2 SYSTEMPATH\CodeIgniter.php(498): CodeIgniter\CodeIgniter->createController()
 3 SYSTEMPATH\CodeIgniter.php(354): CodeIgniter\CodeIgniter->handleRequest(null, Object(Config\Cache), false)
 4 SYSTEMPATH\Boot.php(363): CodeIgniter\CodeIgniter->run()
 5 SYSTEMPATH\Boot.php(68): CodeIgniter\Boot::runCodeIgniter(Object(CodeIgniter\CodeIgniter))
 6 FCPATH\index.php(59): CodeIgniter\Boot::bootWeb(Object(Config\Paths))
 7 SYSTEMPATH\rewrite.php(44): require_once('C:\\Users\\Administrator\\Documents\\GITHUB\\KAPAL-FE-HTML\\home\\public\\index.php')
DEBUG - 2025-08-15 04:23:13 --> Session: Class initialized using 'CodeIgniter\Session\Handlers\FileHandler' driver.
WARNING - 2025-08-15 04:23:13 --> [DEPRECATED] Creation of dynamic property App\Controllers\Boats::$session is deprecated in APPPATH\Controllers\BaseController.php on line 53.
 1 SYSTEMPATH\CodeIgniter.php(904): App\Controllers\BaseController->initController(Object(CodeIgniter\HTTP\IncomingRequest), Object(CodeIgniter\HTTP\Response), Object(CodeIgniter\Log\Logger))
 2 SYSTEMPATH\CodeIgniter.php(498): CodeIgniter\CodeIgniter->createController()
 3 SYSTEMPATH\CodeIgniter.php(354): CodeIgniter\CodeIgniter->handleRequest(null, Object(Config\Cache), false)
 4 SYSTEMPATH\Boot.php(363): CodeIgniter\CodeIgniter->run()
 5 SYSTEMPATH\Boot.php(68): CodeIgniter\Boot::runCodeIgniter(Object(CodeIgniter\CodeIgniter))
 6 FCPATH\index.php(59): CodeIgniter\Boot::bootWeb(Object(Config\Paths))
 7 SYSTEMPATH\rewrite.php(44): require_once('C:\\Users\\Administrator\\Documents\\GITHUB\\KAPAL-FE-HTML\\home\\public\\index.php')
DEBUG - 2025-08-15 04:23:29 --> Session: Class initialized using 'CodeIgniter\Session\Handlers\FileHandler' driver.
WARNING - 2025-08-15 04:23:29 --> [DEPRECATED] Creation of dynamic property App\Controllers\Boats::$session is deprecated in APPPATH\Controllers\BaseController.php on line 53.
 1 SYSTEMPATH\CodeIgniter.php(904): App\Controllers\BaseController->initController(Object(CodeIgniter\HTTP\IncomingRequest), Object(CodeIgniter\HTTP\Response), Object(CodeIgniter\Log\Logger))
 2 SYSTEMPATH\CodeIgniter.php(498): CodeIgniter\CodeIgniter->createController()
 3 SYSTEMPATH\CodeIgniter.php(354): CodeIgniter\CodeIgniter->handleRequest(null, Object(Config\Cache), false)
 4 SYSTEMPATH\Boot.php(363): CodeIgniter\CodeIgniter->run()
 5 SYSTEMPATH\Boot.php(68): CodeIgniter\Boot::runCodeIgniter(Object(CodeIgniter\CodeIgniter))
 6 FCPATH\index.php(59): CodeIgniter\Boot::bootWeb(Object(Config\Paths))
 7 SYSTEMPATH\rewrite.php(44): require_once('C:\\Users\\Administrator\\Documents\\GITHUB\\KAPAL-FE-HTML\\home\\public\\index.php')
DEBUG - 2025-08-15 04:26:46 --> Session: Class initialized using 'CodeIgniter\Session\Handlers\FileHandler' driver.
WARNING - 2025-08-15 04:26:46 --> [DEPRECATED] Creation of dynamic property App\Controllers\Boats::$session is deprecated in APPPATH\Controllers\BaseController.php on line 53.
 1 SYSTEMPATH\CodeIgniter.php(904): App\Controllers\BaseController->initController(Object(CodeIgniter\HTTP\IncomingRequest), Object(CodeIgniter\HTTP\Response), Object(CodeIgniter\Log\Logger))
 2 SYSTEMPATH\CodeIgniter.php(498): CodeIgniter\CodeIgniter->createController()
 3 SYSTEMPATH\CodeIgniter.php(354): CodeIgniter\CodeIgniter->handleRequest(null, Object(Config\Cache), false)
 4 SYSTEMPATH\Boot.php(363): CodeIgniter\CodeIgniter->run()
 5 SYSTEMPATH\Boot.php(68): CodeIgniter\Boot::runCodeIgniter(Object(CodeIgniter\CodeIgniter))
 6 FCPATH\index.php(59): CodeIgniter\Boot::bootWeb(Object(Config\Paths))
 7 SYSTEMPATH\rewrite.php(44): require_once('C:\\Users\\Administrator\\Documents\\GITHUB\\KAPAL-FE-HTML\\home\\public\\index.php')
DEBUG - 2025-08-15 04:26:47 --> Session: Class initialized using 'CodeIgniter\Session\Handlers\FileHandler' driver.
WARNING - 2025-08-15 04:26:47 --> [DEPRECATED] Creation of dynamic property App\Controllers\Boats::$session is deprecated in APPPATH\Controllers\BaseController.php on line 53.
 1 SYSTEMPATH\CodeIgniter.php(904): App\Controllers\BaseController->initController(Object(CodeIgniter\HTTP\IncomingRequest), Object(CodeIgniter\HTTP\Response), Object(CodeIgniter\Log\Logger))
 2 SYSTEMPATH\CodeIgniter.php(498): CodeIgniter\CodeIgniter->createController()
 3 SYSTEMPATH\CodeIgniter.php(354): CodeIgniter\CodeIgniter->handleRequest(null, Object(Config\Cache), false)
 4 SYSTEMPATH\Boot.php(363): CodeIgniter\CodeIgniter->run()
 5 SYSTEMPATH\Boot.php(68): CodeIgniter\Boot::runCodeIgniter(Object(CodeIgniter\CodeIgniter))
 6 FCPATH\index.php(59): CodeIgniter\Boot::bootWeb(Object(Config\Paths))
 7 SYSTEMPATH\rewrite.php(44): require_once('C:\\Users\\Administrator\\Documents\\GITHUB\\KAPAL-FE-HTML\\home\\public\\index.php')
DEBUG - 2025-08-15 04:26:48 --> Session: Class initialized using 'CodeIgniter\Session\Handlers\FileHandler' driver.
WARNING - 2025-08-15 04:26:48 --> [DEPRECATED] Creation of dynamic property App\Controllers\Boats::$session is deprecated in APPPATH\Controllers\BaseController.php on line 53.
 1 SYSTEMPATH\CodeIgniter.php(904): App\Controllers\BaseController->initController(Object(CodeIgniter\HTTP\IncomingRequest), Object(CodeIgniter\HTTP\Response), Object(CodeIgniter\Log\Logger))
 2 SYSTEMPATH\CodeIgniter.php(498): CodeIgniter\CodeIgniter->createController()
 3 SYSTEMPATH\CodeIgniter.php(354): CodeIgniter\CodeIgniter->handleRequest(null, Object(Config\Cache), false)
 4 SYSTEMPATH\Boot.php(363): CodeIgniter\CodeIgniter->run()
 5 SYSTEMPATH\Boot.php(68): CodeIgniter\Boot::runCodeIgniter(Object(CodeIgniter\CodeIgniter))
 6 FCPATH\index.php(59): CodeIgniter\Boot::bootWeb(Object(Config\Paths))
 7 SYSTEMPATH\rewrite.php(44): require_once('C:\\Users\\Administrator\\Documents\\GITHUB\\KAPAL-FE-HTML\\home\\public\\index.php')
CRITICAL - 2025-08-15 04:26:48 --> CodeIgniter\View\Exceptions\ViewException: Invalid file: "layouts/main.php"
[Method: GET, Route: boats/open-trip-members/2]
in SYSTEMPATH\Exceptions\FrameworkException.php on line 39.
 1 SYSTEMPATH\View\View.php(214): CodeIgniter\Exceptions\FrameworkException::forInvalidFile('layouts/main.php')
 2 SYSTEMPATH\View\View.php(242): CodeIgniter\View\View->render('layouts/main', [], true)
 3 SYSTEMPATH\Common.php(1167): CodeIgniter\View\View->render('boats/open_trip_members', [], true)
 4 APPPATH\Controllers\Boats.php(282): view('boats/open_trip_members', [...])
 5 SYSTEMPATH\CodeIgniter.php(933): App\Controllers\Boats->manageOpenTripMembers('2')
 6 SYSTEMPATH\CodeIgniter.php(507): CodeIgniter\CodeIgniter->runController(Object(App\Controllers\Boats))
 7 SYSTEMPATH\CodeIgniter.php(354): CodeIgniter\CodeIgniter->handleRequest(null, Object(Config\Cache), false)
 8 SYSTEMPATH\Boot.php(363): CodeIgniter\CodeIgniter->run()
 9 SYSTEMPATH\Boot.php(68): CodeIgniter\Boot::runCodeIgniter(Object(CodeIgniter\CodeIgniter))
10 FCPATH\index.php(59): CodeIgniter\Boot::bootWeb(Object(Config\Paths))
11 SYSTEMPATH\rewrite.php(44): require_once('C:\\Users\\Administrator\\Documents\\GITHUB\\KAPAL-FE-HTML\\home\\public\\index.php')
DEBUG - 2025-08-15 04:26:53 --> Session: Class initialized using 'CodeIgniter\Session\Handlers\FileHandler' driver.
WARNING - 2025-08-15 04:26:53 --> [DEPRECATED] Creation of dynamic property App\Controllers\Boats::$session is deprecated in APPPATH\Controllers\BaseController.php on line 53.
 1 SYSTEMPATH\CodeIgniter.php(904): App\Controllers\BaseController->initController(Object(CodeIgniter\HTTP\IncomingRequest), Object(CodeIgniter\HTTP\Response), Object(CodeIgniter\Log\Logger))
 2 SYSTEMPATH\CodeIgniter.php(498): CodeIgniter\CodeIgniter->createController()
 3 SYSTEMPATH\CodeIgniter.php(354): CodeIgniter\CodeIgniter->handleRequest(null, Object(Config\Cache), false)
 4 SYSTEMPATH\Boot.php(363): CodeIgniter\CodeIgniter->run()
 5 SYSTEMPATH\Boot.php(68): CodeIgniter\Boot::runCodeIgniter(Object(CodeIgniter\CodeIgniter))
 6 FCPATH\index.php(59): CodeIgniter\Boot::bootWeb(Object(Config\Paths))
 7 SYSTEMPATH\rewrite.php(44): require_once('C:\\Users\\Administrator\\Documents\\GITHUB\\KAPAL-FE-HTML\\home\\public\\index.php')
DEBUG - 2025-08-15 04:27:04 --> Session: Class initialized using 'CodeIgniter\Session\Handlers\FileHandler' driver.
WARNING - 2025-08-15 04:27:04 --> [DEPRECATED] Creation of dynamic property App\Controllers\Boats::$session is deprecated in APPPATH\Controllers\BaseController.php on line 53.
 1 SYSTEMPATH\CodeIgniter.php(904): App\Controllers\BaseController->initController(Object(CodeIgniter\HTTP\IncomingRequest), Object(CodeIgniter\HTTP\Response), Object(CodeIgniter\Log\Logger))
 2 SYSTEMPATH\CodeIgniter.php(498): CodeIgniter\CodeIgniter->createController()
 3 SYSTEMPATH\CodeIgniter.php(354): CodeIgniter\CodeIgniter->handleRequest(null, Object(Config\Cache), false)
 4 SYSTEMPATH\Boot.php(363): CodeIgniter\CodeIgniter->run()
 5 SYSTEMPATH\Boot.php(68): CodeIgniter\Boot::runCodeIgniter(Object(CodeIgniter\CodeIgniter))
 6 FCPATH\index.php(59): CodeIgniter\Boot::bootWeb(Object(Config\Paths))
 7 SYSTEMPATH\rewrite.php(44): require_once('C:\\Users\\Administrator\\Documents\\GITHUB\\KAPAL-FE-HTML\\home\\public\\index.php')
DEBUG - 2025-08-15 04:27:04 --> Session: Class initialized using 'CodeIgniter\Session\Handlers\FileHandler' driver.
WARNING - 2025-08-15 04:27:04 --> [DEPRECATED] Creation of dynamic property App\Controllers\Boats::$session is deprecated in APPPATH\Controllers\BaseController.php on line 53.
 1 SYSTEMPATH\CodeIgniter.php(904): App\Controllers\BaseController->initController(Object(CodeIgniter\HTTP\IncomingRequest), Object(CodeIgniter\HTTP\Response), Object(CodeIgniter\Log\Logger))
 2 SYSTEMPATH\CodeIgniter.php(498): CodeIgniter\CodeIgniter->createController()
 3 SYSTEMPATH\CodeIgniter.php(354): CodeIgniter\CodeIgniter->handleRequest(null, Object(Config\Cache), false)
 4 SYSTEMPATH\Boot.php(363): CodeIgniter\CodeIgniter->run()
 5 SYSTEMPATH\Boot.php(68): CodeIgniter\Boot::runCodeIgniter(Object(CodeIgniter\CodeIgniter))
 6 FCPATH\index.php(59): CodeIgniter\Boot::bootWeb(Object(Config\Paths))
 7 SYSTEMPATH\rewrite.php(44): require_once('C:\\Users\\Administrator\\Documents\\GITHUB\\KAPAL-FE-HTML\\home\\public\\index.php')
CRITICAL - 2025-08-15 04:27:04 --> CodeIgniter\View\Exceptions\ViewException: Invalid file: "layouts/main.php"
[Method: GET, Route: boats/open-trip-members/2]
in SYSTEMPATH\Exceptions\FrameworkException.php on line 39.
 1 SYSTEMPATH\View\View.php(214): CodeIgniter\Exceptions\FrameworkException::forInvalidFile('layouts/main.php')
 2 SYSTEMPATH\View\View.php(242): CodeIgniter\View\View->render('layouts/main', [], true)
 3 SYSTEMPATH\Common.php(1167): CodeIgniter\View\View->render('boats/open_trip_members', [], true)
 4 APPPATH\Controllers\Boats.php(282): view('boats/open_trip_members', [...])
 5 SYSTEMPATH\CodeIgniter.php(933): App\Controllers\Boats->manageOpenTripMembers('2')
 6 SYSTEMPATH\CodeIgniter.php(507): CodeIgniter\CodeIgniter->runController(Object(App\Controllers\Boats))
 7 SYSTEMPATH\CodeIgniter.php(354): CodeIgniter\CodeIgniter->handleRequest(null, Object(Config\Cache), false)
 8 SYSTEMPATH\Boot.php(363): CodeIgniter\CodeIgniter->run()
 9 SYSTEMPATH\Boot.php(68): CodeIgniter\Boot::runCodeIgniter(Object(CodeIgniter\CodeIgniter))
10 FCPATH\index.php(59): CodeIgniter\Boot::bootWeb(Object(Config\Paths))
11 SYSTEMPATH\rewrite.php(44): require_once('C:\\Users\\Administrator\\Documents\\GITHUB\\KAPAL-FE-HTML\\home\\public\\index.php')
DEBUG - 2025-08-15 05:58:18 --> Session: Class initialized using 'CodeIgniter\Session\Handlers\FileHandler' driver.
WARNING - 2025-08-15 05:58:18 --> [DEPRECATED] Creation of dynamic property App\Controllers\Boats::$session is deprecated in APPPATH\Controllers\BaseController.php on line 53.
 1 SYSTEMPATH\CodeIgniter.php(904): App\Controllers\BaseController->initController(Object(CodeIgniter\HTTP\IncomingRequest), Object(CodeIgniter\HTTP\Response), Object(CodeIgniter\Log\Logger))
 2 SYSTEMPATH\CodeIgniter.php(498): CodeIgniter\CodeIgniter->createController()
 3 SYSTEMPATH\CodeIgniter.php(354): CodeIgniter\CodeIgniter->handleRequest(null, Object(Config\Cache), false)
 4 SYSTEMPATH\Boot.php(363): CodeIgniter\CodeIgniter->run()
 5 SYSTEMPATH\Boot.php(68): CodeIgniter\Boot::runCodeIgniter(Object(CodeIgniter\CodeIgniter))
 6 FCPATH\index.php(59): CodeIgniter\Boot::bootWeb(Object(Config\Paths))
 7 SYSTEMPATH\rewrite.php(44): require_once('C:\\Users\\Administrator\\Documents\\GITHUB\\KAPAL-FE-HTML\\home\\public\\index.php')
CRITICAL - 2025-08-15 05:58:18 --> CodeIgniter\View\Exceptions\ViewException: Invalid file: "layouts/main.php"
[Method: GET, Route: boats/open-trip-members/2]
in SYSTEMPATH\Exceptions\FrameworkException.php on line 39.
 1 SYSTEMPATH\View\View.php(214): CodeIgniter\Exceptions\FrameworkException::forInvalidFile('layouts/main.php')
 2 SYSTEMPATH\View\View.php(242): CodeIgniter\View\View->render('layouts/main', [], true)
 3 SYSTEMPATH\Common.php(1167): CodeIgniter\View\View->render('boats/open_trip_members', [], true)
 4 APPPATH\Controllers\Boats.php(282): view('boats/open_trip_members', [...])
 5 SYSTEMPATH\CodeIgniter.php(933): App\Controllers\Boats->manageOpenTripMembers('2')
 6 SYSTEMPATH\CodeIgniter.php(507): CodeIgniter\CodeIgniter->runController(Object(App\Controllers\Boats))
 7 SYSTEMPATH\CodeIgniter.php(354): CodeIgniter\CodeIgniter->handleRequest(null, Object(Config\Cache), false)
 8 SYSTEMPATH\Boot.php(363): CodeIgniter\CodeIgniter->run()
 9 SYSTEMPATH\Boot.php(68): CodeIgniter\Boot::runCodeIgniter(Object(CodeIgniter\CodeIgniter))
10 FCPATH\index.php(59): CodeIgniter\Boot::bootWeb(Object(Config\Paths))
11 SYSTEMPATH\rewrite.php(44): require_once('C:\\Users\\Administrator\\Documents\\GITHUB\\KAPAL-FE-HTML\\home\\public\\index.php')
DEBUG - 2025-08-15 06:19:02 --> Session: Class initialized using 'CodeIgniter\Session\Handlers\FileHandler' driver.
WARNING - 2025-08-15 06:19:02 --> [DEPRECATED] Creation of dynamic property App\Controllers\Boats::$session is deprecated in APPPATH\Controllers\BaseController.php on line 53.
 1 SYSTEMPATH\CodeIgniter.php(904): App\Controllers\BaseController->initController(Object(CodeIgniter\HTTP\IncomingRequest), Object(CodeIgniter\HTTP\Response), Object(CodeIgniter\Log\Logger))
 2 SYSTEMPATH\CodeIgniter.php(498): CodeIgniter\CodeIgniter->createController()
 3 SYSTEMPATH\CodeIgniter.php(354): CodeIgniter\CodeIgniter->handleRequest(null, Object(Config\Cache), false)
 4 SYSTEMPATH\Boot.php(363): CodeIgniter\CodeIgniter->run()
 5 SYSTEMPATH\Boot.php(68): CodeIgniter\Boot::runCodeIgniter(Object(CodeIgniter\CodeIgniter))
 6 FCPATH\index.php(59): CodeIgniter\Boot::bootWeb(Object(Config\Paths))
 7 SYSTEMPATH\rewrite.php(44): require_once('C:\\Users\\Administrator\\Documents\\GITHUB\\KAPAL-FE-HTML\\home\\public\\index.php')
CRITICAL - 2025-08-15 06:19:10 --> ErrorException: Undefined variable $tripInfo
[Method: GET, Route: boats/open-trip-members/2]
in APPPATH\Views\boats\open_trip_members.php on line 20.
 1 APPPATH\Views\boats\open_trip_members.php(20): CodeIgniter\Debug\Exceptions->errorHandler(2, 'Undefined variable $tripInfo', 'C:\\Users\\Administrator\\Documents\\GITHUB\\KAPAL-FE-HTML\\home\\app\\Views\\boats\\open_trip_members.php', 20)
 2 SYSTEMPATH\View\View.php(226): include('C:\\Users\\Administrator\\Documents\\GITHUB\\KAPAL-FE-HTML\\home\\app\\Views\\boats\\open_trip_members.php')
 3 SYSTEMPATH\View\View.php(229): CodeIgniter\View\View->CodeIgniter\View\{closure}()
 4 SYSTEMPATH\Common.php(1167): CodeIgniter\View\View->render('boats/open_trip_members', [], true)
 5 APPPATH\Controllers\Boats.php(282): view('boats/open_trip_members', [...])
 6 SYSTEMPATH\CodeIgniter.php(933): App\Controllers\Boats->manageOpenTripMembers('2')
 7 SYSTEMPATH\CodeIgniter.php(507): CodeIgniter\CodeIgniter->runController(Object(App\Controllers\Boats))
 8 SYSTEMPATH\CodeIgniter.php(354): CodeIgniter\CodeIgniter->handleRequest(null, Object(Config\Cache), false)
 9 SYSTEMPATH\Boot.php(363): CodeIgniter\CodeIgniter->run()
10 SYSTEMPATH\Boot.php(68): CodeIgniter\Boot::runCodeIgniter(Object(CodeIgniter\CodeIgniter))
11 FCPATH\index.php(59): CodeIgniter\Boot::bootWeb(Object(Config\Paths))
12 SYSTEMPATH\rewrite.php(44): require_once('C:\\Users\\Administrator\\Documents\\GITHUB\\KAPAL-FE-HTML\\home\\public\\index.php')
DEBUG - 2025-08-15 06:19:10 --> Session: Class initialized using 'CodeIgniter\Session\Handlers\FileHandler' driver.
WARNING - 2025-08-15 06:19:10 --> [DEPRECATED] Creation of dynamic property App\Controllers\Boats::$session is deprecated in APPPATH\Controllers\BaseController.php on line 53.
 1 SYSTEMPATH\CodeIgniter.php(904): App\Controllers\BaseController->initController(Object(CodeIgniter\HTTP\IncomingRequest), Object(CodeIgniter\HTTP\Response), Object(CodeIgniter\Log\Logger))
 2 SYSTEMPATH\CodeIgniter.php(498): CodeIgniter\CodeIgniter->createController()
 3 SYSTEMPATH\CodeIgniter.php(354): CodeIgniter\CodeIgniter->handleRequest(null, Object(Config\Cache), false)
 4 SYSTEMPATH\Boot.php(363): CodeIgniter\CodeIgniter->run()
 5 SYSTEMPATH\Boot.php(68): CodeIgniter\Boot::runCodeIgniter(Object(CodeIgniter\CodeIgniter))
 6 FCPATH\index.php(59): CodeIgniter\Boot::bootWeb(Object(Config\Paths))
 7 SYSTEMPATH\rewrite.php(44): require_once('C:\\Users\\Administrator\\Documents\\GITHUB\\KAPAL-FE-HTML\\home\\public\\index.php')
DEBUG - 2025-08-15 06:19:13 --> Session: Class initialized using 'CodeIgniter\Session\Handlers\FileHandler' driver.
WARNING - 2025-08-15 06:19:13 --> [DEPRECATED] Creation of dynamic property App\Controllers\Boats::$session is deprecated in APPPATH\Controllers\BaseController.php on line 53.
 1 SYSTEMPATH\CodeIgniter.php(904): App\Controllers\BaseController->initController(Object(CodeIgniter\HTTP\IncomingRequest), Object(CodeIgniter\HTTP\Response), Object(CodeIgniter\Log\Logger))
 2 SYSTEMPATH\CodeIgniter.php(498): CodeIgniter\CodeIgniter->createController()
 3 SYSTEMPATH\CodeIgniter.php(354): CodeIgniter\CodeIgniter->handleRequest(null, Object(Config\Cache), false)
 4 SYSTEMPATH\Boot.php(363): CodeIgniter\CodeIgniter->run()
 5 SYSTEMPATH\Boot.php(68): CodeIgniter\Boot::runCodeIgniter(Object(CodeIgniter\CodeIgniter))
 6 FCPATH\index.php(59): CodeIgniter\Boot::bootWeb(Object(Config\Paths))
 7 SYSTEMPATH\rewrite.php(44): require_once('C:\\Users\\Administrator\\Documents\\GITHUB\\KAPAL-FE-HTML\\home\\public\\index.php')
DEBUG - 2025-08-15 06:19:13 --> Session: Class initialized using 'CodeIgniter\Session\Handlers\FileHandler' driver.
WARNING - 2025-08-15 06:19:13 --> [DEPRECATED] Creation of dynamic property App\Controllers\Boats::$session is deprecated in APPPATH\Controllers\BaseController.php on line 53.
 1 SYSTEMPATH\CodeIgniter.php(904): App\Controllers\BaseController->initController(Object(CodeIgniter\HTTP\IncomingRequest), Object(CodeIgniter\HTTP\Response), Object(CodeIgniter\Log\Logger))
 2 SYSTEMPATH\CodeIgniter.php(498): CodeIgniter\CodeIgniter->createController()
 3 SYSTEMPATH\CodeIgniter.php(354): CodeIgniter\CodeIgniter->handleRequest(null, Object(Config\Cache), false)
 4 SYSTEMPATH\Boot.php(363): CodeIgniter\CodeIgniter->run()
 5 SYSTEMPATH\Boot.php(68): CodeIgniter\Boot::runCodeIgniter(Object(CodeIgniter\CodeIgniter))
 6 FCPATH\index.php(59): CodeIgniter\Boot::bootWeb(Object(Config\Paths))
 7 SYSTEMPATH\rewrite.php(44): require_once('C:\\Users\\Administrator\\Documents\\GITHUB\\KAPAL-FE-HTML\\home\\public\\index.php')
CRITICAL - 2025-08-15 06:19:22 --> ErrorException: Undefined variable $tripInfo
[Method: GET, Route: boats/open-trip-members/2]
in APPPATH\Views\boats\open_trip_members.php on line 20.
 1 APPPATH\Views\boats\open_trip_members.php(20): CodeIgniter\Debug\Exceptions->errorHandler(2, 'Undefined variable $tripInfo', 'C:\\Users\\Administrator\\Documents\\GITHUB\\KAPAL-FE-HTML\\home\\app\\Views\\boats\\open_trip_members.php', 20)
 2 SYSTEMPATH\View\View.php(226): include('C:\\Users\\Administrator\\Documents\\GITHUB\\KAPAL-FE-HTML\\home\\app\\Views\\boats\\open_trip_members.php')
 3 SYSTEMPATH\View\View.php(229): CodeIgniter\View\View->CodeIgniter\View\{closure}()
 4 SYSTEMPATH\Common.php(1167): CodeIgniter\View\View->render('boats/open_trip_members', [], true)
 5 APPPATH\Controllers\Boats.php(282): view('boats/open_trip_members', [...])
 6 SYSTEMPATH\CodeIgniter.php(933): App\Controllers\Boats->manageOpenTripMembers('2')
 7 SYSTEMPATH\CodeIgniter.php(507): CodeIgniter\CodeIgniter->runController(Object(App\Controllers\Boats))
 8 SYSTEMPATH\CodeIgniter.php(354): CodeIgniter\CodeIgniter->handleRequest(null, Object(Config\Cache), false)
 9 SYSTEMPATH\Boot.php(363): CodeIgniter\CodeIgniter->run()
10 SYSTEMPATH\Boot.php(68): CodeIgniter\Boot::runCodeIgniter(Object(CodeIgniter\CodeIgniter))
11 FCPATH\index.php(59): CodeIgniter\Boot::bootWeb(Object(Config\Paths))
12 SYSTEMPATH\rewrite.php(44): require_once('C:\\Users\\Administrator\\Documents\\GITHUB\\KAPAL-FE-HTML\\home\\public\\index.php')
DEBUG - 2025-08-15 06:29:05 --> Session: Class initialized using 'CodeIgniter\Session\Handlers\FileHandler' driver.
WARNING - 2025-08-15 06:29:05 --> [DEPRECATED] Creation of dynamic property App\Controllers\Boats::$session is deprecated in APPPATH\Controllers\BaseController.php on line 53.
 1 SYSTEMPATH\CodeIgniter.php(904): App\Controllers\BaseController->initController(Object(CodeIgniter\HTTP\IncomingRequest), Object(CodeIgniter\HTTP\Response), Object(CodeIgniter\Log\Logger))
 2 SYSTEMPATH\CodeIgniter.php(498): CodeIgniter\CodeIgniter->createController()
 3 SYSTEMPATH\CodeIgniter.php(354): CodeIgniter\CodeIgniter->handleRequest(null, Object(Config\Cache), false)
 4 SYSTEMPATH\Boot.php(363): CodeIgniter\CodeIgniter->run()
 5 SYSTEMPATH\Boot.php(68): CodeIgniter\Boot::runCodeIgniter(Object(CodeIgniter\CodeIgniter))
 6 FCPATH\index.php(59): CodeIgniter\Boot::bootWeb(Object(Config\Paths))
 7 SYSTEMPATH\rewrite.php(44): require_once('C:\\Users\\Administrator\\Documents\\GITHUB\\KAPAL-FE-HTML\\home\\public\\index.php')
CRITICAL - 2025-08-15 06:29:06 --> CodeIgniter\View\Exceptions\ViewException: Invalid file: "layouts/main.php"
[Method: GET, Route: boats/open-trip-members/2]
in SYSTEMPATH\Exceptions\FrameworkException.php on line 39.
 1 SYSTEMPATH\View\View.php(214): CodeIgniter\Exceptions\FrameworkException::forInvalidFile('layouts/main.php')
 2 SYSTEMPATH\View\View.php(242): CodeIgniter\View\View->render('layouts/main', [], true)
 3 SYSTEMPATH\Common.php(1167): CodeIgniter\View\View->render('boats/open_trip_members', [], true)
 4 APPPATH\Controllers\Boats.php(283): view('boats/open_trip_members', [...])
 5 SYSTEMPATH\CodeIgniter.php(933): App\Controllers\Boats->manageOpenTripMembers('2')
 6 SYSTEMPATH\CodeIgniter.php(507): CodeIgniter\CodeIgniter->runController(Object(App\Controllers\Boats))
 7 SYSTEMPATH\CodeIgniter.php(354): CodeIgniter\CodeIgniter->handleRequest(null, Object(Config\Cache), false)
 8 SYSTEMPATH\Boot.php(363): CodeIgniter\CodeIgniter->run()
 9 SYSTEMPATH\Boot.php(68): CodeIgniter\Boot::runCodeIgniter(Object(CodeIgniter\CodeIgniter))
10 FCPATH\index.php(59): CodeIgniter\Boot::bootWeb(Object(Config\Paths))
11 SYSTEMPATH\rewrite.php(44): require_once('C:\\Users\\Administrator\\Documents\\GITHUB\\KAPAL-FE-HTML\\home\\public\\index.php')
DEBUG - 2025-08-15 06:29:07 --> Session: Class initialized using 'CodeIgniter\Session\Handlers\FileHandler' driver.
WARNING - 2025-08-15 06:29:07 --> [DEPRECATED] Creation of dynamic property App\Controllers\Boats::$session is deprecated in APPPATH\Controllers\BaseController.php on line 53.
 1 SYSTEMPATH\CodeIgniter.php(904): App\Controllers\BaseController->initController(Object(CodeIgniter\HTTP\IncomingRequest), Object(CodeIgniter\HTTP\Response), Object(CodeIgniter\Log\Logger))
 2 SYSTEMPATH\CodeIgniter.php(498): CodeIgniter\CodeIgniter->createController()
 3 SYSTEMPATH\CodeIgniter.php(354): CodeIgniter\CodeIgniter->handleRequest(null, Object(Config\Cache), false)
 4 SYSTEMPATH\Boot.php(363): CodeIgniter\CodeIgniter->run()
 5 SYSTEMPATH\Boot.php(68): CodeIgniter\Boot::runCodeIgniter(Object(CodeIgniter\CodeIgniter))
 6 FCPATH\index.php(59): CodeIgniter\Boot::bootWeb(Object(Config\Paths))
 7 SYSTEMPATH\rewrite.php(44): require_once('C:\\Users\\Administrator\\Documents\\GITHUB\\KAPAL-FE-HTML\\home\\public\\index.php')
CRITICAL - 2025-08-15 06:29:07 --> CodeIgniter\View\Exceptions\ViewException: Invalid file: "layouts/main.php"
[Method: GET, Route: boats/open-trip-members/2]
in SYSTEMPATH\Exceptions\FrameworkException.php on line 39.
 1 SYSTEMPATH\View\View.php(214): CodeIgniter\Exceptions\FrameworkException::forInvalidFile('layouts/main.php')
 2 SYSTEMPATH\View\View.php(242): CodeIgniter\View\View->render('layouts/main', [], true)
 3 SYSTEMPATH\Common.php(1167): CodeIgniter\View\View->render('boats/open_trip_members', [], true)
 4 APPPATH\Controllers\Boats.php(283): view('boats/open_trip_members', [...])
 5 SYSTEMPATH\CodeIgniter.php(933): App\Controllers\Boats->manageOpenTripMembers('2')
 6 SYSTEMPATH\CodeIgniter.php(507): CodeIgniter\CodeIgniter->runController(Object(App\Controllers\Boats))
 7 SYSTEMPATH\CodeIgniter.php(354): CodeIgniter\CodeIgniter->handleRequest(null, Object(Config\Cache), false)
 8 SYSTEMPATH\Boot.php(363): CodeIgniter\CodeIgniter->run()
 9 SYSTEMPATH\Boot.php(68): CodeIgniter\Boot::runCodeIgniter(Object(CodeIgniter\CodeIgniter))
10 FCPATH\index.php(59): CodeIgniter\Boot::bootWeb(Object(Config\Paths))
11 SYSTEMPATH\rewrite.php(44): require_once('C:\\Users\\Administrator\\Documents\\GITHUB\\KAPAL-FE-HTML\\home\\public\\index.php')
DEBUG - 2025-08-15 06:29:13 --> Session: Class initialized using 'CodeIgniter\Session\Handlers\FileHandler' driver.
WARNING - 2025-08-15 06:29:13 --> [DEPRECATED] Creation of dynamic property App\Controllers\Boats::$session is deprecated in APPPATH\Controllers\BaseController.php on line 53.
 1 SYSTEMPATH\CodeIgniter.php(904): App\Controllers\BaseController->initController(Object(CodeIgniter\HTTP\IncomingRequest), Object(CodeIgniter\HTTP\Response), Object(CodeIgniter\Log\Logger))
 2 SYSTEMPATH\CodeIgniter.php(498): CodeIgniter\CodeIgniter->createController()
 3 SYSTEMPATH\CodeIgniter.php(354): CodeIgniter\CodeIgniter->handleRequest(null, Object(Config\Cache), false)
 4 SYSTEMPATH\Boot.php(363): CodeIgniter\CodeIgniter->run()
 5 SYSTEMPATH\Boot.php(68): CodeIgniter\Boot::runCodeIgniter(Object(CodeIgniter\CodeIgniter))
 6 FCPATH\index.php(59): CodeIgniter\Boot::bootWeb(Object(Config\Paths))
 7 SYSTEMPATH\rewrite.php(44): require_once('C:\\Users\\Administrator\\Documents\\GITHUB\\KAPAL-FE-HTML\\home\\public\\index.php')
DEBUG - 2025-08-15 06:29:16 --> Session: Class initialized using 'CodeIgniter\Session\Handlers\FileHandler' driver.
WARNING - 2025-08-15 06:29:16 --> [DEPRECATED] Creation of dynamic property App\Controllers\Boats::$session is deprecated in APPPATH\Controllers\BaseController.php on line 53.
 1 SYSTEMPATH\CodeIgniter.php(904): App\Controllers\BaseController->initController(Object(CodeIgniter\HTTP\IncomingRequest), Object(CodeIgniter\HTTP\Response), Object(CodeIgniter\Log\Logger))
 2 SYSTEMPATH\CodeIgniter.php(498): CodeIgniter\CodeIgniter->createController()
 3 SYSTEMPATH\CodeIgniter.php(354): CodeIgniter\CodeIgniter->handleRequest(null, Object(Config\Cache), false)
 4 SYSTEMPATH\Boot.php(363): CodeIgniter\CodeIgniter->run()
 5 SYSTEMPATH\Boot.php(68): CodeIgniter\Boot::runCodeIgniter(Object(CodeIgniter\CodeIgniter))
 6 FCPATH\index.php(59): CodeIgniter\Boot::bootWeb(Object(Config\Paths))
 7 SYSTEMPATH\rewrite.php(44): require_once('C:\\Users\\Administrator\\Documents\\GITHUB\\KAPAL-FE-HTML\\home\\public\\index.php')
DEBUG - 2025-08-15 06:29:19 --> Session: Class initialized using 'CodeIgniter\Session\Handlers\FileHandler' driver.
WARNING - 2025-08-15 06:29:19 --> [DEPRECATED] Creation of dynamic property App\Controllers\Boats::$session is deprecated in APPPATH\Controllers\BaseController.php on line 53.
 1 SYSTEMPATH\CodeIgniter.php(904): App\Controllers\BaseController->initController(Object(CodeIgniter\HTTP\IncomingRequest), Object(CodeIgniter\HTTP\Response), Object(CodeIgniter\Log\Logger))
 2 SYSTEMPATH\CodeIgniter.php(498): CodeIgniter\CodeIgniter->createController()
 3 SYSTEMPATH\CodeIgniter.php(354): CodeIgniter\CodeIgniter->handleRequest(null, Object(Config\Cache), false)
 4 SYSTEMPATH\Boot.php(363): CodeIgniter\CodeIgniter->run()
 5 SYSTEMPATH\Boot.php(68): CodeIgniter\Boot::runCodeIgniter(Object(CodeIgniter\CodeIgniter))
 6 FCPATH\index.php(59): CodeIgniter\Boot::bootWeb(Object(Config\Paths))
 7 SYSTEMPATH\rewrite.php(44): require_once('C:\\Users\\Administrator\\Documents\\GITHUB\\KAPAL-FE-HTML\\home\\public\\index.php')
DEBUG - 2025-08-15 06:29:19 --> Session: Class initialized using 'CodeIgniter\Session\Handlers\FileHandler' driver.
WARNING - 2025-08-15 06:29:19 --> [DEPRECATED] Creation of dynamic property App\Controllers\Boats::$session is deprecated in APPPATH\Controllers\BaseController.php on line 53.
 1 SYSTEMPATH\CodeIgniter.php(904): App\Controllers\BaseController->initController(Object(CodeIgniter\HTTP\IncomingRequest), Object(CodeIgniter\HTTP\Response), Object(CodeIgniter\Log\Logger))
 2 SYSTEMPATH\CodeIgniter.php(498): CodeIgniter\CodeIgniter->createController()
 3 SYSTEMPATH\CodeIgniter.php(354): CodeIgniter\CodeIgniter->handleRequest(null, Object(Config\Cache), false)
 4 SYSTEMPATH\Boot.php(363): CodeIgniter\CodeIgniter->run()
 5 SYSTEMPATH\Boot.php(68): CodeIgniter\Boot::runCodeIgniter(Object(CodeIgniter\CodeIgniter))
 6 FCPATH\index.php(59): CodeIgniter\Boot::bootWeb(Object(Config\Paths))
 7 SYSTEMPATH\rewrite.php(44): require_once('C:\\Users\\Administrator\\Documents\\GITHUB\\KAPAL-FE-HTML\\home\\public\\index.php')
CRITICAL - 2025-08-15 06:29:19 --> CodeIgniter\View\Exceptions\ViewException: Invalid file: "layouts/main.php"
[Method: GET, Route: boats/open-trip-members/2]
in SYSTEMPATH\Exceptions\FrameworkException.php on line 39.
 1 SYSTEMPATH\View\View.php(214): CodeIgniter\Exceptions\FrameworkException::forInvalidFile('layouts/main.php')
 2 SYSTEMPATH\View\View.php(242): CodeIgniter\View\View->render('layouts/main', [], true)
 3 SYSTEMPATH\Common.php(1167): CodeIgniter\View\View->render('boats/open_trip_members', [], true)
 4 APPPATH\Controllers\Boats.php(283): view('boats/open_trip_members', [...])
 5 SYSTEMPATH\CodeIgniter.php(933): App\Controllers\Boats->manageOpenTripMembers('2')
 6 SYSTEMPATH\CodeIgniter.php(507): CodeIgniter\CodeIgniter->runController(Object(App\Controllers\Boats))
 7 SYSTEMPATH\CodeIgniter.php(354): CodeIgniter\CodeIgniter->handleRequest(null, Object(Config\Cache), false)
 8 SYSTEMPATH\Boot.php(363): CodeIgniter\CodeIgniter->run()
 9 SYSTEMPATH\Boot.php(68): CodeIgniter\Boot::runCodeIgniter(Object(CodeIgniter\CodeIgniter))
10 FCPATH\index.php(59): CodeIgniter\Boot::bootWeb(Object(Config\Paths))
11 SYSTEMPATH\rewrite.php(44): require_once('C:\\Users\\Administrator\\Documents\\GITHUB\\KAPAL-FE-HTML\\home\\public\\index.php')
DEBUG - 2025-08-15 06:30:35 --> Session: Class initialized using 'CodeIgniter\Session\Handlers\FileHandler' driver.
WARNING - 2025-08-15 06:30:35 --> [DEPRECATED] Creation of dynamic property App\Controllers\Boats::$session is deprecated in APPPATH\Controllers\BaseController.php on line 53.
 1 SYSTEMPATH\CodeIgniter.php(904): App\Controllers\BaseController->initController(Object(CodeIgniter\HTTP\IncomingRequest), Object(CodeIgniter\HTTP\Response), Object(CodeIgniter\Log\Logger))
 2 SYSTEMPATH\CodeIgniter.php(498): CodeIgniter\CodeIgniter->createController()
 3 SYSTEMPATH\CodeIgniter.php(354): CodeIgniter\CodeIgniter->handleRequest(null, Object(Config\Cache), false)
 4 SYSTEMPATH\Boot.php(363): CodeIgniter\CodeIgniter->run()
 5 SYSTEMPATH\Boot.php(68): CodeIgniter\Boot::runCodeIgniter(Object(CodeIgniter\CodeIgniter))
 6 FCPATH\index.php(59): CodeIgniter\Boot::bootWeb(Object(Config\Paths))
 7 SYSTEMPATH\rewrite.php(44): require_once('C:\\Users\\Administrator\\Documents\\GITHUB\\KAPAL-FE-HTML\\home\\public\\index.php')
DEBUG - 2025-08-15 06:30:37 --> Session: Class initialized using 'CodeIgniter\Session\Handlers\FileHandler' driver.
WARNING - 2025-08-15 06:30:37 --> [DEPRECATED] Creation of dynamic property App\Controllers\Boats::$session is deprecated in APPPATH\Controllers\BaseController.php on line 53.
 1 SYSTEMPATH\CodeIgniter.php(904): App\Controllers\BaseController->initController(Object(CodeIgniter\HTTP\IncomingRequest), Object(CodeIgniter\HTTP\Response), Object(CodeIgniter\Log\Logger))
 2 SYSTEMPATH\CodeIgniter.php(498): CodeIgniter\CodeIgniter->createController()
 3 SYSTEMPATH\CodeIgniter.php(354): CodeIgniter\CodeIgniter->handleRequest(null, Object(Config\Cache), false)
 4 SYSTEMPATH\Boot.php(363): CodeIgniter\CodeIgniter->run()
 5 SYSTEMPATH\Boot.php(68): CodeIgniter\Boot::runCodeIgniter(Object(CodeIgniter\CodeIgniter))
 6 FCPATH\index.php(59): CodeIgniter\Boot::bootWeb(Object(Config\Paths))
 7 SYSTEMPATH\rewrite.php(44): require_once('C:\\Users\\Administrator\\Documents\\GITHUB\\KAPAL-FE-HTML\\home\\public\\index.php')
DEBUG - 2025-08-15 06:30:59 --> Session: Class initialized using 'CodeIgniter\Session\Handlers\FileHandler' driver.
WARNING - 2025-08-15 06:30:59 --> [DEPRECATED] Creation of dynamic property App\Controllers\Boats::$session is deprecated in APPPATH\Controllers\BaseController.php on line 53.
 1 SYSTEMPATH\CodeIgniter.php(904): App\Controllers\BaseController->initController(Object(CodeIgniter\HTTP\IncomingRequest), Object(CodeIgniter\HTTP\Response), Object(CodeIgniter\Log\Logger))
 2 SYSTEMPATH\CodeIgniter.php(498): CodeIgniter\CodeIgniter->createController()
 3 SYSTEMPATH\CodeIgniter.php(354): CodeIgniter\CodeIgniter->handleRequest(null, Object(Config\Cache), false)
 4 SYSTEMPATH\Boot.php(363): CodeIgniter\CodeIgniter->run()
 5 SYSTEMPATH\Boot.php(68): CodeIgniter\Boot::runCodeIgniter(Object(CodeIgniter\CodeIgniter))
 6 FCPATH\index.php(59): CodeIgniter\Boot::bootWeb(Object(Config\Paths))
 7 SYSTEMPATH\rewrite.php(44): require_once('C:\\Users\\Administrator\\Documents\\GITHUB\\KAPAL-FE-HTML\\home\\public\\index.php')
DEBUG - 2025-08-15 06:31:08 --> Session: Class initialized using 'CodeIgniter\Session\Handlers\FileHandler' driver.
WARNING - 2025-08-15 06:31:08 --> [DEPRECATED] Creation of dynamic property App\Controllers\Boats::$session is deprecated in APPPATH\Controllers\BaseController.php on line 53.
 1 SYSTEMPATH\CodeIgniter.php(904): App\Controllers\BaseController->initController(Object(CodeIgniter\HTTP\IncomingRequest), Object(CodeIgniter\HTTP\Response), Object(CodeIgniter\Log\Logger))
 2 SYSTEMPATH\CodeIgniter.php(498): CodeIgniter\CodeIgniter->createController()
 3 SYSTEMPATH\CodeIgniter.php(354): CodeIgniter\CodeIgniter->handleRequest(null, Object(Config\Cache), false)
 4 SYSTEMPATH\Boot.php(363): CodeIgniter\CodeIgniter->run()
 5 SYSTEMPATH\Boot.php(68): CodeIgniter\Boot::runCodeIgniter(Object(CodeIgniter\CodeIgniter))
 6 FCPATH\index.php(59): CodeIgniter\Boot::bootWeb(Object(Config\Paths))
 7 SYSTEMPATH\rewrite.php(44): require_once('C:\\Users\\Administrator\\Documents\\GITHUB\\KAPAL-FE-HTML\\home\\public\\index.php')
DEBUG - 2025-08-15 06:31:21 --> Session: Class initialized using 'CodeIgniter\Session\Handlers\FileHandler' driver.
WARNING - 2025-08-15 06:31:21 --> [DEPRECATED] Creation of dynamic property App\Controllers\Boats::$session is deprecated in APPPATH\Controllers\BaseController.php on line 53.
 1 SYSTEMPATH\CodeIgniter.php(904): App\Controllers\BaseController->initController(Object(CodeIgniter\HTTP\IncomingRequest), Object(CodeIgniter\HTTP\Response), Object(CodeIgniter\Log\Logger))
 2 SYSTEMPATH\CodeIgniter.php(498): CodeIgniter\CodeIgniter->createController()
 3 SYSTEMPATH\CodeIgniter.php(354): CodeIgniter\CodeIgniter->handleRequest(null, Object(Config\Cache), false)
 4 SYSTEMPATH\Boot.php(363): CodeIgniter\CodeIgniter->run()
 5 SYSTEMPATH\Boot.php(68): CodeIgniter\Boot::runCodeIgniter(Object(CodeIgniter\CodeIgniter))
 6 FCPATH\index.php(59): CodeIgniter\Boot::bootWeb(Object(Config\Paths))
 7 SYSTEMPATH\rewrite.php(44): require_once('C:\\Users\\Administrator\\Documents\\GITHUB\\KAPAL-FE-HTML\\home\\public\\index.php')
CRITICAL - 2025-08-15 06:31:23 --> CodeIgniter\View\Exceptions\ViewException: Invalid file: "layouts/main.php"
[Method: GET, Route: boats/open-trip-members/2]
in SYSTEMPATH\Exceptions\FrameworkException.php on line 39.
 1 SYSTEMPATH\View\View.php(214): CodeIgniter\Exceptions\FrameworkException::forInvalidFile('layouts/main.php')
 2 SYSTEMPATH\View\View.php(242): CodeIgniter\View\View->render('layouts/main', [], true)
 3 SYSTEMPATH\Common.php(1167): CodeIgniter\View\View->render('boats/open_trip_members', [], true)
 4 APPPATH\Controllers\Boats.php(283): view('boats/open_trip_members', [...])
 5 SYSTEMPATH\CodeIgniter.php(933): App\Controllers\Boats->manageOpenTripMembers('2')
 6 SYSTEMPATH\CodeIgniter.php(507): CodeIgniter\CodeIgniter->runController(Object(App\Controllers\Boats))
 7 SYSTEMPATH\CodeIgniter.php(354): CodeIgniter\CodeIgniter->handleRequest(null, Object(Config\Cache), false)
 8 SYSTEMPATH\Boot.php(363): CodeIgniter\CodeIgniter->run()
 9 SYSTEMPATH\Boot.php(68): CodeIgniter\Boot::runCodeIgniter(Object(CodeIgniter\CodeIgniter))
10 FCPATH\index.php(59): CodeIgniter\Boot::bootWeb(Object(Config\Paths))
11 SYSTEMPATH\rewrite.php(44): require_once('C:\\Users\\Administrator\\Documents\\GITHUB\\KAPAL-FE-HTML\\home\\public\\index.php')
DEBUG - 2025-08-15 06:32:18 --> Session: Class initialized using 'CodeIgniter\Session\Handlers\FileHandler' driver.
WARNING - 2025-08-15 06:32:19 --> [DEPRECATED] Creation of dynamic property App\Controllers\Boats::$session is deprecated in APPPATH\Controllers\BaseController.php on line 53.
 1 SYSTEMPATH\CodeIgniter.php(904): App\Controllers\BaseController->initController(Object(CodeIgniter\HTTP\IncomingRequest), Object(CodeIgniter\HTTP\Response), Object(CodeIgniter\Log\Logger))
 2 SYSTEMPATH\CodeIgniter.php(498): CodeIgniter\CodeIgniter->createController()
 3 SYSTEMPATH\CodeIgniter.php(354): CodeIgniter\CodeIgniter->handleRequest(null, Object(Config\Cache), false)
 4 SYSTEMPATH\Boot.php(363): CodeIgniter\CodeIgniter->run()
 5 SYSTEMPATH\Boot.php(68): CodeIgniter\Boot::runCodeIgniter(Object(CodeIgniter\CodeIgniter))
 6 FCPATH\index.php(59): CodeIgniter\Boot::bootWeb(Object(Config\Paths))
 7 SYSTEMPATH\rewrite.php(44): require_once('C:\\Users\\Administrator\\Documents\\GITHUB\\KAPAL-FE-HTML\\home\\public\\index.php')
CRITICAL - 2025-08-15 06:32:19 --> CodeIgniter\View\Exceptions\ViewException: Invalid file: "layouts/main.php"
[Method: GET, Route: boats/open-trip-members/2]
in SYSTEMPATH\Exceptions\FrameworkException.php on line 39.
 1 SYSTEMPATH\View\View.php(214): CodeIgniter\Exceptions\FrameworkException::forInvalidFile('layouts/main.php')
 2 SYSTEMPATH\View\View.php(242): CodeIgniter\View\View->render('layouts/main', [], true)
 3 SYSTEMPATH\Common.php(1167): CodeIgniter\View\View->render('boats/open_trip_members', [], true)
 4 APPPATH\Controllers\BaseController.php(65): view('boats/open_trip_members', [...])
 5 APPPATH\Controllers\Boats.php(282): App\Controllers\BaseController->render('boats/open_trip_members', [...])
 6 SYSTEMPATH\CodeIgniter.php(933): App\Controllers\Boats->manageOpenTripMembers('2')
 7 SYSTEMPATH\CodeIgniter.php(507): CodeIgniter\CodeIgniter->runController(Object(App\Controllers\Boats))
 8 SYSTEMPATH\CodeIgniter.php(354): CodeIgniter\CodeIgniter->handleRequest(null, Object(Config\Cache), false)
 9 SYSTEMPATH\Boot.php(363): CodeIgniter\CodeIgniter->run()
10 SYSTEMPATH\Boot.php(68): CodeIgniter\Boot::runCodeIgniter(Object(CodeIgniter\CodeIgniter))
11 FCPATH\index.php(59): CodeIgniter\Boot::bootWeb(Object(Config\Paths))
12 SYSTEMPATH\rewrite.php(44): require_once('C:\\Users\\Administrator\\Documents\\GITHUB\\KAPAL-FE-HTML\\home\\public\\index.php')
DEBUG - 2025-08-15 06:32:20 --> Session: Class initialized using 'CodeIgniter\Session\Handlers\FileHandler' driver.
WARNING - 2025-08-15 06:32:20 --> [DEPRECATED] Creation of dynamic property App\Controllers\Boats::$session is deprecated in APPPATH\Controllers\BaseController.php on line 53.
 1 SYSTEMPATH\CodeIgniter.php(904): App\Controllers\BaseController->initController(Object(CodeIgniter\HTTP\IncomingRequest), Object(CodeIgniter\HTTP\Response), Object(CodeIgniter\Log\Logger))
 2 SYSTEMPATH\CodeIgniter.php(498): CodeIgniter\CodeIgniter->createController()
 3 SYSTEMPATH\CodeIgniter.php(354): CodeIgniter\CodeIgniter->handleRequest(null, Object(Config\Cache), false)
 4 SYSTEMPATH\Boot.php(363): CodeIgniter\CodeIgniter->run()
 5 SYSTEMPATH\Boot.php(68): CodeIgniter\Boot::runCodeIgniter(Object(CodeIgniter\CodeIgniter))
 6 FCPATH\index.php(59): CodeIgniter\Boot::bootWeb(Object(Config\Paths))
 7 SYSTEMPATH\rewrite.php(44): require_once('C:\\Users\\Administrator\\Documents\\GITHUB\\KAPAL-FE-HTML\\home\\public\\index.php')
CRITICAL - 2025-08-15 06:32:22 --> CodeIgniter\View\Exceptions\ViewException: Invalid file: "layouts/main.php"
[Method: GET, Route: boats/open-trip-members/2]
in SYSTEMPATH\Exceptions\FrameworkException.php on line 39.
 1 SYSTEMPATH\View\View.php(214): CodeIgniter\Exceptions\FrameworkException::forInvalidFile('layouts/main.php')
 2 SYSTEMPATH\View\View.php(242): CodeIgniter\View\View->render('layouts/main', [], true)
 3 SYSTEMPATH\Common.php(1167): CodeIgniter\View\View->render('boats/open_trip_members', [], true)
 4 APPPATH\Controllers\BaseController.php(65): view('boats/open_trip_members', [...])
 5 APPPATH\Controllers\Boats.php(282): App\Controllers\BaseController->render('boats/open_trip_members', [...])
 6 SYSTEMPATH\CodeIgniter.php(933): App\Controllers\Boats->manageOpenTripMembers('2')
 7 SYSTEMPATH\CodeIgniter.php(507): CodeIgniter\CodeIgniter->runController(Object(App\Controllers\Boats))
 8 SYSTEMPATH\CodeIgniter.php(354): CodeIgniter\CodeIgniter->handleRequest(null, Object(Config\Cache), false)
 9 SYSTEMPATH\Boot.php(363): CodeIgniter\CodeIgniter->run()
10 SYSTEMPATH\Boot.php(68): CodeIgniter\Boot::runCodeIgniter(Object(CodeIgniter\CodeIgniter))
11 FCPATH\index.php(59): CodeIgniter\Boot::bootWeb(Object(Config\Paths))
12 SYSTEMPATH\rewrite.php(44): require_once('C:\\Users\\Administrator\\Documents\\GITHUB\\KAPAL-FE-HTML\\home\\public\\index.php')
DEBUG - 2025-08-15 06:32:22 --> Session: Class initialized using 'CodeIgniter\Session\Handlers\FileHandler' driver.
WARNING - 2025-08-15 06:32:22 --> [DEPRECATED] Creation of dynamic property App\Controllers\Boats::$session is deprecated in APPPATH\Controllers\BaseController.php on line 53.
 1 SYSTEMPATH\CodeIgniter.php(904): App\Controllers\BaseController->initController(Object(CodeIgniter\HTTP\IncomingRequest), Object(CodeIgniter\HTTP\Response), Object(CodeIgniter\Log\Logger))
 2 SYSTEMPATH\CodeIgniter.php(498): CodeIgniter\CodeIgniter->createController()
 3 SYSTEMPATH\CodeIgniter.php(354): CodeIgniter\CodeIgniter->handleRequest(null, Object(Config\Cache), false)
 4 SYSTEMPATH\Boot.php(363): CodeIgniter\CodeIgniter->run()
 5 SYSTEMPATH\Boot.php(68): CodeIgniter\Boot::runCodeIgniter(Object(CodeIgniter\CodeIgniter))
 6 FCPATH\index.php(59): CodeIgniter\Boot::bootWeb(Object(Config\Paths))
 7 SYSTEMPATH\rewrite.php(44): require_once('C:\\Users\\Administrator\\Documents\\GITHUB\\KAPAL-FE-HTML\\home\\public\\index.php')
CRITICAL - 2025-08-15 06:32:22 --> CodeIgniter\View\Exceptions\ViewException: Invalid file: "layouts/main.php"
[Method: GET, Route: boats/open-trip-members/2]
in SYSTEMPATH\Exceptions\FrameworkException.php on line 39.
 1 SYSTEMPATH\View\View.php(214): CodeIgniter\Exceptions\FrameworkException::forInvalidFile('layouts/main.php')
 2 SYSTEMPATH\View\View.php(242): CodeIgniter\View\View->render('layouts/main', [], true)
 3 SYSTEMPATH\Common.php(1167): CodeIgniter\View\View->render('boats/open_trip_members', [], true)
 4 APPPATH\Controllers\BaseController.php(65): view('boats/open_trip_members', [...])
 5 APPPATH\Controllers\Boats.php(282): App\Controllers\BaseController->render('boats/open_trip_members', [...])
 6 SYSTEMPATH\CodeIgniter.php(933): App\Controllers\Boats->manageOpenTripMembers('2')
 7 SYSTEMPATH\CodeIgniter.php(507): CodeIgniter\CodeIgniter->runController(Object(App\Controllers\Boats))
 8 SYSTEMPATH\CodeIgniter.php(354): CodeIgniter\CodeIgniter->handleRequest(null, Object(Config\Cache), false)
 9 SYSTEMPATH\Boot.php(363): CodeIgniter\CodeIgniter->run()
10 SYSTEMPATH\Boot.php(68): CodeIgniter\Boot::runCodeIgniter(Object(CodeIgniter\CodeIgniter))
11 FCPATH\index.php(59): CodeIgniter\Boot::bootWeb(Object(Config\Paths))
12 SYSTEMPATH\rewrite.php(44): require_once('C:\\Users\\Administrator\\Documents\\GITHUB\\KAPAL-FE-HTML\\home\\public\\index.php')
DEBUG - 2025-08-15 06:32:38 --> Session: Class initialized using 'CodeIgniter\Session\Handlers\FileHandler' driver.
WARNING - 2025-08-15 06:32:38 --> [DEPRECATED] Creation of dynamic property App\Controllers\Boats::$session is deprecated in APPPATH\Controllers\BaseController.php on line 53.
 1 SYSTEMPATH\CodeIgniter.php(904): App\Controllers\BaseController->initController(Object(CodeIgniter\HTTP\IncomingRequest), Object(CodeIgniter\HTTP\Response), Object(CodeIgniter\Log\Logger))
 2 SYSTEMPATH\CodeIgniter.php(498): CodeIgniter\CodeIgniter->createController()
 3 SYSTEMPATH\CodeIgniter.php(354): CodeIgniter\CodeIgniter->handleRequest(null, Object(Config\Cache), false)
 4 SYSTEMPATH\Boot.php(363): CodeIgniter\CodeIgniter->run()
 5 SYSTEMPATH\Boot.php(68): CodeIgniter\Boot::runCodeIgniter(Object(CodeIgniter\CodeIgniter))
 6 FCPATH\index.php(59): CodeIgniter\Boot::bootWeb(Object(Config\Paths))
 7 SYSTEMPATH\rewrite.php(44): require_once('C:\\Users\\Administrator\\Documents\\GITHUB\\KAPAL-FE-HTML\\home\\public\\index.php')
DEBUG - 2025-08-15 06:32:55 --> Session: Class initialized using 'CodeIgniter\Session\Handlers\FileHandler' driver.
WARNING - 2025-08-15 06:32:55 --> [DEPRECATED] Creation of dynamic property App\Controllers\Boats::$session is deprecated in APPPATH\Controllers\BaseController.php on line 53.
 1 SYSTEMPATH\CodeIgniter.php(904): App\Controllers\BaseController->initController(Object(CodeIgniter\HTTP\IncomingRequest), Object(CodeIgniter\HTTP\Response), Object(CodeIgniter\Log\Logger))
 2 SYSTEMPATH\CodeIgniter.php(498): CodeIgniter\CodeIgniter->createController()
 3 SYSTEMPATH\CodeIgniter.php(354): CodeIgniter\CodeIgniter->handleRequest(null, Object(Config\Cache), false)
 4 SYSTEMPATH\Boot.php(363): CodeIgniter\CodeIgniter->run()
 5 SYSTEMPATH\Boot.php(68): CodeIgniter\Boot::runCodeIgniter(Object(CodeIgniter\CodeIgniter))
 6 FCPATH\index.php(59): CodeIgniter\Boot::bootWeb(Object(Config\Paths))
 7 SYSTEMPATH\rewrite.php(44): require_once('C:\\Users\\Administrator\\Documents\\GITHUB\\KAPAL-FE-HTML\\home\\public\\index.php')
CRITICAL - 2025-08-15 06:32:55 --> ErrorException: Undefined array key "price_per_trip"
[Method: POST, Route: boats/add-member]
in APPPATH\Controllers\Boats.php on line 558.
 1 APPPATH\Controllers\Boats.php(558): CodeIgniter\Debug\Exceptions->errorHandler(2, 'Undefined array key "price_per_trip"', 'C:\\Users\\Administrator\\Documents\\GITHUB\\KAPAL-FE-HTML\\home\\app\\Controllers\\Boats.php', 558)
 2 SYSTEMPATH\CodeIgniter.php(933): App\Controllers\Boats->addMember()
 3 SYSTEMPATH\CodeIgniter.php(507): CodeIgniter\CodeIgniter->runController(Object(App\Controllers\Boats))
 4 SYSTEMPATH\CodeIgniter.php(354): CodeIgniter\CodeIgniter->handleRequest(null, Object(Config\Cache), false)
 5 SYSTEMPATH\Boot.php(363): CodeIgniter\CodeIgniter->run()
 6 SYSTEMPATH\Boot.php(68): CodeIgniter\Boot::runCodeIgniter(Object(CodeIgniter\CodeIgniter))
 7 FCPATH\index.php(59): CodeIgniter\Boot::bootWeb(Object(Config\Paths))
 8 SYSTEMPATH\rewrite.php(44): require_once('C:\\Users\\Administrator\\Documents\\GITHUB\\KAPAL-FE-HTML\\home\\public\\index.php')
DEBUG - 2025-08-15 06:32:56 --> Session: Class initialized using 'CodeIgniter\Session\Handlers\FileHandler' driver.
WARNING - 2025-08-15 06:32:56 --> [DEPRECATED] Creation of dynamic property App\Controllers\Boats::$session is deprecated in APPPATH\Controllers\BaseController.php on line 53.
 1 SYSTEMPATH\CodeIgniter.php(904): App\Controllers\BaseController->initController(Object(CodeIgniter\HTTP\IncomingRequest), Object(CodeIgniter\HTTP\Response), Object(CodeIgniter\Log\Logger))
 2 SYSTEMPATH\CodeIgniter.php(498): CodeIgniter\CodeIgniter->createController()
 3 SYSTEMPATH\CodeIgniter.php(354): CodeIgniter\CodeIgniter->handleRequest(null, Object(Config\Cache), false)
 4 SYSTEMPATH\Boot.php(363): CodeIgniter\CodeIgniter->run()
 5 SYSTEMPATH\Boot.php(68): CodeIgniter\Boot::runCodeIgniter(Object(CodeIgniter\CodeIgniter))
 6 FCPATH\index.php(59): CodeIgniter\Boot::bootWeb(Object(Config\Paths))
 7 SYSTEMPATH\rewrite.php(44): require_once('C:\\Users\\Administrator\\Documents\\GITHUB\\KAPAL-FE-HTML\\home\\public\\index.php')
CRITICAL - 2025-08-15 06:32:56 --> ErrorException: Undefined array key "price_per_trip"
[Method: POST, Route: boats/add-member]
in APPPATH\Controllers\Boats.php on line 558.
 1 APPPATH\Controllers\Boats.php(558): CodeIgniter\Debug\Exceptions->errorHandler(2, 'Undefined array key "price_per_trip"', 'C:\\Users\\Administrator\\Documents\\GITHUB\\KAPAL-FE-HTML\\home\\app\\Controllers\\Boats.php', 558)
 2 SYSTEMPATH\CodeIgniter.php(933): App\Controllers\Boats->addMember()
 3 SYSTEMPATH\CodeIgniter.php(507): CodeIgniter\CodeIgniter->runController(Object(App\Controllers\Boats))
 4 SYSTEMPATH\CodeIgniter.php(354): CodeIgniter\CodeIgniter->handleRequest(null, Object(Config\Cache), false)
 5 SYSTEMPATH\Boot.php(363): CodeIgniter\CodeIgniter->run()
 6 SYSTEMPATH\Boot.php(68): CodeIgniter\Boot::runCodeIgniter(Object(CodeIgniter\CodeIgniter))
 7 FCPATH\index.php(59): CodeIgniter\Boot::bootWeb(Object(Config\Paths))
 8 SYSTEMPATH\rewrite.php(44): require_once('C:\\Users\\Administrator\\Documents\\GITHUB\\KAPAL-FE-HTML\\home\\public\\index.php')
DEBUG - 2025-08-15 06:33:04 --> Session: Class initialized using 'CodeIgniter\Session\Handlers\FileHandler' driver.
WARNING - 2025-08-15 06:33:04 --> [DEPRECATED] Creation of dynamic property App\Controllers\Boats::$session is deprecated in APPPATH\Controllers\BaseController.php on line 53.
 1 SYSTEMPATH\CodeIgniter.php(904): App\Controllers\BaseController->initController(Object(CodeIgniter\HTTP\IncomingRequest), Object(CodeIgniter\HTTP\Response), Object(CodeIgniter\Log\Logger))
 2 SYSTEMPATH\CodeIgniter.php(498): CodeIgniter\CodeIgniter->createController()
 3 SYSTEMPATH\CodeIgniter.php(354): CodeIgniter\CodeIgniter->handleRequest(null, Object(Config\Cache), false)
 4 SYSTEMPATH\Boot.php(363): CodeIgniter\CodeIgniter->run()
 5 SYSTEMPATH\Boot.php(68): CodeIgniter\Boot::runCodeIgniter(Object(CodeIgniter\CodeIgniter))
 6 FCPATH\index.php(59): CodeIgniter\Boot::bootWeb(Object(Config\Paths))
 7 SYSTEMPATH\rewrite.php(44): require_once('C:\\Users\\Administrator\\Documents\\GITHUB\\KAPAL-FE-HTML\\home\\public\\index.php')
CRITICAL - 2025-08-15 06:33:04 --> ErrorException: Undefined array key "price_per_trip"
[Method: POST, Route: boats/add-member]
in APPPATH\Controllers\Boats.php on line 558.
 1 APPPATH\Controllers\Boats.php(558): CodeIgniter\Debug\Exceptions->errorHandler(2, 'Undefined array key "price_per_trip"', 'C:\\Users\\Administrator\\Documents\\GITHUB\\KAPAL-FE-HTML\\home\\app\\Controllers\\Boats.php', 558)
 2 SYSTEMPATH\CodeIgniter.php(933): App\Controllers\Boats->addMember()
 3 SYSTEMPATH\CodeIgniter.php(507): CodeIgniter\CodeIgniter->runController(Object(App\Controllers\Boats))
 4 SYSTEMPATH\CodeIgniter.php(354): CodeIgniter\CodeIgniter->handleRequest(null, Object(Config\Cache), false)
 5 SYSTEMPATH\Boot.php(363): CodeIgniter\CodeIgniter->run()
 6 SYSTEMPATH\Boot.php(68): CodeIgniter\Boot::runCodeIgniter(Object(CodeIgniter\CodeIgniter))
 7 FCPATH\index.php(59): CodeIgniter\Boot::bootWeb(Object(Config\Paths))
 8 SYSTEMPATH\rewrite.php(44): require_once('C:\\Users\\Administrator\\Documents\\GITHUB\\KAPAL-FE-HTML\\home\\public\\index.php')
DEBUG - 2025-08-15 06:43:45 --> Session: Class initialized using 'CodeIgniter\Session\Handlers\FileHandler' driver.
WARNING - 2025-08-15 06:43:46 --> [DEPRECATED] Creation of dynamic property App\Controllers\Boats::$session is deprecated in APPPATH\Controllers\BaseController.php on line 53.
 1 SYSTEMPATH\CodeIgniter.php(904): App\Controllers\BaseController->initController(Object(CodeIgniter\HTTP\IncomingRequest), Object(CodeIgniter\HTTP\Response), Object(CodeIgniter\Log\Logger))
 2 SYSTEMPATH\CodeIgniter.php(498): CodeIgniter\CodeIgniter->createController()
 3 SYSTEMPATH\CodeIgniter.php(354): CodeIgniter\CodeIgniter->handleRequest(null, Object(Config\Cache), false)
 4 SYSTEMPATH\Boot.php(363): CodeIgniter\CodeIgniter->run()
 5 SYSTEMPATH\Boot.php(68): CodeIgniter\Boot::runCodeIgniter(Object(CodeIgniter\CodeIgniter))
 6 FCPATH\index.php(59): CodeIgniter\Boot::bootWeb(Object(Config\Paths))
 7 SYSTEMPATH\rewrite.php(44): require_once('C:\\Users\\Administrator\\Documents\\GITHUB\\KAPAL-FE-HTML\\home\\public\\index.php')
DEBUG - 2025-08-15 06:43:54 --> Session: Class initialized using 'CodeIgniter\Session\Handlers\FileHandler' driver.
WARNING - 2025-08-15 06:43:54 --> [DEPRECATED] Creation of dynamic property App\Controllers\Boats::$session is deprecated in APPPATH\Controllers\BaseController.php on line 53.
 1 SYSTEMPATH\CodeIgniter.php(904): App\Controllers\BaseController->initController(Object(CodeIgniter\HTTP\IncomingRequest), Object(CodeIgniter\HTTP\Response), Object(CodeIgniter\Log\Logger))
 2 SYSTEMPATH\CodeIgniter.php(498): CodeIgniter\CodeIgniter->createController()
 3 SYSTEMPATH\CodeIgniter.php(354): CodeIgniter\CodeIgniter->handleRequest(null, Object(Config\Cache), false)
 4 SYSTEMPATH\Boot.php(363): CodeIgniter\CodeIgniter->run()
 5 SYSTEMPATH\Boot.php(68): CodeIgniter\Boot::runCodeIgniter(Object(CodeIgniter\CodeIgniter))
 6 FCPATH\index.php(59): CodeIgniter\Boot::bootWeb(Object(Config\Paths))
 7 SYSTEMPATH\rewrite.php(44): require_once('C:\\Users\\Administrator\\Documents\\GITHUB\\KAPAL-FE-HTML\\home\\public\\index.php')
ERROR - 2025-08-15 06:43:54 --> mysqli_sql_exception: Unknown column 'open_trip_schedules.boat_id' in 'ON' in C:\Users\Administrator\Documents\GITHUB\KAPAL-FE-HTML\home\vendor\codeigniter4\framework\system\Database\MySQLi\Connection.php:327
Stack trace:
#0 C:\Users\Administrator\Documents\GITHUB\KAPAL-FE-HTML\home\vendor\codeigniter4\framework\system\Database\MySQLi\Connection.php(327): mysqli->query('SELECT `open_tr...', 0)
#1 C:\Users\Administrator\Documents\GITHUB\KAPAL-FE-HTML\home\vendor\codeigniter4\framework\system\Database\BaseConnection.php(729): CodeIgniter\Database\MySQLi\Connection->execute('SELECT `open_tr...')
#2 C:\Users\Administrator\Documents\GITHUB\KAPAL-FE-HTML\home\vendor\codeigniter4\framework\system\Database\BaseConnection.php(646): CodeIgniter\Database\BaseConnection->simpleQuery('SELECT `open_tr...')
#3 C:\Users\Administrator\Documents\GITHUB\KAPAL-FE-HTML\home\vendor\codeigniter4\framework\system\Database\BaseBuilder.php(1649): CodeIgniter\Database\BaseConnection->query('SELECT `open_tr...', Array, false)
#4 C:\Users\Administrator\Documents\GITHUB\KAPAL-FE-HTML\home\vendor\codeigniter4\framework\system\Model.php(330): CodeIgniter\Database\BaseBuilder->get()
#5 C:\Users\Administrator\Documents\GITHUB\KAPAL-FE-HTML\home\vendor\codeigniter4\framework\system\BaseModel.php(715): CodeIgniter\Model->doFirst()
#6 C:\Users\Administrator\Documents\GITHUB\KAPAL-FE-HTML\home\app\Controllers\Boats.php(551): CodeIgniter\BaseModel->first()
#7 C:\Users\Administrator\Documents\GITHUB\KAPAL-FE-HTML\home\vendor\codeigniter4\framework\system\CodeIgniter.php(933): App\Controllers\Boats->addMember()
#8 C:\Users\Administrator\Documents\GITHUB\KAPAL-FE-HTML\home\vendor\codeigniter4\framework\system\CodeIgniter.php(507): CodeIgniter\CodeIgniter->runController(Object(App\Controllers\Boats))
#9 C:\Users\Administrator\Documents\GITHUB\KAPAL-FE-HTML\home\vendor\codeigniter4\framework\system\CodeIgniter.php(354): CodeIgniter\CodeIgniter->handleRequest(NULL, Object(Config\Cache), false)
#10 C:\Users\Administrator\Documents\GITHUB\KAPAL-FE-HTML\home\vendor\codeigniter4\framework\system\Boot.php(363): CodeIgniter\CodeIgniter->run()
#11 C:\Users\Administrator\Documents\GITHUB\KAPAL-FE-HTML\home\vendor\codeigniter4\framework\system\Boot.php(68): CodeIgniter\Boot::runCodeIgniter(Object(CodeIgniter\CodeIgniter))
#12 C:\Users\Administrator\Documents\GITHUB\KAPAL-FE-HTML\home\public\index.php(59): CodeIgniter\Boot::bootWeb(Object(Config\Paths))
#13 C:\Users\Administrator\Documents\GITHUB\KAPAL-FE-HTML\home\vendor\codeigniter4\framework\system\rewrite.php(44): require_once('C:\\Users\\Admini...')
#14 {main}
CRITICAL - 2025-08-15 06:43:54 --> CodeIgniter\Database\Exceptions\DatabaseException: Unknown column 'open_trip_schedules.boat_id' in 'ON'
[Method: POST, Route: boats/add-member]
in SYSTEMPATH\Database\BaseConnection.php on line 684.
 1 SYSTEMPATH\Database\BaseBuilder.php(1649): CodeIgniter\Database\BaseConnection->query('SELECT `open_trip_schedules`.*, `boats`.`price_per_trip`
FROM `open_trip_schedules`
JOIN `boats` ON `boats`.`boat_id` = `open_trip_schedules`.`boat_id`
WHERE `open_trip_schedules`.`open_trip_id` = :open_trip_schedules.open_trip_id:
 LIMIT 1', [...], false)
 2 SYSTEMPATH\Model.php(330): CodeIgniter\Database\BaseBuilder->get()
 3 SYSTEMPATH\BaseModel.php(715): CodeIgniter\Model->doFirst()
 4 APPPATH\Controllers\Boats.php(551): CodeIgniter\BaseModel->first()
 5 SYSTEMPATH\CodeIgniter.php(933): App\Controllers\Boats->addMember()
 6 SYSTEMPATH\CodeIgniter.php(507): CodeIgniter\CodeIgniter->runController(Object(App\Controllers\Boats))
 7 SYSTEMPATH\CodeIgniter.php(354): CodeIgniter\CodeIgniter->handleRequest(null, Object(Config\Cache), false)
 8 SYSTEMPATH\Boot.php(363): CodeIgniter\CodeIgniter->run()
 9 SYSTEMPATH\Boot.php(68): CodeIgniter\Boot::runCodeIgniter(Object(CodeIgniter\CodeIgniter))
10 FCPATH\index.php(59): CodeIgniter\Boot::bootWeb(Object(Config\Paths))
11 SYSTEMPATH\rewrite.php(44): require_once('C:\\Users\\Administrator\\Documents\\GITHUB\\KAPAL-FE-HTML\\home\\public\\index.php')
CRITICAL - 2025-08-15 06:43:54 --> [Caused by] CodeIgniter\Database\Exceptions\DatabaseException: Unknown column 'open_trip_schedules.boat_id' in 'ON'
in SYSTEMPATH\Database\MySQLi\Connection.php on line 332.
 1 SYSTEMPATH\Database\BaseConnection.php(729): CodeIgniter\Database\MySQLi\Connection->execute('SELECT `open_trip_schedules`.*, `boats`.`price_per_trip`
FROM `open_trip_schedules`
JOIN `boats` ON `boats`.`boat_id` = `open_trip_schedules`.`boat_id`
WHERE `open_trip_schedules`.`open_trip_id` = \'2\'
 LIMIT 1')
 2 SYSTEMPATH\Database\BaseConnection.php(646): CodeIgniter\Database\BaseConnection->simpleQuery('SELECT `open_trip_schedules`.*, `boats`.`price_per_trip`
FROM `open_trip_schedules`
JOIN `boats` ON `boats`.`boat_id` = `open_trip_schedules`.`boat_id`
WHERE `open_trip_schedules`.`open_trip_id` = \'2\'
 LIMIT 1')
 3 SYSTEMPATH\Database\BaseBuilder.php(1649): CodeIgniter\Database\BaseConnection->query('SELECT `open_trip_schedules`.*, `boats`.`price_per_trip`
FROM `open_trip_schedules`
JOIN `boats` ON `boats`.`boat_id` = `open_trip_schedules`.`boat_id`
WHERE `open_trip_schedules`.`open_trip_id` = :open_trip_schedules.open_trip_id:
 LIMIT 1', [...], false)
 4 SYSTEMPATH\Model.php(330): CodeIgniter\Database\BaseBuilder->get()
 5 SYSTEMPATH\BaseModel.php(715): CodeIgniter\Model->doFirst()
 6 APPPATH\Controllers\Boats.php(551): CodeIgniter\BaseModel->first()
 7 SYSTEMPATH\CodeIgniter.php(933): App\Controllers\Boats->addMember()
 8 SYSTEMPATH\CodeIgniter.php(507): CodeIgniter\CodeIgniter->runController(Object(App\Controllers\Boats))
 9 SYSTEMPATH\CodeIgniter.php(354): CodeIgniter\CodeIgniter->handleRequest(null, Object(Config\Cache), false)
10 SYSTEMPATH\Boot.php(363): CodeIgniter\CodeIgniter->run()
11 SYSTEMPATH\Boot.php(68): CodeIgniter\Boot::runCodeIgniter(Object(CodeIgniter\CodeIgniter))
12 FCPATH\index.php(59): CodeIgniter\Boot::bootWeb(Object(Config\Paths))
13 SYSTEMPATH\rewrite.php(44): require_once('C:\\Users\\Administrator\\Documents\\GITHUB\\KAPAL-FE-HTML\\home\\public\\index.php')
CRITICAL - 2025-08-15 06:43:54 --> [Caused by] mysqli_sql_exception: Unknown column 'open_trip_schedules.boat_id' in 'ON'
in SYSTEMPATH\Database\MySQLi\Connection.php on line 327.
 1 SYSTEMPATH\Database\MySQLi\Connection.php(327): mysqli->query('SELECT `open_trip_schedules`.*, `boats`.`price_per_trip`
FROM `open_trip_schedules`
JOIN `boats` ON `boats`.`boat_id` = `open_trip_schedules`.`boat_id`
WHERE `open_trip_schedules`.`open_trip_id` = \'2\'
 LIMIT 1', 0)
 2 SYSTEMPATH\Database\BaseConnection.php(729): CodeIgniter\Database\MySQLi\Connection->execute('SELECT `open_trip_schedules`.*, `boats`.`price_per_trip`
FROM `open_trip_schedules`
JOIN `boats` ON `boats`.`boat_id` = `open_trip_schedules`.`boat_id`
WHERE `open_trip_schedules`.`open_trip_id` = \'2\'
 LIMIT 1')
 3 SYSTEMPATH\Database\BaseConnection.php(646): CodeIgniter\Database\BaseConnection->simpleQuery('SELECT `open_trip_schedules`.*, `boats`.`price_per_trip`
FROM `open_trip_schedules`
JOIN `boats` ON `boats`.`boat_id` = `open_trip_schedules`.`boat_id`
WHERE `open_trip_schedules`.`open_trip_id` = \'2\'
 LIMIT 1')
 4 SYSTEMPATH\Database\BaseBuilder.php(1649): CodeIgniter\Database\BaseConnection->query('SELECT `open_trip_schedules`.*, `boats`.`price_per_trip`
FROM `open_trip_schedules`
JOIN `boats` ON `boats`.`boat_id` = `open_trip_schedules`.`boat_id`
WHERE `open_trip_schedules`.`open_trip_id` = :open_trip_schedules.open_trip_id:
 LIMIT 1', [...], false)
 5 SYSTEMPATH\Model.php(330): CodeIgniter\Database\BaseBuilder->get()
 6 SYSTEMPATH\BaseModel.php(715): CodeIgniter\Model->doFirst()
 7 APPPATH\Controllers\Boats.php(551): CodeIgniter\BaseModel->first()
 8 SYSTEMPATH\CodeIgniter.php(933): App\Controllers\Boats->addMember()
 9 SYSTEMPATH\CodeIgniter.php(507): CodeIgniter\CodeIgniter->runController(Object(App\Controllers\Boats))
10 SYSTEMPATH\CodeIgniter.php(354): CodeIgniter\CodeIgniter->handleRequest(null, Object(Config\Cache), false)
11 SYSTEMPATH\Boot.php(363): CodeIgniter\CodeIgniter->run()
12 SYSTEMPATH\Boot.php(68): CodeIgniter\Boot::runCodeIgniter(Object(CodeIgniter\CodeIgniter))
13 FCPATH\index.php(59): CodeIgniter\Boot::bootWeb(Object(Config\Paths))
14 SYSTEMPATH\rewrite.php(44): require_once('C:\\Users\\Administrator\\Documents\\GITHUB\\KAPAL-FE-HTML\\home\\public\\index.php')
DEBUG - 2025-08-15 06:46:59 --> Session: Class initialized using 'CodeIgniter\Session\Handlers\FileHandler' driver.
WARNING - 2025-08-15 06:46:59 --> [DEPRECATED] Creation of dynamic property App\Controllers\Boats::$session is deprecated in APPPATH\Controllers\BaseController.php on line 53.
 1 SYSTEMPATH\CodeIgniter.php(904): App\Controllers\BaseController->initController(Object(CodeIgniter\HTTP\IncomingRequest), Object(CodeIgniter\HTTP\Response), Object(CodeIgniter\Log\Logger))
 2 SYSTEMPATH\CodeIgniter.php(498): CodeIgniter\CodeIgniter->createController()
 3 SYSTEMPATH\CodeIgniter.php(354): CodeIgniter\CodeIgniter->handleRequest(null, Object(Config\Cache), false)
 4 SYSTEMPATH\Boot.php(363): CodeIgniter\CodeIgniter->run()
 5 SYSTEMPATH\Boot.php(68): CodeIgniter\Boot::runCodeIgniter(Object(CodeIgniter\CodeIgniter))
 6 FCPATH\index.php(59): CodeIgniter\Boot::bootWeb(Object(Config\Paths))
 7 SYSTEMPATH\rewrite.php(44): require_once('C:\\Users\\Administrator\\Documents\\GITHUB\\KAPAL-FE-HTML\\home\\public\\index.php')
DEBUG - 2025-08-15 06:47:08 --> Session: Class initialized using 'CodeIgniter\Session\Handlers\FileHandler' driver.
WARNING - 2025-08-15 06:47:08 --> [DEPRECATED] Creation of dynamic property App\Controllers\Boats::$session is deprecated in APPPATH\Controllers\BaseController.php on line 53.
 1 SYSTEMPATH\CodeIgniter.php(904): App\Controllers\BaseController->initController(Object(CodeIgniter\HTTP\IncomingRequest), Object(CodeIgniter\HTTP\Response), Object(CodeIgniter\Log\Logger))
 2 SYSTEMPATH\CodeIgniter.php(498): CodeIgniter\CodeIgniter->createController()
 3 SYSTEMPATH\CodeIgniter.php(354): CodeIgniter\CodeIgniter->handleRequest(null, Object(Config\Cache), false)
 4 SYSTEMPATH\Boot.php(363): CodeIgniter\CodeIgniter->run()
 5 SYSTEMPATH\Boot.php(68): CodeIgniter\Boot::runCodeIgniter(Object(CodeIgniter\CodeIgniter))
 6 FCPATH\index.php(59): CodeIgniter\Boot::bootWeb(Object(Config\Paths))
 7 SYSTEMPATH\rewrite.php(44): require_once('C:\\Users\\Administrator\\Documents\\GITHUB\\KAPAL-FE-HTML\\home\\public\\index.php')
DEBUG - 2025-08-15 06:47:20 --> Session: Class initialized using 'CodeIgniter\Session\Handlers\FileHandler' driver.
WARNING - 2025-08-15 06:47:20 --> [DEPRECATED] Creation of dynamic property App\Controllers\Home::$session is deprecated in APPPATH\Controllers\BaseController.php on line 53.
 1 SYSTEMPATH\CodeIgniter.php(904): App\Controllers\BaseController->initController(Object(CodeIgniter\HTTP\IncomingRequest), Object(CodeIgniter\HTTP\Response), Object(CodeIgniter\Log\Logger))
 2 SYSTEMPATH\CodeIgniter.php(498): CodeIgniter\CodeIgniter->createController()
 3 SYSTEMPATH\CodeIgniter.php(354): CodeIgniter\CodeIgniter->handleRequest(null, Object(Config\Cache), false)
 4 SYSTEMPATH\Boot.php(363): CodeIgniter\CodeIgniter->run()
 5 SYSTEMPATH\Boot.php(68): CodeIgniter\Boot::runCodeIgniter(Object(CodeIgniter\CodeIgniter))
 6 FCPATH\index.php(59): CodeIgniter\Boot::bootWeb(Object(Config\Paths))
 7 SYSTEMPATH\rewrite.php(44): require_once('C:\\Users\\Administrator\\Documents\\GITHUB\\KAPAL-FE-HTML\\home\\public\\index.php')
DEBUG - 2025-08-15 06:47:24 --> Session: Class initialized using 'CodeIgniter\Session\Handlers\FileHandler' driver.
WARNING - 2025-08-15 06:47:24 --> [DEPRECATED] Creation of dynamic property App\Controllers\Boats::$session is deprecated in APPPATH\Controllers\BaseController.php on line 53.
 1 SYSTEMPATH\CodeIgniter.php(904): App\Controllers\BaseController->initController(Object(CodeIgniter\HTTP\IncomingRequest), Object(CodeIgniter\HTTP\Response), Object(CodeIgniter\Log\Logger))
 2 SYSTEMPATH\CodeIgniter.php(498): CodeIgniter\CodeIgniter->createController()
 3 SYSTEMPATH\CodeIgniter.php(354): CodeIgniter\CodeIgniter->handleRequest(null, Object(Config\Cache), false)
 4 SYSTEMPATH\Boot.php(363): CodeIgniter\CodeIgniter->run()
 5 SYSTEMPATH\Boot.php(68): CodeIgniter\Boot::runCodeIgniter(Object(CodeIgniter\CodeIgniter))
 6 FCPATH\index.php(59): CodeIgniter\Boot::bootWeb(Object(Config\Paths))
 7 SYSTEMPATH\rewrite.php(44): require_once('C:\\Users\\Administrator\\Documents\\GITHUB\\KAPAL-FE-HTML\\home\\public\\index.php')
DEBUG - 2025-08-15 06:47:26 --> Session: Class initialized using 'CodeIgniter\Session\Handlers\FileHandler' driver.
WARNING - 2025-08-15 06:47:26 --> [DEPRECATED] Creation of dynamic property App\Controllers\Boats::$session is deprecated in APPPATH\Controllers\BaseController.php on line 53.
 1 SYSTEMPATH\CodeIgniter.php(904): App\Controllers\BaseController->initController(Object(CodeIgniter\HTTP\IncomingRequest), Object(CodeIgniter\HTTP\Response), Object(CodeIgniter\Log\Logger))
 2 SYSTEMPATH\CodeIgniter.php(498): CodeIgniter\CodeIgniter->createController()
 3 SYSTEMPATH\CodeIgniter.php(354): CodeIgniter\CodeIgniter->handleRequest(null, Object(Config\Cache), false)
 4 SYSTEMPATH\Boot.php(363): CodeIgniter\CodeIgniter->run()
 5 SYSTEMPATH\Boot.php(68): CodeIgniter\Boot::runCodeIgniter(Object(CodeIgniter\CodeIgniter))
 6 FCPATH\index.php(59): CodeIgniter\Boot::bootWeb(Object(Config\Paths))
 7 SYSTEMPATH\rewrite.php(44): require_once('C:\\Users\\Administrator\\Documents\\GITHUB\\KAPAL-FE-HTML\\home\\public\\index.php')
DEBUG - 2025-08-15 06:47:28 --> Session: Class initialized using 'CodeIgniter\Session\Handlers\FileHandler' driver.
WARNING - 2025-08-15 06:47:28 --> [DEPRECATED] Creation of dynamic property App\Controllers\Boats::$session is deprecated in APPPATH\Controllers\BaseController.php on line 53.
 1 SYSTEMPATH\CodeIgniter.php(904): App\Controllers\BaseController->initController(Object(CodeIgniter\HTTP\IncomingRequest), Object(CodeIgniter\HTTP\Response), Object(CodeIgniter\Log\Logger))
 2 SYSTEMPATH\CodeIgniter.php(498): CodeIgniter\CodeIgniter->createController()
 3 SYSTEMPATH\CodeIgniter.php(354): CodeIgniter\CodeIgniter->handleRequest(null, Object(Config\Cache), false)
 4 SYSTEMPATH\Boot.php(363): CodeIgniter\CodeIgniter->run()
 5 SYSTEMPATH\Boot.php(68): CodeIgniter\Boot::runCodeIgniter(Object(CodeIgniter\CodeIgniter))
 6 FCPATH\index.php(59): CodeIgniter\Boot::bootWeb(Object(Config\Paths))
 7 SYSTEMPATH\rewrite.php(44): require_once('C:\\Users\\Administrator\\Documents\\GITHUB\\KAPAL-FE-HTML\\home\\public\\index.php')
DEBUG - 2025-08-15 06:47:28 --> Session: Class initialized using 'CodeIgniter\Session\Handlers\FileHandler' driver.
WARNING - 2025-08-15 06:47:28 --> [DEPRECATED] Creation of dynamic property App\Controllers\Boats::$session is deprecated in APPPATH\Controllers\BaseController.php on line 53.
 1 SYSTEMPATH\CodeIgniter.php(904): App\Controllers\BaseController->initController(Object(CodeIgniter\HTTP\IncomingRequest), Object(CodeIgniter\HTTP\Response), Object(CodeIgniter\Log\Logger))
 2 SYSTEMPATH\CodeIgniter.php(498): CodeIgniter\CodeIgniter->createController()
 3 SYSTEMPATH\CodeIgniter.php(354): CodeIgniter\CodeIgniter->handleRequest(null, Object(Config\Cache), false)
 4 SYSTEMPATH\Boot.php(363): CodeIgniter\CodeIgniter->run()
 5 SYSTEMPATH\Boot.php(68): CodeIgniter\Boot::runCodeIgniter(Object(CodeIgniter\CodeIgniter))
 6 FCPATH\index.php(59): CodeIgniter\Boot::bootWeb(Object(Config\Paths))
 7 SYSTEMPATH\rewrite.php(44): require_once('C:\\Users\\Administrator\\Documents\\GITHUB\\KAPAL-FE-HTML\\home\\public\\index.php')
DEBUG - 2025-08-15 09:19:58 --> Session: Class initialized using 'CodeIgniter\Session\Handlers\FileHandler' driver.
