DEBUG - 2025-08-26 01:29:21 --> Session: Class initialized using 'CodeIgniter\Session\Handlers\FileHandler' driver.
WARNING - 2025-08-26 01:29:21 --> [DEPRECATED] Creation of dynamic property App\Controllers\Home::$session is deprecated in APPPATH\Controllers\BaseController.php on line 53.
 1 SYSTEMPATH\CodeIgniter.php(904): App\Controllers\BaseController->initController(Object(CodeIgniter\HTTP\IncomingRequest), Object(CodeIgniter\HTTP\Response), Object(CodeIgniter\Log\Logger))
 2 SYSTEMPATH\CodeIgniter.php(498): CodeIgniter\CodeIgniter->createController()
 3 SYSTEMPATH\CodeIgniter.php(354): CodeIgniter\CodeIgniter->handleRequest(null, Object(Config\Cache), false)
 4 SYSTEMPATH\Boot.php(363): CodeIgniter\CodeIgniter->run()
 5 SYSTEMPATH\Boot.php(68): CodeIgniter\Boot::runCodeIgniter(Object(CodeIgniter\CodeIgniter))
 6 FCPATH\index.php(59): CodeIgniter\Boot::bootWeb(Object(Config\Paths))
 7 SYSTEMPATH\rewrite.php(44): require_once('C:\\Users\\Administrator\\Documents\\GITHUB\\KAPAL-FE-HTML\\home\\public\\index.php')
DEBUG - 2025-08-26 01:29:26 --> Session: Class initialized using 'CodeIgniter\Session\Handlers\FileHandler' driver.
WARNING - 2025-08-26 01:29:26 --> [DEPRECATED] Creation of dynamic property App\Controllers\About::$session is deprecated in APPPATH\Controllers\BaseController.php on line 53.
 1 SYSTEMPATH\CodeIgniter.php(904): App\Controllers\BaseController->initController(Object(CodeIgniter\HTTP\IncomingRequest), Object(CodeIgniter\HTTP\Response), Object(CodeIgniter\Log\Logger))
 2 SYSTEMPATH\CodeIgniter.php(498): CodeIgniter\CodeIgniter->createController()
 3 SYSTEMPATH\CodeIgniter.php(354): CodeIgniter\CodeIgniter->handleRequest(null, Object(Config\Cache), false)
 4 SYSTEMPATH\Boot.php(363): CodeIgniter\CodeIgniter->run()
 5 SYSTEMPATH\Boot.php(68): CodeIgniter\Boot::runCodeIgniter(Object(CodeIgniter\CodeIgniter))
 6 FCPATH\index.php(59): CodeIgniter\Boot::bootWeb(Object(Config\Paths))
 7 SYSTEMPATH\rewrite.php(44): require_once('C:\\Users\\Administrator\\Documents\\GITHUB\\KAPAL-FE-HTML\\home\\public\\index.php')
DEBUG - 2025-08-26 01:29:28 --> Session: Class initialized using 'CodeIgniter\Session\Handlers\FileHandler' driver.
WARNING - 2025-08-26 01:29:28 --> [DEPRECATED] Creation of dynamic property App\Controllers\About::$session is deprecated in APPPATH\Controllers\BaseController.php on line 53.
 1 SYSTEMPATH\CodeIgniter.php(904): App\Controllers\BaseController->initController(Object(CodeIgniter\HTTP\IncomingRequest), Object(CodeIgniter\HTTP\Response), Object(CodeIgniter\Log\Logger))
 2 SYSTEMPATH\CodeIgniter.php(498): CodeIgniter\CodeIgniter->createController()
 3 SYSTEMPATH\CodeIgniter.php(354): CodeIgniter\CodeIgniter->handleRequest(null, Object(Config\Cache), false)
 4 SYSTEMPATH\Boot.php(363): CodeIgniter\CodeIgniter->run()
 5 SYSTEMPATH\Boot.php(68): CodeIgniter\Boot::runCodeIgniter(Object(CodeIgniter\CodeIgniter))
 6 FCPATH\index.php(59): CodeIgniter\Boot::bootWeb(Object(Config\Paths))
 7 SYSTEMPATH\rewrite.php(44): require_once('C:\\Users\\Administrator\\Documents\\GITHUB\\KAPAL-FE-HTML\\home\\public\\index.php')
ERROR - 2025-08-26 01:29:28 --> mysqli_sql_exception: Table 'raja_ampat_boats.teams' doesn't exist in C:\Users\Administrator\Documents\GITHUB\KAPAL-FE-HTML\home\vendor\codeigniter4\framework\system\Database\MySQLi\Connection.php:327
Stack trace:
#0 C:\Users\Administrator\Documents\GITHUB\KAPAL-FE-HTML\home\vendor\codeigniter4\framework\system\Database\MySQLi\Connection.php(327): mysqli->query('SELECT *\nFROM `...', 0)
#1 C:\Users\Administrator\Documents\GITHUB\KAPAL-FE-HTML\home\vendor\codeigniter4\framework\system\Database\BaseConnection.php(729): CodeIgniter\Database\MySQLi\Connection->execute('SELECT *\nFROM `...')
#2 C:\Users\Administrator\Documents\GITHUB\KAPAL-FE-HTML\home\vendor\codeigniter4\framework\system\Database\BaseConnection.php(646): CodeIgniter\Database\BaseConnection->simpleQuery('SELECT *\nFROM `...')
#3 C:\Users\Administrator\Documents\GITHUB\KAPAL-FE-HTML\home\vendor\codeigniter4\framework\system\Database\BaseBuilder.php(1649): CodeIgniter\Database\BaseConnection->query('SELECT *\nFROM `...', Array, false)
#4 C:\Users\Administrator\Documents\GITHUB\KAPAL-FE-HTML\home\vendor\codeigniter4\framework\system\Model.php(286): CodeIgniter\Database\BaseBuilder->get()
#5 C:\Users\Administrator\Documents\GITHUB\KAPAL-FE-HTML\home\vendor\codeigniter4\framework\system\BaseModel.php(677): CodeIgniter\Model->doFindAll(0, 0)
#6 C:\Users\Administrator\Documents\GITHUB\KAPAL-FE-HTML\home\app\Models\TeamModel.php(23): CodeIgniter\BaseModel->findAll()
#7 C:\Users\Administrator\Documents\GITHUB\KAPAL-FE-HTML\home\app\Controllers\About.php(36): App\Models\TeamModel->getActiveTeamMembers()
#8 C:\Users\Administrator\Documents\GITHUB\KAPAL-FE-HTML\home\vendor\codeigniter4\framework\system\CodeIgniter.php(933): App\Controllers\About->team()
#9 C:\Users\Administrator\Documents\GITHUB\KAPAL-FE-HTML\home\vendor\codeigniter4\framework\system\CodeIgniter.php(507): CodeIgniter\CodeIgniter->runController(Object(App\Controllers\About))
#10 C:\Users\Administrator\Documents\GITHUB\KAPAL-FE-HTML\home\vendor\codeigniter4\framework\system\CodeIgniter.php(354): CodeIgniter\CodeIgniter->handleRequest(NULL, Object(Config\Cache), false)
#11 C:\Users\Administrator\Documents\GITHUB\KAPAL-FE-HTML\home\vendor\codeigniter4\framework\system\Boot.php(363): CodeIgniter\CodeIgniter->run()
#12 C:\Users\Administrator\Documents\GITHUB\KAPAL-FE-HTML\home\vendor\codeigniter4\framework\system\Boot.php(68): CodeIgniter\Boot::runCodeIgniter(Object(CodeIgniter\CodeIgniter))
#13 C:\Users\Administrator\Documents\GITHUB\KAPAL-FE-HTML\home\public\index.php(59): CodeIgniter\Boot::bootWeb(Object(Config\Paths))
#14 C:\Users\Administrator\Documents\GITHUB\KAPAL-FE-HTML\home\vendor\codeigniter4\framework\system\rewrite.php(44): require_once('C:\\Users\\Admini...')
#15 {main}
CRITICAL - 2025-08-26 01:29:28 --> CodeIgniter\Database\Exceptions\DatabaseException: Table 'raja_ampat_boats.teams' doesn't exist
[Method: GET, Route: about/team]
in SYSTEMPATH\Database\BaseConnection.php on line 684.
 1 SYSTEMPATH\Database\BaseBuilder.php(1649): CodeIgniter\Database\BaseConnection->query('SELECT *
FROM `teams`
WHERE `is_active` = :is_active:
ORDER BY `display_order` ASC', [...], false)
 2 SYSTEMPATH\Model.php(286): CodeIgniter\Database\BaseBuilder->get()
 3 SYSTEMPATH\BaseModel.php(677): CodeIgniter\Model->doFindAll(0, 0)
 4 APPPATH\Models\TeamModel.php(23): CodeIgniter\BaseModel->findAll()
 5 APPPATH\Controllers\About.php(36): App\Models\TeamModel->getActiveTeamMembers()
 6 SYSTEMPATH\CodeIgniter.php(933): App\Controllers\About->team()
 7 SYSTEMPATH\CodeIgniter.php(507): CodeIgniter\CodeIgniter->runController(Object(App\Controllers\About))
 8 SYSTEMPATH\CodeIgniter.php(354): CodeIgniter\CodeIgniter->handleRequest(null, Object(Config\Cache), false)
 9 SYSTEMPATH\Boot.php(363): CodeIgniter\CodeIgniter->run()
10 SYSTEMPATH\Boot.php(68): CodeIgniter\Boot::runCodeIgniter(Object(CodeIgniter\CodeIgniter))
11 FCPATH\index.php(59): CodeIgniter\Boot::bootWeb(Object(Config\Paths))
12 SYSTEMPATH\rewrite.php(44): require_once('C:\\Users\\Administrator\\Documents\\GITHUB\\KAPAL-FE-HTML\\home\\public\\index.php')
CRITICAL - 2025-08-26 01:29:28 --> [Caused by] CodeIgniter\Database\Exceptions\DatabaseException: Table 'raja_ampat_boats.teams' doesn't exist
in SYSTEMPATH\Database\MySQLi\Connection.php on line 332.
 1 SYSTEMPATH\Database\BaseConnection.php(729): CodeIgniter\Database\MySQLi\Connection->execute('SELECT *
FROM `teams`
WHERE `is_active` = 1
ORDER BY `display_order` ASC')
 2 SYSTEMPATH\Database\BaseConnection.php(646): CodeIgniter\Database\BaseConnection->simpleQuery('SELECT *
FROM `teams`
WHERE `is_active` = 1
ORDER BY `display_order` ASC')
 3 SYSTEMPATH\Database\BaseBuilder.php(1649): CodeIgniter\Database\BaseConnection->query('SELECT *
FROM `teams`
WHERE `is_active` = :is_active:
ORDER BY `display_order` ASC', [...], false)
 4 SYSTEMPATH\Model.php(286): CodeIgniter\Database\BaseBuilder->get()
 5 SYSTEMPATH\BaseModel.php(677): CodeIgniter\Model->doFindAll(0, 0)
 6 APPPATH\Models\TeamModel.php(23): CodeIgniter\BaseModel->findAll()
 7 APPPATH\Controllers\About.php(36): App\Models\TeamModel->getActiveTeamMembers()
 8 SYSTEMPATH\CodeIgniter.php(933): App\Controllers\About->team()
 9 SYSTEMPATH\CodeIgniter.php(507): CodeIgniter\CodeIgniter->runController(Object(App\Controllers\About))
10 SYSTEMPATH\CodeIgniter.php(354): CodeIgniter\CodeIgniter->handleRequest(null, Object(Config\Cache), false)
11 SYSTEMPATH\Boot.php(363): CodeIgniter\CodeIgniter->run()
12 SYSTEMPATH\Boot.php(68): CodeIgniter\Boot::runCodeIgniter(Object(CodeIgniter\CodeIgniter))
13 FCPATH\index.php(59): CodeIgniter\Boot::bootWeb(Object(Config\Paths))
14 SYSTEMPATH\rewrite.php(44): require_once('C:\\Users\\Administrator\\Documents\\GITHUB\\KAPAL-FE-HTML\\home\\public\\index.php')
CRITICAL - 2025-08-26 01:29:28 --> [Caused by] mysqli_sql_exception: Table 'raja_ampat_boats.teams' doesn't exist
in SYSTEMPATH\Database\MySQLi\Connection.php on line 327.
 1 SYSTEMPATH\Database\MySQLi\Connection.php(327): mysqli->query('SELECT *
FROM `teams`
WHERE `is_active` = 1
ORDER BY `display_order` ASC', 0)
 2 SYSTEMPATH\Database\BaseConnection.php(729): CodeIgniter\Database\MySQLi\Connection->execute('SELECT *
FROM `teams`
WHERE `is_active` = 1
ORDER BY `display_order` ASC')
 3 SYSTEMPATH\Database\BaseConnection.php(646): CodeIgniter\Database\BaseConnection->simpleQuery('SELECT *
FROM `teams`
WHERE `is_active` = 1
ORDER BY `display_order` ASC')
 4 SYSTEMPATH\Database\BaseBuilder.php(1649): CodeIgniter\Database\BaseConnection->query('SELECT *
FROM `teams`
WHERE `is_active` = :is_active:
ORDER BY `display_order` ASC', [...], false)
 5 SYSTEMPATH\Model.php(286): CodeIgniter\Database\BaseBuilder->get()
 6 SYSTEMPATH\BaseModel.php(677): CodeIgniter\Model->doFindAll(0, 0)
 7 APPPATH\Models\TeamModel.php(23): CodeIgniter\BaseModel->findAll()
 8 APPPATH\Controllers\About.php(36): App\Models\TeamModel->getActiveTeamMembers()
 9 SYSTEMPATH\CodeIgniter.php(933): App\Controllers\About->team()
10 SYSTEMPATH\CodeIgniter.php(507): CodeIgniter\CodeIgniter->runController(Object(App\Controllers\About))
11 SYSTEMPATH\CodeIgniter.php(354): CodeIgniter\CodeIgniter->handleRequest(null, Object(Config\Cache), false)
12 SYSTEMPATH\Boot.php(363): CodeIgniter\CodeIgniter->run()
13 SYSTEMPATH\Boot.php(68): CodeIgniter\Boot::runCodeIgniter(Object(CodeIgniter\CodeIgniter))
14 FCPATH\index.php(59): CodeIgniter\Boot::bootWeb(Object(Config\Paths))
15 SYSTEMPATH\rewrite.php(44): require_once('C:\\Users\\Administrator\\Documents\\GITHUB\\KAPAL-FE-HTML\\home\\public\\index.php')
DEBUG - 2025-08-26 01:32:57 --> Session: Class initialized using 'CodeIgniter\Session\Handlers\FileHandler' driver.
WARNING - 2025-08-26 01:32:57 --> [DEPRECATED] Creation of dynamic property App\Controllers\About::$session is deprecated in APPPATH\Controllers\BaseController.php on line 53.
 1 SYSTEMPATH\CodeIgniter.php(904): App\Controllers\BaseController->initController(Object(CodeIgniter\HTTP\IncomingRequest), Object(CodeIgniter\HTTP\Response), Object(CodeIgniter\Log\Logger))
 2 SYSTEMPATH\CodeIgniter.php(498): CodeIgniter\CodeIgniter->createController()
 3 SYSTEMPATH\CodeIgniter.php(354): CodeIgniter\CodeIgniter->handleRequest(null, Object(Config\Cache), false)
 4 SYSTEMPATH\Boot.php(363): CodeIgniter\CodeIgniter->run()
 5 SYSTEMPATH\Boot.php(68): CodeIgniter\Boot::runCodeIgniter(Object(CodeIgniter\CodeIgniter))
 6 FCPATH\index.php(59): CodeIgniter\Boot::bootWeb(Object(Config\Paths))
 7 SYSTEMPATH\rewrite.php(44): require_once('C:\\Users\\Administrator\\Documents\\GITHUB\\KAPAL-FE-HTML\\home\\public\\index.php')
DEBUG - 2025-08-26 01:33:04 --> Session: Class initialized using 'CodeIgniter\Session\Handlers\FileHandler' driver.
WARNING - 2025-08-26 01:33:04 --> [DEPRECATED] Creation of dynamic property App\Controllers\Blog::$session is deprecated in APPPATH\Controllers\BaseController.php on line 53.
 1 SYSTEMPATH\CodeIgniter.php(904): App\Controllers\BaseController->initController(Object(CodeIgniter\HTTP\IncomingRequest), Object(CodeIgniter\HTTP\Response), Object(CodeIgniter\Log\Logger))
 2 SYSTEMPATH\CodeIgniter.php(498): CodeIgniter\CodeIgniter->createController()
 3 SYSTEMPATH\CodeIgniter.php(354): CodeIgniter\CodeIgniter->handleRequest(null, Object(Config\Cache), false)
 4 SYSTEMPATH\Boot.php(363): CodeIgniter\CodeIgniter->run()
 5 SYSTEMPATH\Boot.php(68): CodeIgniter\Boot::runCodeIgniter(Object(CodeIgniter\CodeIgniter))
 6 FCPATH\index.php(59): CodeIgniter\Boot::bootWeb(Object(Config\Paths))
 7 SYSTEMPATH\rewrite.php(44): require_once('C:\\Users\\Administrator\\Documents\\GITHUB\\KAPAL-FE-HTML\\home\\public\\index.php')
DEBUG - 2025-08-26 01:33:07 --> Session: Class initialized using 'CodeIgniter\Session\Handlers\FileHandler' driver.
WARNING - 2025-08-26 01:33:07 --> [DEPRECATED] Creation of dynamic property App\Controllers\Blog::$session is deprecated in APPPATH\Controllers\BaseController.php on line 53.
 1 SYSTEMPATH\CodeIgniter.php(904): App\Controllers\BaseController->initController(Object(CodeIgniter\HTTP\IncomingRequest), Object(CodeIgniter\HTTP\Response), Object(CodeIgniter\Log\Logger))
 2 SYSTEMPATH\CodeIgniter.php(498): CodeIgniter\CodeIgniter->createController()
 3 SYSTEMPATH\CodeIgniter.php(354): CodeIgniter\CodeIgniter->handleRequest(null, Object(Config\Cache), false)
 4 SYSTEMPATH\Boot.php(363): CodeIgniter\CodeIgniter->run()
 5 SYSTEMPATH\Boot.php(68): CodeIgniter\Boot::runCodeIgniter(Object(CodeIgniter\CodeIgniter))
 6 FCPATH\index.php(59): CodeIgniter\Boot::bootWeb(Object(Config\Paths))
 7 SYSTEMPATH\rewrite.php(44): require_once('C:\\Users\\Administrator\\Documents\\GITHUB\\KAPAL-FE-HTML\\home\\public\\index.php')
DEBUG - 2025-08-26 01:33:10 --> Session: Class initialized using 'CodeIgniter\Session\Handlers\FileHandler' driver.
WARNING - 2025-08-26 01:33:10 --> [DEPRECATED] Creation of dynamic property App\Controllers\Blog::$session is deprecated in APPPATH\Controllers\BaseController.php on line 53.
 1 SYSTEMPATH\CodeIgniter.php(904): App\Controllers\BaseController->initController(Object(CodeIgniter\HTTP\IncomingRequest), Object(CodeIgniter\HTTP\Response), Object(CodeIgniter\Log\Logger))
 2 SYSTEMPATH\CodeIgniter.php(498): CodeIgniter\CodeIgniter->createController()
 3 SYSTEMPATH\CodeIgniter.php(354): CodeIgniter\CodeIgniter->handleRequest(null, Object(Config\Cache), false)
 4 SYSTEMPATH\Boot.php(363): CodeIgniter\CodeIgniter->run()
 5 SYSTEMPATH\Boot.php(68): CodeIgniter\Boot::runCodeIgniter(Object(CodeIgniter\CodeIgniter))
 6 FCPATH\index.php(59): CodeIgniter\Boot::bootWeb(Object(Config\Paths))
 7 SYSTEMPATH\rewrite.php(44): require_once('C:\\Users\\Administrator\\Documents\\GITHUB\\KAPAL-FE-HTML\\home\\public\\index.php')
DEBUG - 2025-08-26 01:33:18 --> Session: Class initialized using 'CodeIgniter\Session\Handlers\FileHandler' driver.
WARNING - 2025-08-26 01:33:18 --> [DEPRECATED] Creation of dynamic property App\Controllers\Tour::$session is deprecated in APPPATH\Controllers\BaseController.php on line 53.
 1 SYSTEMPATH\CodeIgniter.php(904): App\Controllers\BaseController->initController(Object(CodeIgniter\HTTP\IncomingRequest), Object(CodeIgniter\HTTP\Response), Object(CodeIgniter\Log\Logger))
 2 SYSTEMPATH\CodeIgniter.php(498): CodeIgniter\CodeIgniter->createController()
 3 SYSTEMPATH\CodeIgniter.php(354): CodeIgniter\CodeIgniter->handleRequest(null, Object(Config\Cache), false)
 4 SYSTEMPATH\Boot.php(363): CodeIgniter\CodeIgniter->run()
 5 SYSTEMPATH\Boot.php(68): CodeIgniter\Boot::runCodeIgniter(Object(CodeIgniter\CodeIgniter))
 6 FCPATH\index.php(59): CodeIgniter\Boot::bootWeb(Object(Config\Paths))
 7 SYSTEMPATH\rewrite.php(44): require_once('C:\\Users\\Administrator\\Documents\\GITHUB\\KAPAL-FE-HTML\\home\\public\\index.php')
CRITICAL - 2025-08-26 01:33:18 --> ErrorException: Trying to access array offset on value of type null
[Method: GET, Route: tour/waigeo]
in APPPATH\Views\tour\island.php on line 2.
 1 APPPATH\Views\tour\island.php(2): CodeIgniter\Debug\Exceptions->errorHandler(2, 'Trying to access array offset on value of type null', 'C:\\Users\\Administrator\\Documents\\GITHUB\\KAPAL-FE-HTML\\home\\app\\Views\\tour\\island.php', 2)
 2 SYSTEMPATH\View\View.php(226): include('C:\\Users\\Administrator\\Documents\\GITHUB\\KAPAL-FE-HTML\\home\\app\\Views\\tour\\island.php')
 3 SYSTEMPATH\View\View.php(229): CodeIgniter\View\View->CodeIgniter\View\{closure}()
 4 SYSTEMPATH\Common.php(1167): CodeIgniter\View\View->render('tour/island', [], true)
 5 APPPATH\Controllers\BaseController.php(65): view('tour/island', [...])
 6 APPPATH\Controllers\Tour.php(20): App\Controllers\BaseController->render('tour/island', [...])
 7 APPPATH\Controllers\Tour.php(32): App\Controllers\Tour->index('waigeo')
 8 SYSTEMPATH\CodeIgniter.php(933): App\Controllers\Tour->waigeo()
 9 SYSTEMPATH\CodeIgniter.php(507): CodeIgniter\CodeIgniter->runController(Object(App\Controllers\Tour))
10 SYSTEMPATH\CodeIgniter.php(354): CodeIgniter\CodeIgniter->handleRequest(null, Object(Config\Cache), false)
11 SYSTEMPATH\Boot.php(363): CodeIgniter\CodeIgniter->run()
12 SYSTEMPATH\Boot.php(68): CodeIgniter\Boot::runCodeIgniter(Object(CodeIgniter\CodeIgniter))
13 FCPATH\index.php(59): CodeIgniter\Boot::bootWeb(Object(Config\Paths))
14 SYSTEMPATH\rewrite.php(44): require_once('C:\\Users\\Administrator\\Documents\\GITHUB\\KAPAL-FE-HTML\\home\\public\\index.php')
DEBUG - 2025-08-26 01:34:13 --> Session: Class initialized using 'CodeIgniter\Session\Handlers\FileHandler' driver.
WARNING - 2025-08-26 01:34:13 --> [DEPRECATED] Creation of dynamic property App\Controllers\Blog::$session is deprecated in APPPATH\Controllers\BaseController.php on line 53.
 1 SYSTEMPATH\CodeIgniter.php(904): App\Controllers\BaseController->initController(Object(CodeIgniter\HTTP\IncomingRequest), Object(CodeIgniter\HTTP\Response), Object(CodeIgniter\Log\Logger))
 2 SYSTEMPATH\CodeIgniter.php(498): CodeIgniter\CodeIgniter->createController()
 3 SYSTEMPATH\CodeIgniter.php(354): CodeIgniter\CodeIgniter->handleRequest(null, Object(Config\Cache), false)
 4 SYSTEMPATH\Boot.php(363): CodeIgniter\CodeIgniter->run()
 5 SYSTEMPATH\Boot.php(68): CodeIgniter\Boot::runCodeIgniter(Object(CodeIgniter\CodeIgniter))
 6 FCPATH\index.php(59): CodeIgniter\Boot::bootWeb(Object(Config\Paths))
 7 SYSTEMPATH\rewrite.php(44): require_once('C:\\Users\\Administrator\\Documents\\GITHUB\\KAPAL-FE-HTML\\home\\public\\index.php')
DEBUG - 2025-08-26 01:34:15 --> Session: Class initialized using 'CodeIgniter\Session\Handlers\FileHandler' driver.
WARNING - 2025-08-26 01:34:15 --> [DEPRECATED] Creation of dynamic property App\Controllers\About::$session is deprecated in APPPATH\Controllers\BaseController.php on line 53.
 1 SYSTEMPATH\CodeIgniter.php(904): App\Controllers\BaseController->initController(Object(CodeIgniter\HTTP\IncomingRequest), Object(CodeIgniter\HTTP\Response), Object(CodeIgniter\Log\Logger))
 2 SYSTEMPATH\CodeIgniter.php(498): CodeIgniter\CodeIgniter->createController()
 3 SYSTEMPATH\CodeIgniter.php(354): CodeIgniter\CodeIgniter->handleRequest(null, Object(Config\Cache), false)
 4 SYSTEMPATH\Boot.php(363): CodeIgniter\CodeIgniter->run()
 5 SYSTEMPATH\Boot.php(68): CodeIgniter\Boot::runCodeIgniter(Object(CodeIgniter\CodeIgniter))
 6 FCPATH\index.php(59): CodeIgniter\Boot::bootWeb(Object(Config\Paths))
 7 SYSTEMPATH\rewrite.php(44): require_once('C:\\Users\\Administrator\\Documents\\GITHUB\\KAPAL-FE-HTML\\home\\public\\index.php')
DEBUG - 2025-08-26 01:34:30 --> Session: Class initialized using 'CodeIgniter\Session\Handlers\FileHandler' driver.
WARNING - 2025-08-26 01:34:30 --> [DEPRECATED] Creation of dynamic property App\Controllers\About::$session is deprecated in APPPATH\Controllers\BaseController.php on line 53.
 1 SYSTEMPATH\CodeIgniter.php(904): App\Controllers\BaseController->initController(Object(CodeIgniter\HTTP\IncomingRequest), Object(CodeIgniter\HTTP\Response), Object(CodeIgniter\Log\Logger))
 2 SYSTEMPATH\CodeIgniter.php(498): CodeIgniter\CodeIgniter->createController()
 3 SYSTEMPATH\CodeIgniter.php(354): CodeIgniter\CodeIgniter->handleRequest(null, Object(Config\Cache), false)
 4 SYSTEMPATH\Boot.php(363): CodeIgniter\CodeIgniter->run()
 5 SYSTEMPATH\Boot.php(68): CodeIgniter\Boot::runCodeIgniter(Object(CodeIgniter\CodeIgniter))
 6 FCPATH\index.php(59): CodeIgniter\Boot::bootWeb(Object(Config\Paths))
 7 SYSTEMPATH\rewrite.php(44): require_once('C:\\Users\\Administrator\\Documents\\GITHUB\\KAPAL-FE-HTML\\home\\public\\index.php')
DEBUG - 2025-08-26 01:34:31 --> Session: Class initialized using 'CodeIgniter\Session\Handlers\FileHandler' driver.
WARNING - 2025-08-26 01:34:31 --> [DEPRECATED] Creation of dynamic property App\Controllers\About::$session is deprecated in APPPATH\Controllers\BaseController.php on line 53.
 1 SYSTEMPATH\CodeIgniter.php(904): App\Controllers\BaseController->initController(Object(CodeIgniter\HTTP\IncomingRequest), Object(CodeIgniter\HTTP\Response), Object(CodeIgniter\Log\Logger))
 2 SYSTEMPATH\CodeIgniter.php(498): CodeIgniter\CodeIgniter->createController()
 3 SYSTEMPATH\CodeIgniter.php(354): CodeIgniter\CodeIgniter->handleRequest(null, Object(Config\Cache), false)
 4 SYSTEMPATH\Boot.php(363): CodeIgniter\CodeIgniter->run()
 5 SYSTEMPATH\Boot.php(68): CodeIgniter\Boot::runCodeIgniter(Object(CodeIgniter\CodeIgniter))
 6 FCPATH\index.php(59): CodeIgniter\Boot::bootWeb(Object(Config\Paths))
 7 SYSTEMPATH\rewrite.php(44): require_once('C:\\Users\\Administrator\\Documents\\GITHUB\\KAPAL-FE-HTML\\home\\public\\index.php')
DEBUG - 2025-08-26 01:35:22 --> Session: Class initialized using 'CodeIgniter\Session\Handlers\FileHandler' driver.
WARNING - 2025-08-26 01:35:22 --> [DEPRECATED] Creation of dynamic property App\Controllers\About::$session is deprecated in APPPATH\Controllers\BaseController.php on line 53.
 1 SYSTEMPATH\CodeIgniter.php(904): App\Controllers\BaseController->initController(Object(CodeIgniter\HTTP\IncomingRequest), Object(CodeIgniter\HTTP\Response), Object(CodeIgniter\Log\Logger))
 2 SYSTEMPATH\CodeIgniter.php(498): CodeIgniter\CodeIgniter->createController()
 3 SYSTEMPATH\CodeIgniter.php(354): CodeIgniter\CodeIgniter->handleRequest(null, Object(Config\Cache), false)
 4 SYSTEMPATH\Boot.php(363): CodeIgniter\CodeIgniter->run()
 5 SYSTEMPATH\Boot.php(68): CodeIgniter\Boot::runCodeIgniter(Object(CodeIgniter\CodeIgniter))
 6 FCPATH\index.php(59): CodeIgniter\Boot::bootWeb(Object(Config\Paths))
 7 SYSTEMPATH\rewrite.php(44): require_once('C:\\Users\\Administrator\\Documents\\GITHUB\\KAPAL-FE-HTML\\home\\public\\index.php')
DEBUG - 2025-08-26 01:37:19 --> Session: Class initialized using 'CodeIgniter\Session\Handlers\FileHandler' driver.
WARNING - 2025-08-26 01:37:19 --> [DEPRECATED] Creation of dynamic property App\Controllers\Tour::$session is deprecated in APPPATH\Controllers\BaseController.php on line 53.
 1 SYSTEMPATH\CodeIgniter.php(904): App\Controllers\BaseController->initController(Object(CodeIgniter\HTTP\IncomingRequest), Object(CodeIgniter\HTTP\Response), Object(CodeIgniter\Log\Logger))
 2 SYSTEMPATH\CodeIgniter.php(498): CodeIgniter\CodeIgniter->createController()
 3 SYSTEMPATH\CodeIgniter.php(354): CodeIgniter\CodeIgniter->handleRequest(null, Object(Config\Cache), false)
 4 SYSTEMPATH\Boot.php(363): CodeIgniter\CodeIgniter->run()
 5 SYSTEMPATH\Boot.php(68): CodeIgniter\Boot::runCodeIgniter(Object(CodeIgniter\CodeIgniter))
 6 FCPATH\index.php(59): CodeIgniter\Boot::bootWeb(Object(Config\Paths))
 7 SYSTEMPATH\rewrite.php(44): require_once('C:\\Users\\Administrator\\Documents\\GITHUB\\KAPAL-FE-HTML\\home\\public\\index.php')
CRITICAL - 2025-08-26 01:37:19 --> ErrorException: Trying to access array offset on value of type null
[Method: GET, Route: tour/waigeo]
in APPPATH\Views\tour\island.php on line 2.
 1 APPPATH\Views\tour\island.php(2): CodeIgniter\Debug\Exceptions->errorHandler(2, 'Trying to access array offset on value of type null', 'C:\\Users\\Administrator\\Documents\\GITHUB\\KAPAL-FE-HTML\\home\\app\\Views\\tour\\island.php', 2)
 2 SYSTEMPATH\View\View.php(226): include('C:\\Users\\Administrator\\Documents\\GITHUB\\KAPAL-FE-HTML\\home\\app\\Views\\tour\\island.php')
 3 SYSTEMPATH\View\View.php(229): CodeIgniter\View\View->CodeIgniter\View\{closure}()
 4 SYSTEMPATH\Common.php(1167): CodeIgniter\View\View->render('tour/island', [], true)
 5 APPPATH\Controllers\BaseController.php(65): view('tour/island', [...])
 6 APPPATH\Controllers\Tour.php(20): App\Controllers\BaseController->render('tour/island', [...])
 7 APPPATH\Controllers\Tour.php(32): App\Controllers\Tour->index('waigeo')
 8 SYSTEMPATH\CodeIgniter.php(933): App\Controllers\Tour->waigeo()
 9 SYSTEMPATH\CodeIgniter.php(507): CodeIgniter\CodeIgniter->runController(Object(App\Controllers\Tour))
10 SYSTEMPATH\CodeIgniter.php(354): CodeIgniter\CodeIgniter->handleRequest(null, Object(Config\Cache), false)
11 SYSTEMPATH\Boot.php(363): CodeIgniter\CodeIgniter->run()
12 SYSTEMPATH\Boot.php(68): CodeIgniter\Boot::runCodeIgniter(Object(CodeIgniter\CodeIgniter))
13 FCPATH\index.php(59): CodeIgniter\Boot::bootWeb(Object(Config\Paths))
14 SYSTEMPATH\rewrite.php(44): require_once('C:\\Users\\Administrator\\Documents\\GITHUB\\KAPAL-FE-HTML\\home\\public\\index.php')
DEBUG - 2025-08-26 01:53:38 --> Session: Class initialized using 'CodeIgniter\Session\Handlers\FileHandler' driver.
WARNING - 2025-08-26 01:53:38 --> [DEPRECATED] Creation of dynamic property App\Controllers\Faq::$session is deprecated in APPPATH\Controllers\BaseController.php on line 53.
 1 SYSTEMPATH\CodeIgniter.php(904): App\Controllers\BaseController->initController(Object(CodeIgniter\HTTP\IncomingRequest), Object(CodeIgniter\HTTP\Response), Object(CodeIgniter\Log\Logger))
 2 SYSTEMPATH\CodeIgniter.php(498): CodeIgniter\CodeIgniter->createController()
 3 SYSTEMPATH\CodeIgniter.php(354): CodeIgniter\CodeIgniter->handleRequest(null, Object(Config\Cache), false)
 4 SYSTEMPATH\Boot.php(363): CodeIgniter\CodeIgniter->run()
 5 SYSTEMPATH\Boot.php(68): CodeIgniter\Boot::runCodeIgniter(Object(CodeIgniter\CodeIgniter))
 6 FCPATH\index.php(59): CodeIgniter\Boot::bootWeb(Object(Config\Paths))
 7 SYSTEMPATH\rewrite.php(44): require_once('C:\\Users\\Administrator\\Documents\\GITHUB\\KAPAL-FE-HTML\\home\\public\\index.php')
DEBUG - 2025-08-26 01:53:41 --> Session: Class initialized using 'CodeIgniter\Session\Handlers\FileHandler' driver.
WARNING - 2025-08-26 01:53:41 --> [DEPRECATED] Creation of dynamic property App\Controllers\Contact::$session is deprecated in APPPATH\Controllers\BaseController.php on line 53.
 1 SYSTEMPATH\CodeIgniter.php(904): App\Controllers\BaseController->initController(Object(CodeIgniter\HTTP\IncomingRequest), Object(CodeIgniter\HTTP\Response), Object(CodeIgniter\Log\Logger))
 2 SYSTEMPATH\CodeIgniter.php(498): CodeIgniter\CodeIgniter->createController()
 3 SYSTEMPATH\CodeIgniter.php(354): CodeIgniter\CodeIgniter->handleRequest(null, Object(Config\Cache), false)
 4 SYSTEMPATH\Boot.php(363): CodeIgniter\CodeIgniter->run()
 5 SYSTEMPATH\Boot.php(68): CodeIgniter\Boot::runCodeIgniter(Object(CodeIgniter\CodeIgniter))
 6 FCPATH\index.php(59): CodeIgniter\Boot::bootWeb(Object(Config\Paths))
 7 SYSTEMPATH\rewrite.php(44): require_once('C:\\Users\\Administrator\\Documents\\GITHUB\\KAPAL-FE-HTML\\home\\public\\index.php')
DEBUG - 2025-08-26 01:53:44 --> Session: Class initialized using 'CodeIgniter\Session\Handlers\FileHandler' driver.
WARNING - 2025-08-26 01:53:44 --> [DEPRECATED] Creation of dynamic property App\Controllers\About::$session is deprecated in APPPATH\Controllers\BaseController.php on line 53.
 1 SYSTEMPATH\CodeIgniter.php(904): App\Controllers\BaseController->initController(Object(CodeIgniter\HTTP\IncomingRequest), Object(CodeIgniter\HTTP\Response), Object(CodeIgniter\Log\Logger))
 2 SYSTEMPATH\CodeIgniter.php(498): CodeIgniter\CodeIgniter->createController()
 3 SYSTEMPATH\CodeIgniter.php(354): CodeIgniter\CodeIgniter->handleRequest(null, Object(Config\Cache), false)
 4 SYSTEMPATH\Boot.php(363): CodeIgniter\CodeIgniter->run()
 5 SYSTEMPATH\Boot.php(68): CodeIgniter\Boot::runCodeIgniter(Object(CodeIgniter\CodeIgniter))
 6 FCPATH\index.php(59): CodeIgniter\Boot::bootWeb(Object(Config\Paths))
 7 SYSTEMPATH\rewrite.php(44): require_once('C:\\Users\\Administrator\\Documents\\GITHUB\\KAPAL-FE-HTML\\home\\public\\index.php')
DEBUG - 2025-08-26 01:53:46 --> Session: Class initialized using 'CodeIgniter\Session\Handlers\FileHandler' driver.
WARNING - 2025-08-26 01:53:46 --> [DEPRECATED] Creation of dynamic property App\Controllers\About::$session is deprecated in APPPATH\Controllers\BaseController.php on line 53.
 1 SYSTEMPATH\CodeIgniter.php(904): App\Controllers\BaseController->initController(Object(CodeIgniter\HTTP\IncomingRequest), Object(CodeIgniter\HTTP\Response), Object(CodeIgniter\Log\Logger))
 2 SYSTEMPATH\CodeIgniter.php(498): CodeIgniter\CodeIgniter->createController()
 3 SYSTEMPATH\CodeIgniter.php(354): CodeIgniter\CodeIgniter->handleRequest(null, Object(Config\Cache), false)
 4 SYSTEMPATH\Boot.php(363): CodeIgniter\CodeIgniter->run()
 5 SYSTEMPATH\Boot.php(68): CodeIgniter\Boot::runCodeIgniter(Object(CodeIgniter\CodeIgniter))
 6 FCPATH\index.php(59): CodeIgniter\Boot::bootWeb(Object(Config\Paths))
 7 SYSTEMPATH\rewrite.php(44): require_once('C:\\Users\\Administrator\\Documents\\GITHUB\\KAPAL-FE-HTML\\home\\public\\index.php')
DEBUG - 2025-08-26 01:53:54 --> Session: Class initialized using 'CodeIgniter\Session\Handlers\FileHandler' driver.
WARNING - 2025-08-26 01:53:54 --> [DEPRECATED] Creation of dynamic property App\Controllers\About::$session is deprecated in APPPATH\Controllers\BaseController.php on line 53.
 1 SYSTEMPATH\CodeIgniter.php(904): App\Controllers\BaseController->initController(Object(CodeIgniter\HTTP\IncomingRequest), Object(CodeIgniter\HTTP\Response), Object(CodeIgniter\Log\Logger))
 2 SYSTEMPATH\CodeIgniter.php(498): CodeIgniter\CodeIgniter->createController()
 3 SYSTEMPATH\CodeIgniter.php(354): CodeIgniter\CodeIgniter->handleRequest(null, Object(Config\Cache), false)
 4 SYSTEMPATH\Boot.php(363): CodeIgniter\CodeIgniter->run()
 5 SYSTEMPATH\Boot.php(68): CodeIgniter\Boot::runCodeIgniter(Object(CodeIgniter\CodeIgniter))
 6 FCPATH\index.php(59): CodeIgniter\Boot::bootWeb(Object(Config\Paths))
 7 SYSTEMPATH\rewrite.php(44): require_once('C:\\Users\\Administrator\\Documents\\GITHUB\\KAPAL-FE-HTML\\home\\public\\index.php')
CRITICAL - 2025-08-26 01:54:00 --> Error: Class "App\Models\GalleryModel" not found
[Method: GET, Route: tour/packages]
in APPPATH\Controllers\Tour.php on line 18.
 1 SYSTEMPATH\CodeIgniter.php(903): App\Controllers\Tour->__construct()
 2 SYSTEMPATH\CodeIgniter.php(498): CodeIgniter\CodeIgniter->createController()
 3 SYSTEMPATH\CodeIgniter.php(354): CodeIgniter\CodeIgniter->handleRequest(null, Object(Config\Cache), false)
 4 SYSTEMPATH\Boot.php(363): CodeIgniter\CodeIgniter->run()
 5 SYSTEMPATH\Boot.php(68): CodeIgniter\Boot::runCodeIgniter(Object(CodeIgniter\CodeIgniter))
 6 FCPATH\index.php(59): CodeIgniter\Boot::bootWeb(Object(Config\Paths))
 7 SYSTEMPATH\rewrite.php(44): require_once('C:\\Users\\Administrator\\Documents\\GITHUB\\KAPAL-FE-HTML\\home\\public\\index.php')
ERROR - 2025-08-26 02:11:30 --> mysqli_sql_exception: Table 'tour_packages' already exists in C:\Users\Administrator\Documents\GITHUB\KAPAL-FE-HTML\home\vendor\codeigniter4\framework\system\Database\MySQLi\Connection.php:327
Stack trace:
#0 C:\Users\Administrator\Documents\GITHUB\KAPAL-FE-HTML\home\vendor\codeigniter4\framework\system\Database\MySQLi\Connection.php(327): mysqli->query('CREATE TABLE `t...', 0)
#1 C:\Users\Administrator\Documents\GITHUB\KAPAL-FE-HTML\home\vendor\codeigniter4\framework\system\Database\BaseConnection.php(729): CodeIgniter\Database\MySQLi\Connection->execute('CREATE TABLE `t...')
#2 C:\Users\Administrator\Documents\GITHUB\KAPAL-FE-HTML\home\vendor\codeigniter4\framework\system\Database\BaseConnection.php(646): CodeIgniter\Database\BaseConnection->simpleQuery('CREATE TABLE `t...')
#3 C:\Users\Administrator\Documents\GITHUB\KAPAL-FE-HTML\home\vendor\codeigniter4\framework\system\Database\Forge.php(570): CodeIgniter\Database\BaseConnection->query('CREATE TABLE `t...')
#4 C:\Users\Administrator\Documents\GITHUB\KAPAL-FE-HTML\home\app\Database\Migrations\2025-08-26-021105_Tourpakage.php(79): CodeIgniter\Database\Forge->createTable('tour_packages')
#5 C:\Users\Administrator\Documents\GITHUB\KAPAL-FE-HTML\home\vendor\codeigniter4\framework\system\Database\MigrationRunner.php(876): App\Database\Migrations\CreateTourPackagesTable->up()
#6 C:\Users\Administrator\Documents\GITHUB\KAPAL-FE-HTML\home\vendor\codeigniter4\framework\system\Database\MigrationRunner.php(182): CodeIgniter\Database\MigrationRunner->migrate('up', Object(stdClass))
#7 C:\Users\Administrator\Documents\GITHUB\KAPAL-FE-HTML\home\vendor\codeigniter4\framework\system\Commands\Database\Migrate.php(85): CodeIgniter\Database\MigrationRunner->latest(NULL)
#8 C:\Users\Administrator\Documents\GITHUB\KAPAL-FE-HTML\home\vendor\codeigniter4\framework\system\CLI\Commands.php(74): CodeIgniter\Commands\Database\Migrate->run(Array)
#9 C:\Users\Administrator\Documents\GITHUB\KAPAL-FE-HTML\home\vendor\codeigniter4\framework\system\CLI\Console.php(47): CodeIgniter\CLI\Commands->run('migrate', Array)
#10 C:\Users\Administrator\Documents\GITHUB\KAPAL-FE-HTML\home\vendor\codeigniter4\framework\system\Boot.php(388): CodeIgniter\CLI\Console->run()
#11 C:\Users\Administrator\Documents\GITHUB\KAPAL-FE-HTML\home\vendor\codeigniter4\framework\system\Boot.php(133): CodeIgniter\Boot::runCommand(Object(CodeIgniter\CLI\Console))
#12 C:\Users\Administrator\Documents\GITHUB\KAPAL-FE-HTML\home\spark(87): CodeIgniter\Boot::bootSpark(Object(Config\Paths))
#13 {main}
DEBUG - 2025-08-26 02:11:40 --> Session: Class initialized using 'CodeIgniter\Session\Handlers\FileHandler' driver.
WARNING - 2025-08-26 02:11:40 --> [DEPRECATED] Creation of dynamic property App\Controllers\About::$session is deprecated in APPPATH\Controllers\BaseController.php on line 53.
 1 SYSTEMPATH\CodeIgniter.php(904): App\Controllers\BaseController->initController(Object(CodeIgniter\HTTP\IncomingRequest), Object(CodeIgniter\HTTP\Response), Object(CodeIgniter\Log\Logger))
 2 SYSTEMPATH\CodeIgniter.php(498): CodeIgniter\CodeIgniter->createController()
 3 SYSTEMPATH\CodeIgniter.php(354): CodeIgniter\CodeIgniter->handleRequest(null, Object(Config\Cache), false)
 4 SYSTEMPATH\Boot.php(363): CodeIgniter\CodeIgniter->run()
 5 SYSTEMPATH\Boot.php(68): CodeIgniter\Boot::runCodeIgniter(Object(CodeIgniter\CodeIgniter))
 6 FCPATH\index.php(59): CodeIgniter\Boot::bootWeb(Object(Config\Paths))
 7 SYSTEMPATH\rewrite.php(44): require_once('C:\\Users\\Administrator\\Documents\\GITHUB\\KAPAL-FE-HTML\\home\\public\\index.php')
CRITICAL - 2025-08-26 02:11:42 --> Error: Class "App\Models\GalleryModel" not found
[Method: GET, Route: tour/waigeo]
in APPPATH\Controllers\Tour.php on line 18.
 1 SYSTEMPATH\CodeIgniter.php(903): App\Controllers\Tour->__construct()
 2 SYSTEMPATH\CodeIgniter.php(498): CodeIgniter\CodeIgniter->createController()
 3 SYSTEMPATH\CodeIgniter.php(354): CodeIgniter\CodeIgniter->handleRequest(null, Object(Config\Cache), false)
 4 SYSTEMPATH\Boot.php(363): CodeIgniter\CodeIgniter->run()
 5 SYSTEMPATH\Boot.php(68): CodeIgniter\Boot::runCodeIgniter(Object(CodeIgniter\CodeIgniter))
 6 FCPATH\index.php(59): CodeIgniter\Boot::bootWeb(Object(Config\Paths))
 7 SYSTEMPATH\rewrite.php(44): require_once('C:\\Users\\Administrator\\Documents\\GITHUB\\KAPAL-FE-HTML\\home\\public\\index.php')
DEBUG - 2025-08-26 02:11:47 --> Session: Class initialized using 'CodeIgniter\Session\Handlers\FileHandler' driver.
WARNING - 2025-08-26 02:11:47 --> [DEPRECATED] Creation of dynamic property App\Controllers\About::$session is deprecated in APPPATH\Controllers\BaseController.php on line 53.
 1 SYSTEMPATH\CodeIgniter.php(904): App\Controllers\BaseController->initController(Object(CodeIgniter\HTTP\IncomingRequest), Object(CodeIgniter\HTTP\Response), Object(CodeIgniter\Log\Logger))
 2 SYSTEMPATH\CodeIgniter.php(498): CodeIgniter\CodeIgniter->createController()
 3 SYSTEMPATH\CodeIgniter.php(354): CodeIgniter\CodeIgniter->handleRequest(null, Object(Config\Cache), false)
 4 SYSTEMPATH\Boot.php(363): CodeIgniter\CodeIgniter->run()
 5 SYSTEMPATH\Boot.php(68): CodeIgniter\Boot::runCodeIgniter(Object(CodeIgniter\CodeIgniter))
 6 FCPATH\index.php(59): CodeIgniter\Boot::bootWeb(Object(Config\Paths))
 7 SYSTEMPATH\rewrite.php(44): require_once('C:\\Users\\Administrator\\Documents\\GITHUB\\KAPAL-FE-HTML\\home\\public\\index.php')
CRITICAL - 2025-08-26 02:11:49 --> Error: Class "App\Models\GalleryModel" not found
[Method: GET, Route: tour/misool]
in APPPATH\Controllers\Tour.php on line 18.
 1 SYSTEMPATH\CodeIgniter.php(903): App\Controllers\Tour->__construct()
 2 SYSTEMPATH\CodeIgniter.php(498): CodeIgniter\CodeIgniter->createController()
 3 SYSTEMPATH\CodeIgniter.php(354): CodeIgniter\CodeIgniter->handleRequest(null, Object(Config\Cache), false)
 4 SYSTEMPATH\Boot.php(363): CodeIgniter\CodeIgniter->run()
 5 SYSTEMPATH\Boot.php(68): CodeIgniter\Boot::runCodeIgniter(Object(CodeIgniter\CodeIgniter))
 6 FCPATH\index.php(59): CodeIgniter\Boot::bootWeb(Object(Config\Paths))
 7 SYSTEMPATH\rewrite.php(44): require_once('C:\\Users\\Administrator\\Documents\\GITHUB\\KAPAL-FE-HTML\\home\\public\\index.php')
CRITICAL - 2025-08-26 02:24:58 --> Error: Class "App\Models\GalleryModel" not found
[Method: GET, Route: tour/misool]
in APPPATH\Controllers\Tour.php on line 18.
 1 SYSTEMPATH\CodeIgniter.php(903): App\Controllers\Tour->__construct()
 2 SYSTEMPATH\CodeIgniter.php(498): CodeIgniter\CodeIgniter->createController()
 3 SYSTEMPATH\CodeIgniter.php(354): CodeIgniter\CodeIgniter->handleRequest(null, Object(Config\Cache), false)
 4 SYSTEMPATH\Boot.php(363): CodeIgniter\CodeIgniter->run()
 5 SYSTEMPATH\Boot.php(68): CodeIgniter\Boot::runCodeIgniter(Object(CodeIgniter\CodeIgniter))
 6 FCPATH\index.php(59): CodeIgniter\Boot::bootWeb(Object(Config\Paths))
 7 SYSTEMPATH\rewrite.php(44): require_once('C:\\Users\\Administrator\\Documents\\GITHUB\\KAPAL-FE-HTML\\home\\public\\index.php')
DEBUG - 2025-08-26 02:51:35 --> Session: Class initialized using 'CodeIgniter\Session\Handlers\FileHandler' driver.
WARNING - 2025-08-26 02:51:35 --> [DEPRECATED] Creation of dynamic property App\Controllers\Tour::$session is deprecated in APPPATH\Controllers\BaseController.php on line 53.
 1 SYSTEMPATH\CodeIgniter.php(904): App\Controllers\BaseController->initController(Object(CodeIgniter\HTTP\IncomingRequest), Object(CodeIgniter\HTTP\Response), Object(CodeIgniter\Log\Logger))
 2 SYSTEMPATH\CodeIgniter.php(498): CodeIgniter\CodeIgniter->createController()
 3 SYSTEMPATH\CodeIgniter.php(354): CodeIgniter\CodeIgniter->handleRequest(null, Object(Config\Cache), false)
 4 SYSTEMPATH\Boot.php(363): CodeIgniter\CodeIgniter->run()
 5 SYSTEMPATH\Boot.php(68): CodeIgniter\Boot::runCodeIgniter(Object(CodeIgniter\CodeIgniter))
 6 FCPATH\index.php(59): CodeIgniter\Boot::bootWeb(Object(Config\Paths))
 7 SYSTEMPATH\rewrite.php(44): require_once('C:\\Users\\Administrator\\Documents\\GITHUB\\KAPAL-FE-HTML\\home\\public\\index.php')
DEBUG - 2025-08-26 02:52:02 --> Session: Class initialized using 'CodeIgniter\Session\Handlers\FileHandler' driver.
WARNING - 2025-08-26 02:52:02 --> [DEPRECATED] Creation of dynamic property App\Controllers\Tour::$session is deprecated in APPPATH\Controllers\BaseController.php on line 53.
 1 SYSTEMPATH\CodeIgniter.php(904): App\Controllers\BaseController->initController(Object(CodeIgniter\HTTP\IncomingRequest), Object(CodeIgniter\HTTP\Response), Object(CodeIgniter\Log\Logger))
 2 SYSTEMPATH\CodeIgniter.php(498): CodeIgniter\CodeIgniter->createController()
 3 SYSTEMPATH\CodeIgniter.php(354): CodeIgniter\CodeIgniter->handleRequest(null, Object(Config\Cache), false)
 4 SYSTEMPATH\Boot.php(363): CodeIgniter\CodeIgniter->run()
 5 SYSTEMPATH\Boot.php(68): CodeIgniter\Boot::runCodeIgniter(Object(CodeIgniter\CodeIgniter))
 6 FCPATH\index.php(59): CodeIgniter\Boot::bootWeb(Object(Config\Paths))
 7 SYSTEMPATH\rewrite.php(44): require_once('C:\\Users\\Administrator\\Documents\\GITHUB\\KAPAL-FE-HTML\\home\\public\\index.php')
DEBUG - 2025-08-26 02:53:05 --> Session: Class initialized using 'CodeIgniter\Session\Handlers\FileHandler' driver.
WARNING - 2025-08-26 02:53:05 --> [DEPRECATED] Creation of dynamic property App\Controllers\Blog::$session is deprecated in APPPATH\Controllers\BaseController.php on line 53.
 1 SYSTEMPATH\CodeIgniter.php(904): App\Controllers\BaseController->initController(Object(CodeIgniter\HTTP\IncomingRequest), Object(CodeIgniter\HTTP\Response), Object(CodeIgniter\Log\Logger))
 2 SYSTEMPATH\CodeIgniter.php(498): CodeIgniter\CodeIgniter->createController()
 3 SYSTEMPATH\CodeIgniter.php(354): CodeIgniter\CodeIgniter->handleRequest(null, Object(Config\Cache), false)
 4 SYSTEMPATH\Boot.php(363): CodeIgniter\CodeIgniter->run()
 5 SYSTEMPATH\Boot.php(68): CodeIgniter\Boot::runCodeIgniter(Object(CodeIgniter\CodeIgniter))
 6 FCPATH\index.php(59): CodeIgniter\Boot::bootWeb(Object(Config\Paths))
 7 SYSTEMPATH\rewrite.php(44): require_once('C:\\Users\\Administrator\\Documents\\GITHUB\\KAPAL-FE-HTML\\home\\public\\index.php')
DEBUG - 2025-08-26 02:53:10 --> Session: Class initialized using 'CodeIgniter\Session\Handlers\FileHandler' driver.
WARNING - 2025-08-26 02:53:10 --> [DEPRECATED] Creation of dynamic property App\Controllers\Contact::$session is deprecated in APPPATH\Controllers\BaseController.php on line 53.
 1 SYSTEMPATH\CodeIgniter.php(904): App\Controllers\BaseController->initController(Object(CodeIgniter\HTTP\IncomingRequest), Object(CodeIgniter\HTTP\Response), Object(CodeIgniter\Log\Logger))
 2 SYSTEMPATH\CodeIgniter.php(498): CodeIgniter\CodeIgniter->createController()
 3 SYSTEMPATH\CodeIgniter.php(354): CodeIgniter\CodeIgniter->handleRequest(null, Object(Config\Cache), false)
 4 SYSTEMPATH\Boot.php(363): CodeIgniter\CodeIgniter->run()
 5 SYSTEMPATH\Boot.php(68): CodeIgniter\Boot::runCodeIgniter(Object(CodeIgniter\CodeIgniter))
 6 FCPATH\index.php(59): CodeIgniter\Boot::bootWeb(Object(Config\Paths))
 7 SYSTEMPATH\rewrite.php(44): require_once('C:\\Users\\Administrator\\Documents\\GITHUB\\KAPAL-FE-HTML\\home\\public\\index.php')
DEBUG - 2025-08-26 02:53:13 --> Session: Class initialized using 'CodeIgniter\Session\Handlers\FileHandler' driver.
WARNING - 2025-08-26 02:53:13 --> [DEPRECATED] Creation of dynamic property App\Controllers\About::$session is deprecated in APPPATH\Controllers\BaseController.php on line 53.
 1 SYSTEMPATH\CodeIgniter.php(904): App\Controllers\BaseController->initController(Object(CodeIgniter\HTTP\IncomingRequest), Object(CodeIgniter\HTTP\Response), Object(CodeIgniter\Log\Logger))
 2 SYSTEMPATH\CodeIgniter.php(498): CodeIgniter\CodeIgniter->createController()
 3 SYSTEMPATH\CodeIgniter.php(354): CodeIgniter\CodeIgniter->handleRequest(null, Object(Config\Cache), false)
 4 SYSTEMPATH\Boot.php(363): CodeIgniter\CodeIgniter->run()
 5 SYSTEMPATH\Boot.php(68): CodeIgniter\Boot::runCodeIgniter(Object(CodeIgniter\CodeIgniter))
 6 FCPATH\index.php(59): CodeIgniter\Boot::bootWeb(Object(Config\Paths))
 7 SYSTEMPATH\rewrite.php(44): require_once('C:\\Users\\Administrator\\Documents\\GITHUB\\KAPAL-FE-HTML\\home\\public\\index.php')
DEBUG - 2025-08-26 02:53:15 --> Session: Class initialized using 'CodeIgniter\Session\Handlers\FileHandler' driver.
WARNING - 2025-08-26 02:53:15 --> [DEPRECATED] Creation of dynamic property App\Controllers\Contact::$session is deprecated in APPPATH\Controllers\BaseController.php on line 53.
 1 SYSTEMPATH\CodeIgniter.php(904): App\Controllers\BaseController->initController(Object(CodeIgniter\HTTP\IncomingRequest), Object(CodeIgniter\HTTP\Response), Object(CodeIgniter\Log\Logger))
 2 SYSTEMPATH\CodeIgniter.php(498): CodeIgniter\CodeIgniter->createController()
 3 SYSTEMPATH\CodeIgniter.php(354): CodeIgniter\CodeIgniter->handleRequest(null, Object(Config\Cache), false)
 4 SYSTEMPATH\Boot.php(363): CodeIgniter\CodeIgniter->run()
 5 SYSTEMPATH\Boot.php(68): CodeIgniter\Boot::runCodeIgniter(Object(CodeIgniter\CodeIgniter))
 6 FCPATH\index.php(59): CodeIgniter\Boot::bootWeb(Object(Config\Paths))
 7 SYSTEMPATH\rewrite.php(44): require_once('C:\\Users\\Administrator\\Documents\\GITHUB\\KAPAL-FE-HTML\\home\\public\\index.php')
DEBUG - 2025-08-26 02:53:33 --> Session: Class initialized using 'CodeIgniter\Session\Handlers\FileHandler' driver.
WARNING - 2025-08-26 02:53:33 --> [DEPRECATED] Creation of dynamic property App\Controllers\Contact::$session is deprecated in APPPATH\Controllers\BaseController.php on line 53.
 1 SYSTEMPATH\CodeIgniter.php(904): App\Controllers\BaseController->initController(Object(CodeIgniter\HTTP\IncomingRequest), Object(CodeIgniter\HTTP\Response), Object(CodeIgniter\Log\Logger))
 2 SYSTEMPATH\CodeIgniter.php(498): CodeIgniter\CodeIgniter->createController()
 3 SYSTEMPATH\CodeIgniter.php(354): CodeIgniter\CodeIgniter->handleRequest(null, Object(Config\Cache), false)
 4 SYSTEMPATH\Boot.php(363): CodeIgniter\CodeIgniter->run()
 5 SYSTEMPATH\Boot.php(68): CodeIgniter\Boot::runCodeIgniter(Object(CodeIgniter\CodeIgniter))
 6 FCPATH\index.php(59): CodeIgniter\Boot::bootWeb(Object(Config\Paths))
 7 SYSTEMPATH\rewrite.php(44): require_once('C:\\Users\\Administrator\\Documents\\GITHUB\\KAPAL-FE-HTML\\home\\public\\index.php')
DEBUG - 2025-08-26 02:53:33 --> Session: Class initialized using 'CodeIgniter\Session\Handlers\FileHandler' driver.
WARNING - 2025-08-26 02:53:33 --> [DEPRECATED] Creation of dynamic property App\Controllers\Contact::$session is deprecated in APPPATH\Controllers\BaseController.php on line 53.
 1 SYSTEMPATH\CodeIgniter.php(904): App\Controllers\BaseController->initController(Object(CodeIgniter\HTTP\IncomingRequest), Object(CodeIgniter\HTTP\Response), Object(CodeIgniter\Log\Logger))
 2 SYSTEMPATH\CodeIgniter.php(498): CodeIgniter\CodeIgniter->createController()
 3 SYSTEMPATH\CodeIgniter.php(354): CodeIgniter\CodeIgniter->handleRequest(null, Object(Config\Cache), false)
 4 SYSTEMPATH\Boot.php(363): CodeIgniter\CodeIgniter->run()
 5 SYSTEMPATH\Boot.php(68): CodeIgniter\Boot::runCodeIgniter(Object(CodeIgniter\CodeIgniter))
 6 FCPATH\index.php(59): CodeIgniter\Boot::bootWeb(Object(Config\Paths))
 7 SYSTEMPATH\rewrite.php(44): require_once('C:\\Users\\Administrator\\Documents\\GITHUB\\KAPAL-FE-HTML\\home\\public\\index.php')
DEBUG - 2025-08-26 03:38:44 --> Session: Class initialized using 'CodeIgniter\Session\Handlers\FileHandler' driver.
WARNING - 2025-08-26 03:38:44 --> [DEPRECATED] Creation of dynamic property App\Controllers\Contact::$session is deprecated in APPPATH\Controllers\BaseController.php on line 53.
 1 SYSTEMPATH\CodeIgniter.php(904): App\Controllers\BaseController->initController(Object(CodeIgniter\HTTP\IncomingRequest), Object(CodeIgniter\HTTP\Response), Object(CodeIgniter\Log\Logger))
 2 SYSTEMPATH\CodeIgniter.php(498): CodeIgniter\CodeIgniter->createController()
 3 SYSTEMPATH\CodeIgniter.php(354): CodeIgniter\CodeIgniter->handleRequest(null, Object(Config\Cache), false)
 4 SYSTEMPATH\Boot.php(363): CodeIgniter\CodeIgniter->run()
 5 SYSTEMPATH\Boot.php(68): CodeIgniter\Boot::runCodeIgniter(Object(CodeIgniter\CodeIgniter))
 6 FCPATH\index.php(59): CodeIgniter\Boot::bootWeb(Object(Config\Paths))
 7 SYSTEMPATH\rewrite.php(44): require_once('C:\\Users\\Administrator\\Documents\\GITHUB\\KAPAL-FE-HTML\\home\\public\\index.php')
DEBUG - 2025-08-26 03:38:46 --> Session: Class initialized using 'CodeIgniter\Session\Handlers\FileHandler' driver.
WARNING - 2025-08-26 03:38:46 --> [DEPRECATED] Creation of dynamic property App\Controllers\Blog::$session is deprecated in APPPATH\Controllers\BaseController.php on line 53.
 1 SYSTEMPATH\CodeIgniter.php(904): App\Controllers\BaseController->initController(Object(CodeIgniter\HTTP\IncomingRequest), Object(CodeIgniter\HTTP\Response), Object(CodeIgniter\Log\Logger))
 2 SYSTEMPATH\CodeIgniter.php(498): CodeIgniter\CodeIgniter->createController()
 3 SYSTEMPATH\CodeIgniter.php(354): CodeIgniter\CodeIgniter->handleRequest(null, Object(Config\Cache), false)
 4 SYSTEMPATH\Boot.php(363): CodeIgniter\CodeIgniter->run()
 5 SYSTEMPATH\Boot.php(68): CodeIgniter\Boot::runCodeIgniter(Object(CodeIgniter\CodeIgniter))
 6 FCPATH\index.php(59): CodeIgniter\Boot::bootWeb(Object(Config\Paths))
 7 SYSTEMPATH\rewrite.php(44): require_once('C:\\Users\\Administrator\\Documents\\GITHUB\\KAPAL-FE-HTML\\home\\public\\index.php')
DEBUG - 2025-08-26 03:38:50 --> Session: Class initialized using 'CodeIgniter\Session\Handlers\FileHandler' driver.
WARNING - 2025-08-26 03:38:50 --> [DEPRECATED] Creation of dynamic property App\Controllers\Tour::$session is deprecated in APPPATH\Controllers\BaseController.php on line 53.
 1 SYSTEMPATH\CodeIgniter.php(904): App\Controllers\BaseController->initController(Object(CodeIgniter\HTTP\IncomingRequest), Object(CodeIgniter\HTTP\Response), Object(CodeIgniter\Log\Logger))
 2 SYSTEMPATH\CodeIgniter.php(498): CodeIgniter\CodeIgniter->createController()
 3 SYSTEMPATH\CodeIgniter.php(354): CodeIgniter\CodeIgniter->handleRequest(null, Object(Config\Cache), false)
 4 SYSTEMPATH\Boot.php(363): CodeIgniter\CodeIgniter->run()
 5 SYSTEMPATH\Boot.php(68): CodeIgniter\Boot::runCodeIgniter(Object(CodeIgniter\CodeIgniter))
 6 FCPATH\index.php(59): CodeIgniter\Boot::bootWeb(Object(Config\Paths))
 7 SYSTEMPATH\rewrite.php(44): require_once('C:\\Users\\Administrator\\Documents\\GITHUB\\KAPAL-FE-HTML\\home\\public\\index.php')
DEBUG - 2025-08-26 03:38:53 --> Session: Class initialized using 'CodeIgniter\Session\Handlers\FileHandler' driver.
WARNING - 2025-08-26 03:38:53 --> [DEPRECATED] Creation of dynamic property App\Controllers\Tour::$session is deprecated in APPPATH\Controllers\BaseController.php on line 53.
 1 SYSTEMPATH\CodeIgniter.php(904): App\Controllers\BaseController->initController(Object(CodeIgniter\HTTP\IncomingRequest), Object(CodeIgniter\HTTP\Response), Object(CodeIgniter\Log\Logger))
 2 SYSTEMPATH\CodeIgniter.php(498): CodeIgniter\CodeIgniter->createController()
 3 SYSTEMPATH\CodeIgniter.php(354): CodeIgniter\CodeIgniter->handleRequest(null, Object(Config\Cache), false)
 4 SYSTEMPATH\Boot.php(363): CodeIgniter\CodeIgniter->run()
 5 SYSTEMPATH\Boot.php(68): CodeIgniter\Boot::runCodeIgniter(Object(CodeIgniter\CodeIgniter))
 6 FCPATH\index.php(59): CodeIgniter\Boot::bootWeb(Object(Config\Paths))
 7 SYSTEMPATH\rewrite.php(44): require_once('C:\\Users\\Administrator\\Documents\\GITHUB\\KAPAL-FE-HTML\\home\\public\\index.php')
DEBUG - 2025-08-26 03:38:55 --> Session: Class initialized using 'CodeIgniter\Session\Handlers\FileHandler' driver.
WARNING - 2025-08-26 03:38:55 --> [DEPRECATED] Creation of dynamic property App\Controllers\Tour::$session is deprecated in APPPATH\Controllers\BaseController.php on line 53.
 1 SYSTEMPATH\CodeIgniter.php(904): App\Controllers\BaseController->initController(Object(CodeIgniter\HTTP\IncomingRequest), Object(CodeIgniter\HTTP\Response), Object(CodeIgniter\Log\Logger))
 2 SYSTEMPATH\CodeIgniter.php(498): CodeIgniter\CodeIgniter->createController()
 3 SYSTEMPATH\CodeIgniter.php(354): CodeIgniter\CodeIgniter->handleRequest(null, Object(Config\Cache), false)
 4 SYSTEMPATH\Boot.php(363): CodeIgniter\CodeIgniter->run()
 5 SYSTEMPATH\Boot.php(68): CodeIgniter\Boot::runCodeIgniter(Object(CodeIgniter\CodeIgniter))
 6 FCPATH\index.php(59): CodeIgniter\Boot::bootWeb(Object(Config\Paths))
 7 SYSTEMPATH\rewrite.php(44): require_once('C:\\Users\\Administrator\\Documents\\GITHUB\\KAPAL-FE-HTML\\home\\public\\index.php')
DEBUG - 2025-08-26 03:38:57 --> Session: Class initialized using 'CodeIgniter\Session\Handlers\FileHandler' driver.
WARNING - 2025-08-26 03:38:57 --> [DEPRECATED] Creation of dynamic property App\Controllers\Gallery::$session is deprecated in APPPATH\Controllers\BaseController.php on line 53.
 1 SYSTEMPATH\CodeIgniter.php(904): App\Controllers\BaseController->initController(Object(CodeIgniter\HTTP\IncomingRequest), Object(CodeIgniter\HTTP\Response), Object(CodeIgniter\Log\Logger))
 2 SYSTEMPATH\CodeIgniter.php(498): CodeIgniter\CodeIgniter->createController()
 3 SYSTEMPATH\CodeIgniter.php(354): CodeIgniter\CodeIgniter->handleRequest(null, Object(Config\Cache), false)
 4 SYSTEMPATH\Boot.php(363): CodeIgniter\CodeIgniter->run()
 5 SYSTEMPATH\Boot.php(68): CodeIgniter\Boot::runCodeIgniter(Object(CodeIgniter\CodeIgniter))
 6 FCPATH\index.php(59): CodeIgniter\Boot::bootWeb(Object(Config\Paths))
 7 SYSTEMPATH\rewrite.php(44): require_once('C:\\Users\\Administrator\\Documents\\GITHUB\\KAPAL-FE-HTML\\home\\public\\index.php')
CRITICAL - 2025-08-26 03:38:57 --> CodeIgniter\Exceptions\RuntimeException: View themes, no current section.
[Method: GET, Route: gallery/category/wisata]
in SYSTEMPATH\View\View.php on line 430.
 1 APPPATH\Views\gallery\category.php(89): CodeIgniter\View\View->endSection()
 2 SYSTEMPATH\View\View.php(226): include('C:\\Users\\Administrator\\Documents\\GITHUB\\KAPAL-FE-HTML\\home\\app\\Views\\gallery\\category.php')
 3 SYSTEMPATH\View\View.php(229): CodeIgniter\View\View->CodeIgniter\View\{closure}()
 4 SYSTEMPATH\Common.php(1167): CodeIgniter\View\View->render('gallery/category', [], true)
 5 APPPATH\Controllers\Gallery.php(56): view('gallery/category', [...])
 6 SYSTEMPATH\CodeIgniter.php(933): App\Controllers\Gallery->category('wisata')
 7 SYSTEMPATH\CodeIgniter.php(507): CodeIgniter\CodeIgniter->runController(Object(App\Controllers\Gallery))
 8 SYSTEMPATH\CodeIgniter.php(354): CodeIgniter\CodeIgniter->handleRequest(null, Object(Config\Cache), false)
 9 SYSTEMPATH\Boot.php(363): CodeIgniter\CodeIgniter->run()
10 SYSTEMPATH\Boot.php(68): CodeIgniter\Boot::runCodeIgniter(Object(CodeIgniter\CodeIgniter))
11 FCPATH\index.php(59): CodeIgniter\Boot::bootWeb(Object(Config\Paths))
12 SYSTEMPATH\rewrite.php(44): require_once('C:\\Users\\Administrator\\Documents\\GITHUB\\KAPAL-FE-HTML\\home\\public\\index.php')
DEBUG - 2025-08-26 03:39:21 --> Session: Class initialized using 'CodeIgniter\Session\Handlers\FileHandler' driver.
WARNING - 2025-08-26 03:39:21 --> [DEPRECATED] Creation of dynamic property App\Controllers\Tour::$session is deprecated in APPPATH\Controllers\BaseController.php on line 53.
 1 SYSTEMPATH\CodeIgniter.php(904): App\Controllers\BaseController->initController(Object(CodeIgniter\HTTP\IncomingRequest), Object(CodeIgniter\HTTP\Response), Object(CodeIgniter\Log\Logger))
 2 SYSTEMPATH\CodeIgniter.php(498): CodeIgniter\CodeIgniter->createController()
 3 SYSTEMPATH\CodeIgniter.php(354): CodeIgniter\CodeIgniter->handleRequest(null, Object(Config\Cache), false)
 4 SYSTEMPATH\Boot.php(363): CodeIgniter\CodeIgniter->run()
 5 SYSTEMPATH\Boot.php(68): CodeIgniter\Boot::runCodeIgniter(Object(CodeIgniter\CodeIgniter))
 6 FCPATH\index.php(59): CodeIgniter\Boot::bootWeb(Object(Config\Paths))
 7 SYSTEMPATH\rewrite.php(44): require_once('C:\\Users\\Administrator\\Documents\\GITHUB\\KAPAL-FE-HTML\\home\\public\\index.php')
DEBUG - 2025-08-26 03:39:23 --> Session: Class initialized using 'CodeIgniter\Session\Handlers\FileHandler' driver.
WARNING - 2025-08-26 03:39:23 --> [DEPRECATED] Creation of dynamic property App\Controllers\Gallery::$session is deprecated in APPPATH\Controllers\BaseController.php on line 53.
 1 SYSTEMPATH\CodeIgniter.php(904): App\Controllers\BaseController->initController(Object(CodeIgniter\HTTP\IncomingRequest), Object(CodeIgniter\HTTP\Response), Object(CodeIgniter\Log\Logger))
 2 SYSTEMPATH\CodeIgniter.php(498): CodeIgniter\CodeIgniter->createController()
 3 SYSTEMPATH\CodeIgniter.php(354): CodeIgniter\CodeIgniter->handleRequest(null, Object(Config\Cache), false)
 4 SYSTEMPATH\Boot.php(363): CodeIgniter\CodeIgniter->run()
 5 SYSTEMPATH\Boot.php(68): CodeIgniter\Boot::runCodeIgniter(Object(CodeIgniter\CodeIgniter))
 6 FCPATH\index.php(59): CodeIgniter\Boot::bootWeb(Object(Config\Paths))
 7 SYSTEMPATH\rewrite.php(44): require_once('C:\\Users\\Administrator\\Documents\\GITHUB\\KAPAL-FE-HTML\\home\\public\\index.php')
CRITICAL - 2025-08-26 03:39:23 --> Error: Call to undefined method CodeIgniter\View\View::getCategoryIcon()
[Method: GET, Route: gallery]
in APPPATH\Views\gallery\index.php on line 28.
 1 SYSTEMPATH\View\View.php(226): include()
 2 SYSTEMPATH\View\View.php(229): CodeIgniter\View\View->CodeIgniter\View\{closure}()
 3 SYSTEMPATH\Common.php(1167): CodeIgniter\View\View->render('gallery/index', [], true)
 4 APPPATH\Controllers\Gallery.php(35): view('gallery/index', [...])
 5 SYSTEMPATH\CodeIgniter.php(933): App\Controllers\Gallery->index()
 6 SYSTEMPATH\CodeIgniter.php(507): CodeIgniter\CodeIgniter->runController(Object(App\Controllers\Gallery))
 7 SYSTEMPATH\CodeIgniter.php(354): CodeIgniter\CodeIgniter->handleRequest(null, Object(Config\Cache), false)
 8 SYSTEMPATH\Boot.php(363): CodeIgniter\CodeIgniter->run()
 9 SYSTEMPATH\Boot.php(68): CodeIgniter\Boot::runCodeIgniter(Object(CodeIgniter\CodeIgniter))
10 FCPATH\index.php(59): CodeIgniter\Boot::bootWeb(Object(Config\Paths))
11 SYSTEMPATH\rewrite.php(44): require_once('C:\\Users\\Administrator\\Documents\\GITHUB\\KAPAL-FE-HTML\\home\\public\\index.php')
DEBUG - 2025-08-26 03:40:57 --> Session: Class initialized using 'CodeIgniter\Session\Handlers\FileHandler' driver.
WARNING - 2025-08-26 03:40:57 --> [DEPRECATED] Creation of dynamic property App\Controllers\Gallery::$session is deprecated in APPPATH\Controllers\BaseController.php on line 53.
 1 SYSTEMPATH\CodeIgniter.php(904): App\Controllers\BaseController->initController(Object(CodeIgniter\HTTP\IncomingRequest), Object(CodeIgniter\HTTP\Response), Object(CodeIgniter\Log\Logger))
 2 SYSTEMPATH\CodeIgniter.php(498): CodeIgniter\CodeIgniter->createController()
 3 SYSTEMPATH\CodeIgniter.php(354): CodeIgniter\CodeIgniter->handleRequest(null, Object(Config\Cache), false)
 4 SYSTEMPATH\Boot.php(363): CodeIgniter\CodeIgniter->run()
 5 SYSTEMPATH\Boot.php(68): CodeIgniter\Boot::runCodeIgniter(Object(CodeIgniter\CodeIgniter))
 6 FCPATH\index.php(59): CodeIgniter\Boot::bootWeb(Object(Config\Paths))
 7 SYSTEMPATH\rewrite.php(44): require_once('C:\\Users\\Administrator\\Documents\\GITHUB\\KAPAL-FE-HTML\\home\\public\\index.php')
CRITICAL - 2025-08-26 03:40:57 --> Error: Call to undefined method CodeIgniter\View\View::getCategoryIcon()
[Method: GET, Route: gallery]
in APPPATH\Views\gallery\index.php on line 28.
 1 SYSTEMPATH\View\View.php(226): include()
 2 SYSTEMPATH\View\View.php(229): CodeIgniter\View\View->CodeIgniter\View\{closure}()
 3 SYSTEMPATH\Common.php(1167): CodeIgniter\View\View->render('gallery/index', [], true)
 4 APPPATH\Controllers\Gallery.php(35): view('gallery/index', [...])
 5 SYSTEMPATH\CodeIgniter.php(933): App\Controllers\Gallery->index()
 6 SYSTEMPATH\CodeIgniter.php(507): CodeIgniter\CodeIgniter->runController(Object(App\Controllers\Gallery))
 7 SYSTEMPATH\CodeIgniter.php(354): CodeIgniter\CodeIgniter->handleRequest(null, Object(Config\Cache), false)
 8 SYSTEMPATH\Boot.php(363): CodeIgniter\CodeIgniter->run()
 9 SYSTEMPATH\Boot.php(68): CodeIgniter\Boot::runCodeIgniter(Object(CodeIgniter\CodeIgniter))
10 FCPATH\index.php(59): CodeIgniter\Boot::bootWeb(Object(Config\Paths))
11 SYSTEMPATH\rewrite.php(44): require_once('C:\\Users\\Administrator\\Documents\\GITHUB\\KAPAL-FE-HTML\\home\\public\\index.php')
DEBUG - 2025-08-26 03:40:58 --> Session: Class initialized using 'CodeIgniter\Session\Handlers\FileHandler' driver.
WARNING - 2025-08-26 03:40:58 --> [DEPRECATED] Creation of dynamic property App\Controllers\Gallery::$session is deprecated in APPPATH\Controllers\BaseController.php on line 53.
 1 SYSTEMPATH\CodeIgniter.php(904): App\Controllers\BaseController->initController(Object(CodeIgniter\HTTP\IncomingRequest), Object(CodeIgniter\HTTP\Response), Object(CodeIgniter\Log\Logger))
 2 SYSTEMPATH\CodeIgniter.php(498): CodeIgniter\CodeIgniter->createController()
 3 SYSTEMPATH\CodeIgniter.php(354): CodeIgniter\CodeIgniter->handleRequest(null, Object(Config\Cache), false)
 4 SYSTEMPATH\Boot.php(363): CodeIgniter\CodeIgniter->run()
 5 SYSTEMPATH\Boot.php(68): CodeIgniter\Boot::runCodeIgniter(Object(CodeIgniter\CodeIgniter))
 6 FCPATH\index.php(59): CodeIgniter\Boot::bootWeb(Object(Config\Paths))
 7 SYSTEMPATH\rewrite.php(44): require_once('C:\\Users\\Administrator\\Documents\\GITHUB\\KAPAL-FE-HTML\\home\\public\\index.php')
CRITICAL - 2025-08-26 03:40:58 --> Error: Call to undefined method CodeIgniter\View\View::getCategoryIcon()
[Method: GET, Route: gallery]
in APPPATH\Views\gallery\index.php on line 28.
 1 SYSTEMPATH\View\View.php(226): include()
 2 SYSTEMPATH\View\View.php(229): CodeIgniter\View\View->CodeIgniter\View\{closure}()
 3 SYSTEMPATH\Common.php(1167): CodeIgniter\View\View->render('gallery/index', [], true)
 4 APPPATH\Controllers\Gallery.php(35): view('gallery/index', [...])
 5 SYSTEMPATH\CodeIgniter.php(933): App\Controllers\Gallery->index()
 6 SYSTEMPATH\CodeIgniter.php(507): CodeIgniter\CodeIgniter->runController(Object(App\Controllers\Gallery))
 7 SYSTEMPATH\CodeIgniter.php(354): CodeIgniter\CodeIgniter->handleRequest(null, Object(Config\Cache), false)
 8 SYSTEMPATH\Boot.php(363): CodeIgniter\CodeIgniter->run()
 9 SYSTEMPATH\Boot.php(68): CodeIgniter\Boot::runCodeIgniter(Object(CodeIgniter\CodeIgniter))
10 FCPATH\index.php(59): CodeIgniter\Boot::bootWeb(Object(Config\Paths))
11 SYSTEMPATH\rewrite.php(44): require_once('C:\\Users\\Administrator\\Documents\\GITHUB\\KAPAL-FE-HTML\\home\\public\\index.php')
DEBUG - 2025-08-26 03:40:59 --> Session: Class initialized using 'CodeIgniter\Session\Handlers\FileHandler' driver.
WARNING - 2025-08-26 03:40:59 --> [DEPRECATED] Creation of dynamic property App\Controllers\Gallery::$session is deprecated in APPPATH\Controllers\BaseController.php on line 53.
 1 SYSTEMPATH\CodeIgniter.php(904): App\Controllers\BaseController->initController(Object(CodeIgniter\HTTP\IncomingRequest), Object(CodeIgniter\HTTP\Response), Object(CodeIgniter\Log\Logger))
 2 SYSTEMPATH\CodeIgniter.php(498): CodeIgniter\CodeIgniter->createController()
 3 SYSTEMPATH\CodeIgniter.php(354): CodeIgniter\CodeIgniter->handleRequest(null, Object(Config\Cache), false)
 4 SYSTEMPATH\Boot.php(363): CodeIgniter\CodeIgniter->run()
 5 SYSTEMPATH\Boot.php(68): CodeIgniter\Boot::runCodeIgniter(Object(CodeIgniter\CodeIgniter))
 6 FCPATH\index.php(59): CodeIgniter\Boot::bootWeb(Object(Config\Paths))
 7 SYSTEMPATH\rewrite.php(44): require_once('C:\\Users\\Administrator\\Documents\\GITHUB\\KAPAL-FE-HTML\\home\\public\\index.php')
CRITICAL - 2025-08-26 03:40:59 --> Error: Call to undefined method CodeIgniter\View\View::getCategoryIcon()
[Method: GET, Route: gallery]
in APPPATH\Views\gallery\index.php on line 28.
 1 SYSTEMPATH\View\View.php(226): include()
 2 SYSTEMPATH\View\View.php(229): CodeIgniter\View\View->CodeIgniter\View\{closure}()
 3 SYSTEMPATH\Common.php(1167): CodeIgniter\View\View->render('gallery/index', [], true)
 4 APPPATH\Controllers\Gallery.php(35): view('gallery/index', [...])
 5 SYSTEMPATH\CodeIgniter.php(933): App\Controllers\Gallery->index()
 6 SYSTEMPATH\CodeIgniter.php(507): CodeIgniter\CodeIgniter->runController(Object(App\Controllers\Gallery))
 7 SYSTEMPATH\CodeIgniter.php(354): CodeIgniter\CodeIgniter->handleRequest(null, Object(Config\Cache), false)
 8 SYSTEMPATH\Boot.php(363): CodeIgniter\CodeIgniter->run()
 9 SYSTEMPATH\Boot.php(68): CodeIgniter\Boot::runCodeIgniter(Object(CodeIgniter\CodeIgniter))
10 FCPATH\index.php(59): CodeIgniter\Boot::bootWeb(Object(Config\Paths))
11 SYSTEMPATH\rewrite.php(44): require_once('C:\\Users\\Administrator\\Documents\\GITHUB\\KAPAL-FE-HTML\\home\\public\\index.php')
DEBUG - 2025-08-26 03:41:23 --> Session: Class initialized using 'CodeIgniter\Session\Handlers\FileHandler' driver.
WARNING - 2025-08-26 03:41:23 --> [DEPRECATED] Creation of dynamic property App\Controllers\Gallery::$session is deprecated in APPPATH\Controllers\BaseController.php on line 53.
 1 SYSTEMPATH\CodeIgniter.php(904): App\Controllers\BaseController->initController(Object(CodeIgniter\HTTP\IncomingRequest), Object(CodeIgniter\HTTP\Response), Object(CodeIgniter\Log\Logger))
 2 SYSTEMPATH\CodeIgniter.php(498): CodeIgniter\CodeIgniter->createController()
 3 SYSTEMPATH\CodeIgniter.php(354): CodeIgniter\CodeIgniter->handleRequest(null, Object(Config\Cache), false)
 4 SYSTEMPATH\Boot.php(363): CodeIgniter\CodeIgniter->run()
 5 SYSTEMPATH\Boot.php(68): CodeIgniter\Boot::runCodeIgniter(Object(CodeIgniter\CodeIgniter))
 6 FCPATH\index.php(59): CodeIgniter\Boot::bootWeb(Object(Config\Paths))
 7 SYSTEMPATH\rewrite.php(44): require_once('C:\\Users\\Administrator\\Documents\\GITHUB\\KAPAL-FE-HTML\\home\\public\\index.php')
CRITICAL - 2025-08-26 03:41:23 --> Error: Call to undefined method CodeIgniter\View\View::getCategoryIcon()
[Method: GET, Route: gallery]
in APPPATH\Views\gallery\index.php on line 28.
 1 SYSTEMPATH\View\View.php(226): include()
 2 SYSTEMPATH\View\View.php(229): CodeIgniter\View\View->CodeIgniter\View\{closure}()
 3 SYSTEMPATH\Common.php(1167): CodeIgniter\View\View->render('gallery/index', [], true)
 4 APPPATH\Controllers\Gallery.php(35): view('gallery/index', [...])
 5 SYSTEMPATH\CodeIgniter.php(933): App\Controllers\Gallery->index()
 6 SYSTEMPATH\CodeIgniter.php(507): CodeIgniter\CodeIgniter->runController(Object(App\Controllers\Gallery))
 7 SYSTEMPATH\CodeIgniter.php(354): CodeIgniter\CodeIgniter->handleRequest(null, Object(Config\Cache), false)
 8 SYSTEMPATH\Boot.php(363): CodeIgniter\CodeIgniter->run()
 9 SYSTEMPATH\Boot.php(68): CodeIgniter\Boot::runCodeIgniter(Object(CodeIgniter\CodeIgniter))
10 FCPATH\index.php(59): CodeIgniter\Boot::bootWeb(Object(Config\Paths))
11 SYSTEMPATH\rewrite.php(44): require_once('C:\\Users\\Administrator\\Documents\\GITHUB\\KAPAL-FE-HTML\\home\\public\\index.php')
DEBUG - 2025-08-26 03:41:23 --> Session: Class initialized using 'CodeIgniter\Session\Handlers\FileHandler' driver.
WARNING - 2025-08-26 03:41:23 --> [DEPRECATED] Creation of dynamic property App\Controllers\Gallery::$session is deprecated in APPPATH\Controllers\BaseController.php on line 53.
 1 SYSTEMPATH\CodeIgniter.php(904): App\Controllers\BaseController->initController(Object(CodeIgniter\HTTP\IncomingRequest), Object(CodeIgniter\HTTP\Response), Object(CodeIgniter\Log\Logger))
 2 SYSTEMPATH\CodeIgniter.php(498): CodeIgniter\CodeIgniter->createController()
 3 SYSTEMPATH\CodeIgniter.php(354): CodeIgniter\CodeIgniter->handleRequest(null, Object(Config\Cache), false)
 4 SYSTEMPATH\Boot.php(363): CodeIgniter\CodeIgniter->run()
 5 SYSTEMPATH\Boot.php(68): CodeIgniter\Boot::runCodeIgniter(Object(CodeIgniter\CodeIgniter))
 6 FCPATH\index.php(59): CodeIgniter\Boot::bootWeb(Object(Config\Paths))
 7 SYSTEMPATH\rewrite.php(44): require_once('C:\\Users\\Administrator\\Documents\\GITHUB\\KAPAL-FE-HTML\\home\\public\\index.php')
CRITICAL - 2025-08-26 03:41:23 --> Error: Call to undefined method CodeIgniter\View\View::getCategoryIcon()
[Method: GET, Route: gallery]
in APPPATH\Views\gallery\index.php on line 28.
 1 SYSTEMPATH\View\View.php(226): include()
 2 SYSTEMPATH\View\View.php(229): CodeIgniter\View\View->CodeIgniter\View\{closure}()
 3 SYSTEMPATH\Common.php(1167): CodeIgniter\View\View->render('gallery/index', [], true)
 4 APPPATH\Controllers\Gallery.php(35): view('gallery/index', [...])
 5 SYSTEMPATH\CodeIgniter.php(933): App\Controllers\Gallery->index()
 6 SYSTEMPATH\CodeIgniter.php(507): CodeIgniter\CodeIgniter->runController(Object(App\Controllers\Gallery))
 7 SYSTEMPATH\CodeIgniter.php(354): CodeIgniter\CodeIgniter->handleRequest(null, Object(Config\Cache), false)
 8 SYSTEMPATH\Boot.php(363): CodeIgniter\CodeIgniter->run()
 9 SYSTEMPATH\Boot.php(68): CodeIgniter\Boot::runCodeIgniter(Object(CodeIgniter\CodeIgniter))
10 FCPATH\index.php(59): CodeIgniter\Boot::bootWeb(Object(Config\Paths))
11 SYSTEMPATH\rewrite.php(44): require_once('C:\\Users\\Administrator\\Documents\\GITHUB\\KAPAL-FE-HTML\\home\\public\\index.php')
DEBUG - 2025-08-26 03:41:56 --> Session: Class initialized using 'CodeIgniter\Session\Handlers\FileHandler' driver.
WARNING - 2025-08-26 03:41:56 --> [DEPRECATED] Creation of dynamic property App\Controllers\Gallery::$session is deprecated in APPPATH\Controllers\BaseController.php on line 53.
 1 SYSTEMPATH\CodeIgniter.php(904): App\Controllers\BaseController->initController(Object(CodeIgniter\HTTP\IncomingRequest), Object(CodeIgniter\HTTP\Response), Object(CodeIgniter\Log\Logger))
 2 SYSTEMPATH\CodeIgniter.php(498): CodeIgniter\CodeIgniter->createController()
 3 SYSTEMPATH\CodeIgniter.php(354): CodeIgniter\CodeIgniter->handleRequest(null, Object(Config\Cache), false)
 4 SYSTEMPATH\Boot.php(363): CodeIgniter\CodeIgniter->run()
 5 SYSTEMPATH\Boot.php(68): CodeIgniter\Boot::runCodeIgniter(Object(CodeIgniter\CodeIgniter))
 6 FCPATH\index.php(59): CodeIgniter\Boot::bootWeb(Object(Config\Paths))
 7 SYSTEMPATH\rewrite.php(44): require_once('C:\\Users\\Administrator\\Documents\\GITHUB\\KAPAL-FE-HTML\\home\\public\\index.php')
CRITICAL - 2025-08-26 03:41:56 --> Error: Call to undefined method CodeIgniter\View\View::getCategoryIcon()
[Method: GET, Route: gallery]
in APPPATH\Views\gallery\index.php on line 49.
 1 SYSTEMPATH\View\View.php(226): include()
 2 SYSTEMPATH\View\View.php(229): CodeIgniter\View\View->CodeIgniter\View\{closure}()
 3 SYSTEMPATH\Common.php(1167): CodeIgniter\View\View->render('gallery/index', [], true)
 4 APPPATH\Controllers\Gallery.php(35): view('gallery/index', [...])
 5 SYSTEMPATH\CodeIgniter.php(933): App\Controllers\Gallery->index()
 6 SYSTEMPATH\CodeIgniter.php(507): CodeIgniter\CodeIgniter->runController(Object(App\Controllers\Gallery))
 7 SYSTEMPATH\CodeIgniter.php(354): CodeIgniter\CodeIgniter->handleRequest(null, Object(Config\Cache), false)
 8 SYSTEMPATH\Boot.php(363): CodeIgniter\CodeIgniter->run()
 9 SYSTEMPATH\Boot.php(68): CodeIgniter\Boot::runCodeIgniter(Object(CodeIgniter\CodeIgniter))
10 FCPATH\index.php(59): CodeIgniter\Boot::bootWeb(Object(Config\Paths))
11 SYSTEMPATH\rewrite.php(44): require_once('C:\\Users\\Administrator\\Documents\\GITHUB\\KAPAL-FE-HTML\\home\\public\\index.php')
DEBUG - 2025-08-26 03:41:57 --> Session: Class initialized using 'CodeIgniter\Session\Handlers\FileHandler' driver.
WARNING - 2025-08-26 03:41:57 --> [DEPRECATED] Creation of dynamic property App\Controllers\Gallery::$session is deprecated in APPPATH\Controllers\BaseController.php on line 53.
 1 SYSTEMPATH\CodeIgniter.php(904): App\Controllers\BaseController->initController(Object(CodeIgniter\HTTP\IncomingRequest), Object(CodeIgniter\HTTP\Response), Object(CodeIgniter\Log\Logger))
 2 SYSTEMPATH\CodeIgniter.php(498): CodeIgniter\CodeIgniter->createController()
 3 SYSTEMPATH\CodeIgniter.php(354): CodeIgniter\CodeIgniter->handleRequest(null, Object(Config\Cache), false)
 4 SYSTEMPATH\Boot.php(363): CodeIgniter\CodeIgniter->run()
 5 SYSTEMPATH\Boot.php(68): CodeIgniter\Boot::runCodeIgniter(Object(CodeIgniter\CodeIgniter))
 6 FCPATH\index.php(59): CodeIgniter\Boot::bootWeb(Object(Config\Paths))
 7 SYSTEMPATH\rewrite.php(44): require_once('C:\\Users\\Administrator\\Documents\\GITHUB\\KAPAL-FE-HTML\\home\\public\\index.php')
CRITICAL - 2025-08-26 03:41:57 --> Error: Call to undefined method CodeIgniter\View\View::getCategoryIcon()
[Method: GET, Route: gallery]
in APPPATH\Views\gallery\index.php on line 49.
 1 SYSTEMPATH\View\View.php(226): include()
 2 SYSTEMPATH\View\View.php(229): CodeIgniter\View\View->CodeIgniter\View\{closure}()
 3 SYSTEMPATH\Common.php(1167): CodeIgniter\View\View->render('gallery/index', [], true)
 4 APPPATH\Controllers\Gallery.php(35): view('gallery/index', [...])
 5 SYSTEMPATH\CodeIgniter.php(933): App\Controllers\Gallery->index()
 6 SYSTEMPATH\CodeIgniter.php(507): CodeIgniter\CodeIgniter->runController(Object(App\Controllers\Gallery))
 7 SYSTEMPATH\CodeIgniter.php(354): CodeIgniter\CodeIgniter->handleRequest(null, Object(Config\Cache), false)
 8 SYSTEMPATH\Boot.php(363): CodeIgniter\CodeIgniter->run()
 9 SYSTEMPATH\Boot.php(68): CodeIgniter\Boot::runCodeIgniter(Object(CodeIgniter\CodeIgniter))
10 FCPATH\index.php(59): CodeIgniter\Boot::bootWeb(Object(Config\Paths))
11 SYSTEMPATH\rewrite.php(44): require_once('C:\\Users\\Administrator\\Documents\\GITHUB\\KAPAL-FE-HTML\\home\\public\\index.php')
DEBUG - 2025-08-26 03:42:16 --> Session: Class initialized using 'CodeIgniter\Session\Handlers\FileHandler' driver.
WARNING - 2025-08-26 03:42:16 --> [DEPRECATED] Creation of dynamic property App\Controllers\Gallery::$session is deprecated in APPPATH\Controllers\BaseController.php on line 53.
 1 SYSTEMPATH\CodeIgniter.php(904): App\Controllers\BaseController->initController(Object(CodeIgniter\HTTP\IncomingRequest), Object(CodeIgniter\HTTP\Response), Object(CodeIgniter\Log\Logger))
 2 SYSTEMPATH\CodeIgniter.php(498): CodeIgniter\CodeIgniter->createController()
 3 SYSTEMPATH\CodeIgniter.php(354): CodeIgniter\CodeIgniter->handleRequest(null, Object(Config\Cache), false)
 4 SYSTEMPATH\Boot.php(363): CodeIgniter\CodeIgniter->run()
 5 SYSTEMPATH\Boot.php(68): CodeIgniter\Boot::runCodeIgniter(Object(CodeIgniter\CodeIgniter))
 6 FCPATH\index.php(59): CodeIgniter\Boot::bootWeb(Object(Config\Paths))
 7 SYSTEMPATH\rewrite.php(44): require_once('C:\\Users\\Administrator\\Documents\\GITHUB\\KAPAL-FE-HTML\\home\\public\\index.php')
CRITICAL - 2025-08-26 03:42:16 --> Error: Call to undefined function endSection()
[Method: GET, Route: gallery]
in APPPATH\Views\gallery\index.php on line 131.
 1 SYSTEMPATH\View\View.php(226): include()
 2 SYSTEMPATH\View\View.php(229): CodeIgniter\View\View->CodeIgniter\View\{closure}()
 3 SYSTEMPATH\Common.php(1167): CodeIgniter\View\View->render('gallery/index', [], true)
 4 APPPATH\Controllers\Gallery.php(35): view('gallery/index', [...])
 5 SYSTEMPATH\CodeIgniter.php(933): App\Controllers\Gallery->index()
 6 SYSTEMPATH\CodeIgniter.php(507): CodeIgniter\CodeIgniter->runController(Object(App\Controllers\Gallery))
 7 SYSTEMPATH\CodeIgniter.php(354): CodeIgniter\CodeIgniter->handleRequest(null, Object(Config\Cache), false)
 8 SYSTEMPATH\Boot.php(363): CodeIgniter\CodeIgniter->run()
 9 SYSTEMPATH\Boot.php(68): CodeIgniter\Boot::runCodeIgniter(Object(CodeIgniter\CodeIgniter))
10 FCPATH\index.php(59): CodeIgniter\Boot::bootWeb(Object(Config\Paths))
11 SYSTEMPATH\rewrite.php(44): require_once('C:\\Users\\Administrator\\Documents\\GITHUB\\KAPAL-FE-HTML\\home\\public\\index.php')
DEBUG - 2025-08-26 03:42:24 --> Session: Class initialized using 'CodeIgniter\Session\Handlers\FileHandler' driver.
WARNING - 2025-08-26 03:42:24 --> [DEPRECATED] Creation of dynamic property App\Controllers\Gallery::$session is deprecated in APPPATH\Controllers\BaseController.php on line 53.
 1 SYSTEMPATH\CodeIgniter.php(904): App\Controllers\BaseController->initController(Object(CodeIgniter\HTTP\IncomingRequest), Object(CodeIgniter\HTTP\Response), Object(CodeIgniter\Log\Logger))
 2 SYSTEMPATH\CodeIgniter.php(498): CodeIgniter\CodeIgniter->createController()
 3 SYSTEMPATH\CodeIgniter.php(354): CodeIgniter\CodeIgniter->handleRequest(null, Object(Config\Cache), false)
 4 SYSTEMPATH\Boot.php(363): CodeIgniter\CodeIgniter->run()
 5 SYSTEMPATH\Boot.php(68): CodeIgniter\Boot::runCodeIgniter(Object(CodeIgniter\CodeIgniter))
 6 FCPATH\index.php(59): CodeIgniter\Boot::bootWeb(Object(Config\Paths))
 7 SYSTEMPATH\rewrite.php(44): require_once('C:\\Users\\Administrator\\Documents\\GITHUB\\KAPAL-FE-HTML\\home\\public\\index.php')
DEBUG - 2025-08-26 03:42:52 --> Session: Class initialized using 'CodeIgniter\Session\Handlers\FileHandler' driver.
WARNING - 2025-08-26 03:42:52 --> [DEPRECATED] Creation of dynamic property App\Controllers\Gallery::$session is deprecated in APPPATH\Controllers\BaseController.php on line 53.
 1 SYSTEMPATH\CodeIgniter.php(904): App\Controllers\BaseController->initController(Object(CodeIgniter\HTTP\IncomingRequest), Object(CodeIgniter\HTTP\Response), Object(CodeIgniter\Log\Logger))
 2 SYSTEMPATH\CodeIgniter.php(498): CodeIgniter\CodeIgniter->createController()
 3 SYSTEMPATH\CodeIgniter.php(354): CodeIgniter\CodeIgniter->handleRequest(null, Object(Config\Cache), false)
 4 SYSTEMPATH\Boot.php(363): CodeIgniter\CodeIgniter->run()
 5 SYSTEMPATH\Boot.php(68): CodeIgniter\Boot::runCodeIgniter(Object(CodeIgniter\CodeIgniter))
 6 FCPATH\index.php(59): CodeIgniter\Boot::bootWeb(Object(Config\Paths))
 7 SYSTEMPATH\rewrite.php(44): require_once('C:\\Users\\Administrator\\Documents\\GITHUB\\KAPAL-FE-HTML\\home\\public\\index.php')
DEBUG - 2025-08-26 03:42:56 --> Session: Class initialized using 'CodeIgniter\Session\Handlers\FileHandler' driver.
WARNING - 2025-08-26 03:42:56 --> [DEPRECATED] Creation of dynamic property App\Controllers\Gallery::$session is deprecated in APPPATH\Controllers\BaseController.php on line 53.
 1 SYSTEMPATH\CodeIgniter.php(904): App\Controllers\BaseController->initController(Object(CodeIgniter\HTTP\IncomingRequest), Object(CodeIgniter\HTTP\Response), Object(CodeIgniter\Log\Logger))
 2 SYSTEMPATH\CodeIgniter.php(498): CodeIgniter\CodeIgniter->createController()
 3 SYSTEMPATH\CodeIgniter.php(354): CodeIgniter\CodeIgniter->handleRequest(null, Object(Config\Cache), false)
 4 SYSTEMPATH\Boot.php(363): CodeIgniter\CodeIgniter->run()
 5 SYSTEMPATH\Boot.php(68): CodeIgniter\Boot::runCodeIgniter(Object(CodeIgniter\CodeIgniter))
 6 FCPATH\index.php(59): CodeIgniter\Boot::bootWeb(Object(Config\Paths))
 7 SYSTEMPATH\rewrite.php(44): require_once('C:\\Users\\Administrator\\Documents\\GITHUB\\KAPAL-FE-HTML\\home\\public\\index.php')
DEBUG - 2025-08-26 03:42:58 --> Session: Class initialized using 'CodeIgniter\Session\Handlers\FileHandler' driver.
WARNING - 2025-08-26 03:42:58 --> [DEPRECATED] Creation of dynamic property App\Controllers\Gallery::$session is deprecated in APPPATH\Controllers\BaseController.php on line 53.
 1 SYSTEMPATH\CodeIgniter.php(904): App\Controllers\BaseController->initController(Object(CodeIgniter\HTTP\IncomingRequest), Object(CodeIgniter\HTTP\Response), Object(CodeIgniter\Log\Logger))
 2 SYSTEMPATH\CodeIgniter.php(498): CodeIgniter\CodeIgniter->createController()
 3 SYSTEMPATH\CodeIgniter.php(354): CodeIgniter\CodeIgniter->handleRequest(null, Object(Config\Cache), false)
 4 SYSTEMPATH\Boot.php(363): CodeIgniter\CodeIgniter->run()
 5 SYSTEMPATH\Boot.php(68): CodeIgniter\Boot::runCodeIgniter(Object(CodeIgniter\CodeIgniter))
 6 FCPATH\index.php(59): CodeIgniter\Boot::bootWeb(Object(Config\Paths))
 7 SYSTEMPATH\rewrite.php(44): require_once('C:\\Users\\Administrator\\Documents\\GITHUB\\KAPAL-FE-HTML\\home\\public\\index.php')
DEBUG - 2025-08-26 03:42:59 --> Session: Class initialized using 'CodeIgniter\Session\Handlers\FileHandler' driver.
WARNING - 2025-08-26 03:42:59 --> [DEPRECATED] Creation of dynamic property App\Controllers\Gallery::$session is deprecated in APPPATH\Controllers\BaseController.php on line 53.
 1 SYSTEMPATH\CodeIgniter.php(904): App\Controllers\BaseController->initController(Object(CodeIgniter\HTTP\IncomingRequest), Object(CodeIgniter\HTTP\Response), Object(CodeIgniter\Log\Logger))
 2 SYSTEMPATH\CodeIgniter.php(498): CodeIgniter\CodeIgniter->createController()
 3 SYSTEMPATH\CodeIgniter.php(354): CodeIgniter\CodeIgniter->handleRequest(null, Object(Config\Cache), false)
 4 SYSTEMPATH\Boot.php(363): CodeIgniter\CodeIgniter->run()
 5 SYSTEMPATH\Boot.php(68): CodeIgniter\Boot::runCodeIgniter(Object(CodeIgniter\CodeIgniter))
 6 FCPATH\index.php(59): CodeIgniter\Boot::bootWeb(Object(Config\Paths))
 7 SYSTEMPATH\rewrite.php(44): require_once('C:\\Users\\Administrator\\Documents\\GITHUB\\KAPAL-FE-HTML\\home\\public\\index.php')
DEBUG - 2025-08-26 03:43:01 --> Session: Class initialized using 'CodeIgniter\Session\Handlers\FileHandler' driver.
WARNING - 2025-08-26 03:43:01 --> [DEPRECATED] Creation of dynamic property App\Controllers\Gallery::$session is deprecated in APPPATH\Controllers\BaseController.php on line 53.
 1 SYSTEMPATH\CodeIgniter.php(904): App\Controllers\BaseController->initController(Object(CodeIgniter\HTTP\IncomingRequest), Object(CodeIgniter\HTTP\Response), Object(CodeIgniter\Log\Logger))
 2 SYSTEMPATH\CodeIgniter.php(498): CodeIgniter\CodeIgniter->createController()
 3 SYSTEMPATH\CodeIgniter.php(354): CodeIgniter\CodeIgniter->handleRequest(null, Object(Config\Cache), false)
 4 SYSTEMPATH\Boot.php(363): CodeIgniter\CodeIgniter->run()
 5 SYSTEMPATH\Boot.php(68): CodeIgniter\Boot::runCodeIgniter(Object(CodeIgniter\CodeIgniter))
 6 FCPATH\index.php(59): CodeIgniter\Boot::bootWeb(Object(Config\Paths))
 7 SYSTEMPATH\rewrite.php(44): require_once('C:\\Users\\Administrator\\Documents\\GITHUB\\KAPAL-FE-HTML\\home\\public\\index.php')
DEBUG - 2025-08-26 03:43:02 --> Session: Class initialized using 'CodeIgniter\Session\Handlers\FileHandler' driver.
WARNING - 2025-08-26 03:43:02 --> [DEPRECATED] Creation of dynamic property App\Controllers\Gallery::$session is deprecated in APPPATH\Controllers\BaseController.php on line 53.
 1 SYSTEMPATH\CodeIgniter.php(904): App\Controllers\BaseController->initController(Object(CodeIgniter\HTTP\IncomingRequest), Object(CodeIgniter\HTTP\Response), Object(CodeIgniter\Log\Logger))
 2 SYSTEMPATH\CodeIgniter.php(498): CodeIgniter\CodeIgniter->createController()
 3 SYSTEMPATH\CodeIgniter.php(354): CodeIgniter\CodeIgniter->handleRequest(null, Object(Config\Cache), false)
 4 SYSTEMPATH\Boot.php(363): CodeIgniter\CodeIgniter->run()
 5 SYSTEMPATH\Boot.php(68): CodeIgniter\Boot::runCodeIgniter(Object(CodeIgniter\CodeIgniter))
 6 FCPATH\index.php(59): CodeIgniter\Boot::bootWeb(Object(Config\Paths))
 7 SYSTEMPATH\rewrite.php(44): require_once('C:\\Users\\Administrator\\Documents\\GITHUB\\KAPAL-FE-HTML\\home\\public\\index.php')
DEBUG - 2025-08-26 03:43:03 --> Session: Class initialized using 'CodeIgniter\Session\Handlers\FileHandler' driver.
WARNING - 2025-08-26 03:43:03 --> [DEPRECATED] Creation of dynamic property App\Controllers\Gallery::$session is deprecated in APPPATH\Controllers\BaseController.php on line 53.
 1 SYSTEMPATH\CodeIgniter.php(904): App\Controllers\BaseController->initController(Object(CodeIgniter\HTTP\IncomingRequest), Object(CodeIgniter\HTTP\Response), Object(CodeIgniter\Log\Logger))
 2 SYSTEMPATH\CodeIgniter.php(498): CodeIgniter\CodeIgniter->createController()
 3 SYSTEMPATH\CodeIgniter.php(354): CodeIgniter\CodeIgniter->handleRequest(null, Object(Config\Cache), false)
 4 SYSTEMPATH\Boot.php(363): CodeIgniter\CodeIgniter->run()
 5 SYSTEMPATH\Boot.php(68): CodeIgniter\Boot::runCodeIgniter(Object(CodeIgniter\CodeIgniter))
 6 FCPATH\index.php(59): CodeIgniter\Boot::bootWeb(Object(Config\Paths))
 7 SYSTEMPATH\rewrite.php(44): require_once('C:\\Users\\Administrator\\Documents\\GITHUB\\KAPAL-FE-HTML\\home\\public\\index.php')
DEBUG - 2025-08-26 03:43:04 --> Session: Class initialized using 'CodeIgniter\Session\Handlers\FileHandler' driver.
WARNING - 2025-08-26 03:43:04 --> [DEPRECATED] Creation of dynamic property App\Controllers\Gallery::$session is deprecated in APPPATH\Controllers\BaseController.php on line 53.
 1 SYSTEMPATH\CodeIgniter.php(904): App\Controllers\BaseController->initController(Object(CodeIgniter\HTTP\IncomingRequest), Object(CodeIgniter\HTTP\Response), Object(CodeIgniter\Log\Logger))
 2 SYSTEMPATH\CodeIgniter.php(498): CodeIgniter\CodeIgniter->createController()
 3 SYSTEMPATH\CodeIgniter.php(354): CodeIgniter\CodeIgniter->handleRequest(null, Object(Config\Cache), false)
 4 SYSTEMPATH\Boot.php(363): CodeIgniter\CodeIgniter->run()
 5 SYSTEMPATH\Boot.php(68): CodeIgniter\Boot::runCodeIgniter(Object(CodeIgniter\CodeIgniter))
 6 FCPATH\index.php(59): CodeIgniter\Boot::bootWeb(Object(Config\Paths))
 7 SYSTEMPATH\rewrite.php(44): require_once('C:\\Users\\Administrator\\Documents\\GITHUB\\KAPAL-FE-HTML\\home\\public\\index.php')
DEBUG - 2025-08-26 03:43:05 --> Session: Class initialized using 'CodeIgniter\Session\Handlers\FileHandler' driver.
WARNING - 2025-08-26 03:43:05 --> [DEPRECATED] Creation of dynamic property App\Controllers\Gallery::$session is deprecated in APPPATH\Controllers\BaseController.php on line 53.
 1 SYSTEMPATH\CodeIgniter.php(904): App\Controllers\BaseController->initController(Object(CodeIgniter\HTTP\IncomingRequest), Object(CodeIgniter\HTTP\Response), Object(CodeIgniter\Log\Logger))
 2 SYSTEMPATH\CodeIgniter.php(498): CodeIgniter\CodeIgniter->createController()
 3 SYSTEMPATH\CodeIgniter.php(354): CodeIgniter\CodeIgniter->handleRequest(null, Object(Config\Cache), false)
 4 SYSTEMPATH\Boot.php(363): CodeIgniter\CodeIgniter->run()
 5 SYSTEMPATH\Boot.php(68): CodeIgniter\Boot::runCodeIgniter(Object(CodeIgniter\CodeIgniter))
 6 FCPATH\index.php(59): CodeIgniter\Boot::bootWeb(Object(Config\Paths))
 7 SYSTEMPATH\rewrite.php(44): require_once('C:\\Users\\Administrator\\Documents\\GITHUB\\KAPAL-FE-HTML\\home\\public\\index.php')
DEBUG - 2025-08-26 03:43:08 --> Session: Class initialized using 'CodeIgniter\Session\Handlers\FileHandler' driver.
WARNING - 2025-08-26 03:43:08 --> [DEPRECATED] Creation of dynamic property App\Controllers\Gallery::$session is deprecated in APPPATH\Controllers\BaseController.php on line 53.
 1 SYSTEMPATH\CodeIgniter.php(904): App\Controllers\BaseController->initController(Object(CodeIgniter\HTTP\IncomingRequest), Object(CodeIgniter\HTTP\Response), Object(CodeIgniter\Log\Logger))
 2 SYSTEMPATH\CodeIgniter.php(498): CodeIgniter\CodeIgniter->createController()
 3 SYSTEMPATH\CodeIgniter.php(354): CodeIgniter\CodeIgniter->handleRequest(null, Object(Config\Cache), false)
 4 SYSTEMPATH\Boot.php(363): CodeIgniter\CodeIgniter->run()
 5 SYSTEMPATH\Boot.php(68): CodeIgniter\Boot::runCodeIgniter(Object(CodeIgniter\CodeIgniter))
 6 FCPATH\index.php(59): CodeIgniter\Boot::bootWeb(Object(Config\Paths))
 7 SYSTEMPATH\rewrite.php(44): require_once('C:\\Users\\Administrator\\Documents\\GITHUB\\KAPAL-FE-HTML\\home\\public\\index.php')
DEBUG - 2025-08-26 03:43:10 --> Session: Class initialized using 'CodeIgniter\Session\Handlers\FileHandler' driver.
WARNING - 2025-08-26 03:43:10 --> [DEPRECATED] Creation of dynamic property App\Controllers\Gallery::$session is deprecated in APPPATH\Controllers\BaseController.php on line 53.
 1 SYSTEMPATH\CodeIgniter.php(904): App\Controllers\BaseController->initController(Object(CodeIgniter\HTTP\IncomingRequest), Object(CodeIgniter\HTTP\Response), Object(CodeIgniter\Log\Logger))
 2 SYSTEMPATH\CodeIgniter.php(498): CodeIgniter\CodeIgniter->createController()
 3 SYSTEMPATH\CodeIgniter.php(354): CodeIgniter\CodeIgniter->handleRequest(null, Object(Config\Cache), false)
 4 SYSTEMPATH\Boot.php(363): CodeIgniter\CodeIgniter->run()
 5 SYSTEMPATH\Boot.php(68): CodeIgniter\Boot::runCodeIgniter(Object(CodeIgniter\CodeIgniter))
 6 FCPATH\index.php(59): CodeIgniter\Boot::bootWeb(Object(Config\Paths))
 7 SYSTEMPATH\rewrite.php(44): require_once('C:\\Users\\Administrator\\Documents\\GITHUB\\KAPAL-FE-HTML\\home\\public\\index.php')
DEBUG - 2025-08-26 03:43:10 --> Session: Class initialized using 'CodeIgniter\Session\Handlers\FileHandler' driver.
WARNING - 2025-08-26 03:43:10 --> [DEPRECATED] Creation of dynamic property App\Controllers\Gallery::$session is deprecated in APPPATH\Controllers\BaseController.php on line 53.
 1 SYSTEMPATH\CodeIgniter.php(904): App\Controllers\BaseController->initController(Object(CodeIgniter\HTTP\IncomingRequest), Object(CodeIgniter\HTTP\Response), Object(CodeIgniter\Log\Logger))
 2 SYSTEMPATH\CodeIgniter.php(498): CodeIgniter\CodeIgniter->createController()
 3 SYSTEMPATH\CodeIgniter.php(354): CodeIgniter\CodeIgniter->handleRequest(null, Object(Config\Cache), false)
 4 SYSTEMPATH\Boot.php(363): CodeIgniter\CodeIgniter->run()
 5 SYSTEMPATH\Boot.php(68): CodeIgniter\Boot::runCodeIgniter(Object(CodeIgniter\CodeIgniter))
 6 FCPATH\index.php(59): CodeIgniter\Boot::bootWeb(Object(Config\Paths))
 7 SYSTEMPATH\rewrite.php(44): require_once('C:\\Users\\Administrator\\Documents\\GITHUB\\KAPAL-FE-HTML\\home\\public\\index.php')
DEBUG - 2025-08-26 03:43:12 --> Session: Class initialized using 'CodeIgniter\Session\Handlers\FileHandler' driver.
WARNING - 2025-08-26 03:43:12 --> [DEPRECATED] Creation of dynamic property App\Controllers\Gallery::$session is deprecated in APPPATH\Controllers\BaseController.php on line 53.
 1 SYSTEMPATH\CodeIgniter.php(904): App\Controllers\BaseController->initController(Object(CodeIgniter\HTTP\IncomingRequest), Object(CodeIgniter\HTTP\Response), Object(CodeIgniter\Log\Logger))
 2 SYSTEMPATH\CodeIgniter.php(498): CodeIgniter\CodeIgniter->createController()
 3 SYSTEMPATH\CodeIgniter.php(354): CodeIgniter\CodeIgniter->handleRequest(null, Object(Config\Cache), false)
 4 SYSTEMPATH\Boot.php(363): CodeIgniter\CodeIgniter->run()
 5 SYSTEMPATH\Boot.php(68): CodeIgniter\Boot::runCodeIgniter(Object(CodeIgniter\CodeIgniter))
 6 FCPATH\index.php(59): CodeIgniter\Boot::bootWeb(Object(Config\Paths))
 7 SYSTEMPATH\rewrite.php(44): require_once('C:\\Users\\Administrator\\Documents\\GITHUB\\KAPAL-FE-HTML\\home\\public\\index.php')
DEBUG - 2025-08-26 03:43:14 --> Session: Class initialized using 'CodeIgniter\Session\Handlers\FileHandler' driver.
WARNING - 2025-08-26 03:43:14 --> [DEPRECATED] Creation of dynamic property App\Controllers\Gallery::$session is deprecated in APPPATH\Controllers\BaseController.php on line 53.
 1 SYSTEMPATH\CodeIgniter.php(904): App\Controllers\BaseController->initController(Object(CodeIgniter\HTTP\IncomingRequest), Object(CodeIgniter\HTTP\Response), Object(CodeIgniter\Log\Logger))
 2 SYSTEMPATH\CodeIgniter.php(498): CodeIgniter\CodeIgniter->createController()
 3 SYSTEMPATH\CodeIgniter.php(354): CodeIgniter\CodeIgniter->handleRequest(null, Object(Config\Cache), false)
 4 SYSTEMPATH\Boot.php(363): CodeIgniter\CodeIgniter->run()
 5 SYSTEMPATH\Boot.php(68): CodeIgniter\Boot::runCodeIgniter(Object(CodeIgniter\CodeIgniter))
 6 FCPATH\index.php(59): CodeIgniter\Boot::bootWeb(Object(Config\Paths))
 7 SYSTEMPATH\rewrite.php(44): require_once('C:\\Users\\Administrator\\Documents\\GITHUB\\KAPAL-FE-HTML\\home\\public\\index.php')
DEBUG - 2025-08-26 03:43:29 --> Session: Class initialized using 'CodeIgniter\Session\Handlers\FileHandler' driver.
WARNING - 2025-08-26 03:43:29 --> [DEPRECATED] Creation of dynamic property App\Controllers\Tour::$session is deprecated in APPPATH\Controllers\BaseController.php on line 53.
 1 SYSTEMPATH\CodeIgniter.php(904): App\Controllers\BaseController->initController(Object(CodeIgniter\HTTP\IncomingRequest), Object(CodeIgniter\HTTP\Response), Object(CodeIgniter\Log\Logger))
 2 SYSTEMPATH\CodeIgniter.php(498): CodeIgniter\CodeIgniter->createController()
 3 SYSTEMPATH\CodeIgniter.php(354): CodeIgniter\CodeIgniter->handleRequest(null, Object(Config\Cache), false)
 4 SYSTEMPATH\Boot.php(363): CodeIgniter\CodeIgniter->run()
 5 SYSTEMPATH\Boot.php(68): CodeIgniter\Boot::runCodeIgniter(Object(CodeIgniter\CodeIgniter))
 6 FCPATH\index.php(59): CodeIgniter\Boot::bootWeb(Object(Config\Paths))
 7 SYSTEMPATH\rewrite.php(44): require_once('C:\\Users\\Administrator\\Documents\\GITHUB\\KAPAL-FE-HTML\\home\\public\\index.php')
DEBUG - 2025-08-26 03:43:34 --> Session: Class initialized using 'CodeIgniter\Session\Handlers\FileHandler' driver.
WARNING - 2025-08-26 03:43:34 --> [DEPRECATED] Creation of dynamic property App\Controllers\Home::$session is deprecated in APPPATH\Controllers\BaseController.php on line 53.
 1 SYSTEMPATH\CodeIgniter.php(904): App\Controllers\BaseController->initController(Object(CodeIgniter\HTTP\IncomingRequest), Object(CodeIgniter\HTTP\Response), Object(CodeIgniter\Log\Logger))
 2 SYSTEMPATH\CodeIgniter.php(498): CodeIgniter\CodeIgniter->createController()
 3 SYSTEMPATH\CodeIgniter.php(354): CodeIgniter\CodeIgniter->handleRequest(null, Object(Config\Cache), false)
 4 SYSTEMPATH\Boot.php(363): CodeIgniter\CodeIgniter->run()
 5 SYSTEMPATH\Boot.php(68): CodeIgniter\Boot::runCodeIgniter(Object(CodeIgniter\CodeIgniter))
 6 FCPATH\index.php(59): CodeIgniter\Boot::bootWeb(Object(Config\Paths))
 7 SYSTEMPATH\rewrite.php(44): require_once('C:\\Users\\Administrator\\Documents\\GITHUB\\KAPAL-FE-HTML\\home\\public\\index.php')
DEBUG - 2025-08-26 03:43:37 --> Session: Class initialized using 'CodeIgniter\Session\Handlers\FileHandler' driver.
WARNING - 2025-08-26 03:43:37 --> [DEPRECATED] Creation of dynamic property App\Controllers\Tour::$session is deprecated in APPPATH\Controllers\BaseController.php on line 53.
 1 SYSTEMPATH\CodeIgniter.php(904): App\Controllers\BaseController->initController(Object(CodeIgniter\HTTP\IncomingRequest), Object(CodeIgniter\HTTP\Response), Object(CodeIgniter\Log\Logger))
 2 SYSTEMPATH\CodeIgniter.php(498): CodeIgniter\CodeIgniter->createController()
 3 SYSTEMPATH\CodeIgniter.php(354): CodeIgniter\CodeIgniter->handleRequest(null, Object(Config\Cache), false)
 4 SYSTEMPATH\Boot.php(363): CodeIgniter\CodeIgniter->run()
 5 SYSTEMPATH\Boot.php(68): CodeIgniter\Boot::runCodeIgniter(Object(CodeIgniter\CodeIgniter))
 6 FCPATH\index.php(59): CodeIgniter\Boot::bootWeb(Object(Config\Paths))
 7 SYSTEMPATH\rewrite.php(44): require_once('C:\\Users\\Administrator\\Documents\\GITHUB\\KAPAL-FE-HTML\\home\\public\\index.php')
DEBUG - 2025-08-26 03:43:38 --> Session: Class initialized using 'CodeIgniter\Session\Handlers\FileHandler' driver.
WARNING - 2025-08-26 03:43:38 --> [DEPRECATED] Creation of dynamic property App\Controllers\Gallery::$session is deprecated in APPPATH\Controllers\BaseController.php on line 53.
 1 SYSTEMPATH\CodeIgniter.php(904): App\Controllers\BaseController->initController(Object(CodeIgniter\HTTP\IncomingRequest), Object(CodeIgniter\HTTP\Response), Object(CodeIgniter\Log\Logger))
 2 SYSTEMPATH\CodeIgniter.php(498): CodeIgniter\CodeIgniter->createController()
 3 SYSTEMPATH\CodeIgniter.php(354): CodeIgniter\CodeIgniter->handleRequest(null, Object(Config\Cache), false)
 4 SYSTEMPATH\Boot.php(363): CodeIgniter\CodeIgniter->run()
 5 SYSTEMPATH\Boot.php(68): CodeIgniter\Boot::runCodeIgniter(Object(CodeIgniter\CodeIgniter))
 6 FCPATH\index.php(59): CodeIgniter\Boot::bootWeb(Object(Config\Paths))
 7 SYSTEMPATH\rewrite.php(44): require_once('C:\\Users\\Administrator\\Documents\\GITHUB\\KAPAL-FE-HTML\\home\\public\\index.php')
DEBUG - 2025-08-26 03:43:43 --> Session: Class initialized using 'CodeIgniter\Session\Handlers\FileHandler' driver.
WARNING - 2025-08-26 03:43:43 --> [DEPRECATED] Creation of dynamic property App\Controllers\Tour::$session is deprecated in APPPATH\Controllers\BaseController.php on line 53.
 1 SYSTEMPATH\CodeIgniter.php(904): App\Controllers\BaseController->initController(Object(CodeIgniter\HTTP\IncomingRequest), Object(CodeIgniter\HTTP\Response), Object(CodeIgniter\Log\Logger))
 2 SYSTEMPATH\CodeIgniter.php(498): CodeIgniter\CodeIgniter->createController()
 3 SYSTEMPATH\CodeIgniter.php(354): CodeIgniter\CodeIgniter->handleRequest(null, Object(Config\Cache), false)
 4 SYSTEMPATH\Boot.php(363): CodeIgniter\CodeIgniter->run()
 5 SYSTEMPATH\Boot.php(68): CodeIgniter\Boot::runCodeIgniter(Object(CodeIgniter\CodeIgniter))
 6 FCPATH\index.php(59): CodeIgniter\Boot::bootWeb(Object(Config\Paths))
 7 SYSTEMPATH\rewrite.php(44): require_once('C:\\Users\\Administrator\\Documents\\GITHUB\\KAPAL-FE-HTML\\home\\public\\index.php')
DEBUG - 2025-08-26 03:43:49 --> Session: Class initialized using 'CodeIgniter\Session\Handlers\FileHandler' driver.
WARNING - 2025-08-26 03:43:49 --> [DEPRECATED] Creation of dynamic property App\Controllers\Contact::$session is deprecated in APPPATH\Controllers\BaseController.php on line 53.
 1 SYSTEMPATH\CodeIgniter.php(904): App\Controllers\BaseController->initController(Object(CodeIgniter\HTTP\IncomingRequest), Object(CodeIgniter\HTTP\Response), Object(CodeIgniter\Log\Logger))
 2 SYSTEMPATH\CodeIgniter.php(498): CodeIgniter\CodeIgniter->createController()
 3 SYSTEMPATH\CodeIgniter.php(354): CodeIgniter\CodeIgniter->handleRequest(null, Object(Config\Cache), false)
 4 SYSTEMPATH\Boot.php(363): CodeIgniter\CodeIgniter->run()
 5 SYSTEMPATH\Boot.php(68): CodeIgniter\Boot::runCodeIgniter(Object(CodeIgniter\CodeIgniter))
 6 FCPATH\index.php(59): CodeIgniter\Boot::bootWeb(Object(Config\Paths))
 7 SYSTEMPATH\rewrite.php(44): require_once('C:\\Users\\Administrator\\Documents\\GITHUB\\KAPAL-FE-HTML\\home\\public\\index.php')
DEBUG - 2025-08-26 03:43:50 --> Session: Class initialized using 'CodeIgniter\Session\Handlers\FileHandler' driver.
WARNING - 2025-08-26 03:43:50 --> [DEPRECATED] Creation of dynamic property App\Controllers\Contact::$session is deprecated in APPPATH\Controllers\BaseController.php on line 53.
 1 SYSTEMPATH\CodeIgniter.php(904): App\Controllers\BaseController->initController(Object(CodeIgniter\HTTP\IncomingRequest), Object(CodeIgniter\HTTP\Response), Object(CodeIgniter\Log\Logger))
 2 SYSTEMPATH\CodeIgniter.php(498): CodeIgniter\CodeIgniter->createController()
 3 SYSTEMPATH\CodeIgniter.php(354): CodeIgniter\CodeIgniter->handleRequest(null, Object(Config\Cache), false)
 4 SYSTEMPATH\Boot.php(363): CodeIgniter\CodeIgniter->run()
 5 SYSTEMPATH\Boot.php(68): CodeIgniter\Boot::runCodeIgniter(Object(CodeIgniter\CodeIgniter))
 6 FCPATH\index.php(59): CodeIgniter\Boot::bootWeb(Object(Config\Paths))
 7 SYSTEMPATH\rewrite.php(44): require_once('C:\\Users\\Administrator\\Documents\\GITHUB\\KAPAL-FE-HTML\\home\\public\\index.php')
DEBUG - 2025-08-26 03:43:51 --> Session: Class initialized using 'CodeIgniter\Session\Handlers\FileHandler' driver.
WARNING - 2025-08-26 03:43:51 --> [DEPRECATED] Creation of dynamic property App\Controllers\Faq::$session is deprecated in APPPATH\Controllers\BaseController.php on line 53.
 1 SYSTEMPATH\CodeIgniter.php(904): App\Controllers\BaseController->initController(Object(CodeIgniter\HTTP\IncomingRequest), Object(CodeIgniter\HTTP\Response), Object(CodeIgniter\Log\Logger))
 2 SYSTEMPATH\CodeIgniter.php(498): CodeIgniter\CodeIgniter->createController()
 3 SYSTEMPATH\CodeIgniter.php(354): CodeIgniter\CodeIgniter->handleRequest(null, Object(Config\Cache), false)
 4 SYSTEMPATH\Boot.php(363): CodeIgniter\CodeIgniter->run()
 5 SYSTEMPATH\Boot.php(68): CodeIgniter\Boot::runCodeIgniter(Object(CodeIgniter\CodeIgniter))
 6 FCPATH\index.php(59): CodeIgniter\Boot::bootWeb(Object(Config\Paths))
 7 SYSTEMPATH\rewrite.php(44): require_once('C:\\Users\\Administrator\\Documents\\GITHUB\\KAPAL-FE-HTML\\home\\public\\index.php')
DEBUG - 2025-08-26 03:47:14 --> Session: Class initialized using 'CodeIgniter\Session\Handlers\FileHandler' driver.
WARNING - 2025-08-26 03:47:14 --> [DEPRECATED] Creation of dynamic property App\Controllers\Home::$session is deprecated in APPPATH\Controllers\BaseController.php on line 53.
 1 SYSTEMPATH\CodeIgniter.php(904): App\Controllers\BaseController->initController(Object(CodeIgniter\HTTP\IncomingRequest), Object(CodeIgniter\HTTP\Response), Object(CodeIgniter\Log\Logger))
 2 SYSTEMPATH\CodeIgniter.php(498): CodeIgniter\CodeIgniter->createController()
 3 SYSTEMPATH\CodeIgniter.php(354): CodeIgniter\CodeIgniter->handleRequest(null, Object(Config\Cache), false)
 4 SYSTEMPATH\Boot.php(363): CodeIgniter\CodeIgniter->run()
 5 SYSTEMPATH\Boot.php(68): CodeIgniter\Boot::runCodeIgniter(Object(CodeIgniter\CodeIgniter))
 6 FCPATH\index.php(59): CodeIgniter\Boot::bootWeb(Object(Config\Paths))
 7 SYSTEMPATH\rewrite.php(44): require_once('C:\\Users\\Administrator\\Documents\\GITHUB\\KAPAL-FE-HTML\\home\\public\\index.php')
DEBUG - 2025-08-26 03:48:56 --> Session: Class initialized using 'CodeIgniter\Session\Handlers\FileHandler' driver.
WARNING - 2025-08-26 03:48:56 --> [DEPRECATED] Creation of dynamic property App\Controllers\Home::$session is deprecated in APPPATH\Controllers\BaseController.php on line 53.
 1 SYSTEMPATH\CodeIgniter.php(904): App\Controllers\BaseController->initController(Object(CodeIgniter\HTTP\IncomingRequest), Object(CodeIgniter\HTTP\Response), Object(CodeIgniter\Log\Logger))
 2 SYSTEMPATH\CodeIgniter.php(498): CodeIgniter\CodeIgniter->createController()
 3 SYSTEMPATH\CodeIgniter.php(354): CodeIgniter\CodeIgniter->handleRequest(null, Object(Config\Cache), false)
 4 SYSTEMPATH\Boot.php(363): CodeIgniter\CodeIgniter->run()
 5 SYSTEMPATH\Boot.php(68): CodeIgniter\Boot::runCodeIgniter(Object(CodeIgniter\CodeIgniter))
 6 FCPATH\index.php(59): CodeIgniter\Boot::bootWeb(Object(Config\Paths))
 7 SYSTEMPATH\rewrite.php(44): require_once('C:\\Users\\Administrator\\Documents\\GITHUB\\KAPAL-FE-HTML\\home\\public\\index.php')
DEBUG - 2025-08-26 03:49:48 --> Session: Class initialized using 'CodeIgniter\Session\Handlers\FileHandler' driver.
WARNING - 2025-08-26 03:49:48 --> [DEPRECATED] Creation of dynamic property App\Controllers\Home::$session is deprecated in APPPATH\Controllers\BaseController.php on line 53.
 1 SYSTEMPATH\CodeIgniter.php(904): App\Controllers\BaseController->initController(Object(CodeIgniter\HTTP\IncomingRequest), Object(CodeIgniter\HTTP\Response), Object(CodeIgniter\Log\Logger))
 2 SYSTEMPATH\CodeIgniter.php(498): CodeIgniter\CodeIgniter->createController()
 3 SYSTEMPATH\CodeIgniter.php(354): CodeIgniter\CodeIgniter->handleRequest(null, Object(Config\Cache), false)
 4 SYSTEMPATH\Boot.php(363): CodeIgniter\CodeIgniter->run()
 5 SYSTEMPATH\Boot.php(68): CodeIgniter\Boot::runCodeIgniter(Object(CodeIgniter\CodeIgniter))
 6 FCPATH\index.php(59): CodeIgniter\Boot::bootWeb(Object(Config\Paths))
 7 SYSTEMPATH\rewrite.php(44): require_once('C:\\Users\\Administrator\\Documents\\GITHUB\\KAPAL-FE-HTML\\home\\public\\index.php')
DEBUG - 2025-08-26 03:49:52 --> Session: Class initialized using 'CodeIgniter\Session\Handlers\FileHandler' driver.
WARNING - 2025-08-26 03:49:52 --> [DEPRECATED] Creation of dynamic property App\Controllers\Home::$session is deprecated in APPPATH\Controllers\BaseController.php on line 53.
 1 SYSTEMPATH\CodeIgniter.php(904): App\Controllers\BaseController->initController(Object(CodeIgniter\HTTP\IncomingRequest), Object(CodeIgniter\HTTP\Response), Object(CodeIgniter\Log\Logger))
 2 SYSTEMPATH\CodeIgniter.php(498): CodeIgniter\CodeIgniter->createController()
 3 SYSTEMPATH\CodeIgniter.php(354): CodeIgniter\CodeIgniter->handleRequest(null, Object(Config\Cache), false)
 4 SYSTEMPATH\Boot.php(363): CodeIgniter\CodeIgniter->run()
 5 SYSTEMPATH\Boot.php(68): CodeIgniter\Boot::runCodeIgniter(Object(CodeIgniter\CodeIgniter))
 6 FCPATH\index.php(59): CodeIgniter\Boot::bootWeb(Object(Config\Paths))
 7 SYSTEMPATH\rewrite.php(44): require_once('C:\\Users\\Administrator\\Documents\\GITHUB\\KAPAL-FE-HTML\\home\\public\\index.php')
DEBUG - 2025-08-26 03:49:56 --> Session: Class initialized using 'CodeIgniter\Session\Handlers\FileHandler' driver.
WARNING - 2025-08-26 03:49:56 --> [DEPRECATED] Creation of dynamic property App\Controllers\Auth::$session is deprecated in APPPATH\Controllers\BaseController.php on line 53.
 1 SYSTEMPATH\CodeIgniter.php(904): App\Controllers\BaseController->initController(Object(CodeIgniter\HTTP\IncomingRequest), Object(CodeIgniter\HTTP\Response), Object(CodeIgniter\Log\Logger))
 2 SYSTEMPATH\CodeIgniter.php(498): CodeIgniter\CodeIgniter->createController()
 3 SYSTEMPATH\CodeIgniter.php(354): CodeIgniter\CodeIgniter->handleRequest(null, Object(Config\Cache), false)
 4 SYSTEMPATH\Boot.php(363): CodeIgniter\CodeIgniter->run()
 5 SYSTEMPATH\Boot.php(68): CodeIgniter\Boot::runCodeIgniter(Object(CodeIgniter\CodeIgniter))
 6 FCPATH\index.php(59): CodeIgniter\Boot::bootWeb(Object(Config\Paths))
 7 SYSTEMPATH\rewrite.php(44): require_once('C:\\Users\\Administrator\\Documents\\GITHUB\\KAPAL-FE-HTML\\home\\public\\index.php')
DEBUG - 2025-08-26 03:49:58 --> Session: Class initialized using 'CodeIgniter\Session\Handlers\FileHandler' driver.
WARNING - 2025-08-26 03:49:58 --> [DEPRECATED] Creation of dynamic property App\Controllers\Auth::$session is deprecated in APPPATH\Controllers\BaseController.php on line 53.
 1 SYSTEMPATH\CodeIgniter.php(904): App\Controllers\BaseController->initController(Object(CodeIgniter\HTTP\IncomingRequest), Object(CodeIgniter\HTTP\Response), Object(CodeIgniter\Log\Logger))
 2 SYSTEMPATH\CodeIgniter.php(498): CodeIgniter\CodeIgniter->createController()
 3 SYSTEMPATH\CodeIgniter.php(354): CodeIgniter\CodeIgniter->handleRequest(null, Object(Config\Cache), false)
 4 SYSTEMPATH\Boot.php(363): CodeIgniter\CodeIgniter->run()
 5 SYSTEMPATH\Boot.php(68): CodeIgniter\Boot::runCodeIgniter(Object(CodeIgniter\CodeIgniter))
 6 FCPATH\index.php(59): CodeIgniter\Boot::bootWeb(Object(Config\Paths))
 7 SYSTEMPATH\rewrite.php(44): require_once('C:\\Users\\Administrator\\Documents\\GITHUB\\KAPAL-FE-HTML\\home\\public\\index.php')
DEBUG - 2025-08-26 03:49:58 --> Session: Class initialized using 'CodeIgniter\Session\Handlers\FileHandler' driver.
WARNING - 2025-08-26 03:49:58 --> [DEPRECATED] Creation of dynamic property App\Controllers\Boats::$session is deprecated in APPPATH\Controllers\BaseController.php on line 53.
 1 SYSTEMPATH\CodeIgniter.php(904): App\Controllers\BaseController->initController(Object(CodeIgniter\HTTP\IncomingRequest), Object(CodeIgniter\HTTP\Response), Object(CodeIgniter\Log\Logger))
 2 SYSTEMPATH\CodeIgniter.php(498): CodeIgniter\CodeIgniter->createController()
 3 SYSTEMPATH\CodeIgniter.php(354): CodeIgniter\CodeIgniter->handleRequest(null, Object(Config\Cache), false)
 4 SYSTEMPATH\Boot.php(363): CodeIgniter\CodeIgniter->run()
 5 SYSTEMPATH\Boot.php(68): CodeIgniter\Boot::runCodeIgniter(Object(CodeIgniter\CodeIgniter))
 6 FCPATH\index.php(59): CodeIgniter\Boot::bootWeb(Object(Config\Paths))
 7 SYSTEMPATH\rewrite.php(44): require_once('C:\\Users\\Administrator\\Documents\\GITHUB\\KAPAL-FE-HTML\\home\\public\\index.php')
DEBUG - 2025-08-26 03:50:00 --> Session: Class initialized using 'CodeIgniter\Session\Handlers\FileHandler' driver.
WARNING - 2025-08-26 03:50:00 --> [DEPRECATED] Creation of dynamic property App\Controllers\Home::$session is deprecated in APPPATH\Controllers\BaseController.php on line 53.
 1 SYSTEMPATH\CodeIgniter.php(904): App\Controllers\BaseController->initController(Object(CodeIgniter\HTTP\IncomingRequest), Object(CodeIgniter\HTTP\Response), Object(CodeIgniter\Log\Logger))
 2 SYSTEMPATH\CodeIgniter.php(498): CodeIgniter\CodeIgniter->createController()
 3 SYSTEMPATH\CodeIgniter.php(354): CodeIgniter\CodeIgniter->handleRequest(null, Object(Config\Cache), false)
 4 SYSTEMPATH\Boot.php(363): CodeIgniter\CodeIgniter->run()
 5 SYSTEMPATH\Boot.php(68): CodeIgniter\Boot::runCodeIgniter(Object(CodeIgniter\CodeIgniter))
 6 FCPATH\index.php(59): CodeIgniter\Boot::bootWeb(Object(Config\Paths))
 7 SYSTEMPATH\rewrite.php(44): require_once('C:\\Users\\Administrator\\Documents\\GITHUB\\KAPAL-FE-HTML\\home\\public\\index.php')
DEBUG - 2025-08-26 03:50:13 --> Session: Class initialized using 'CodeIgniter\Session\Handlers\FileHandler' driver.
WARNING - 2025-08-26 03:50:13 --> [DEPRECATED] Creation of dynamic property App\Controllers\Boats::$session is deprecated in APPPATH\Controllers\BaseController.php on line 53.
 1 SYSTEMPATH\CodeIgniter.php(904): App\Controllers\BaseController->initController(Object(CodeIgniter\HTTP\IncomingRequest), Object(CodeIgniter\HTTP\Response), Object(CodeIgniter\Log\Logger))
 2 SYSTEMPATH\CodeIgniter.php(498): CodeIgniter\CodeIgniter->createController()
 3 SYSTEMPATH\CodeIgniter.php(354): CodeIgniter\CodeIgniter->handleRequest(null, Object(Config\Cache), false)
 4 SYSTEMPATH\Boot.php(363): CodeIgniter\CodeIgniter->run()
 5 SYSTEMPATH\Boot.php(68): CodeIgniter\Boot::runCodeIgniter(Object(CodeIgniter\CodeIgniter))
 6 FCPATH\index.php(59): CodeIgniter\Boot::bootWeb(Object(Config\Paths))
 7 SYSTEMPATH\rewrite.php(44): require_once('C:\\Users\\Administrator\\Documents\\GITHUB\\KAPAL-FE-HTML\\home\\public\\index.php')
DEBUG - 2025-08-26 03:50:23 --> Session: Class initialized using 'CodeIgniter\Session\Handlers\FileHandler' driver.
WARNING - 2025-08-26 03:50:23 --> [DEPRECATED] Creation of dynamic property App\Controllers\Home::$session is deprecated in APPPATH\Controllers\BaseController.php on line 53.
 1 SYSTEMPATH\CodeIgniter.php(904): App\Controllers\BaseController->initController(Object(CodeIgniter\HTTP\IncomingRequest), Object(CodeIgniter\HTTP\Response), Object(CodeIgniter\Log\Logger))
 2 SYSTEMPATH\CodeIgniter.php(498): CodeIgniter\CodeIgniter->createController()
 3 SYSTEMPATH\CodeIgniter.php(354): CodeIgniter\CodeIgniter->handleRequest(null, Object(Config\Cache), false)
 4 SYSTEMPATH\Boot.php(363): CodeIgniter\CodeIgniter->run()
 5 SYSTEMPATH\Boot.php(68): CodeIgniter\Boot::runCodeIgniter(Object(CodeIgniter\CodeIgniter))
 6 FCPATH\index.php(59): CodeIgniter\Boot::bootWeb(Object(Config\Paths))
 7 SYSTEMPATH\rewrite.php(44): require_once('C:\\Users\\Administrator\\Documents\\GITHUB\\KAPAL-FE-HTML\\home\\public\\index.php')
DEBUG - 2025-08-26 03:50:25 --> Session: Class initialized using 'CodeIgniter\Session\Handlers\FileHandler' driver.
WARNING - 2025-08-26 03:50:25 --> [DEPRECATED] Creation of dynamic property App\Controllers\Home::$session is deprecated in APPPATH\Controllers\BaseController.php on line 53.
 1 SYSTEMPATH\CodeIgniter.php(904): App\Controllers\BaseController->initController(Object(CodeIgniter\HTTP\IncomingRequest), Object(CodeIgniter\HTTP\Response), Object(CodeIgniter\Log\Logger))
 2 SYSTEMPATH\CodeIgniter.php(498): CodeIgniter\CodeIgniter->createController()
 3 SYSTEMPATH\CodeIgniter.php(354): CodeIgniter\CodeIgniter->handleRequest(null, Object(Config\Cache), false)
 4 SYSTEMPATH\Boot.php(363): CodeIgniter\CodeIgniter->run()
 5 SYSTEMPATH\Boot.php(68): CodeIgniter\Boot::runCodeIgniter(Object(CodeIgniter\CodeIgniter))
 6 FCPATH\index.php(59): CodeIgniter\Boot::bootWeb(Object(Config\Paths))
 7 SYSTEMPATH\rewrite.php(44): require_once('C:\\Users\\Administrator\\Documents\\GITHUB\\KAPAL-FE-HTML\\home\\public\\index.php')
DEBUG - 2025-08-26 03:50:54 --> Session: Class initialized using 'CodeIgniter\Session\Handlers\FileHandler' driver.
WARNING - 2025-08-26 03:50:54 --> [DEPRECATED] Creation of dynamic property App\Controllers\Home::$session is deprecated in APPPATH\Controllers\BaseController.php on line 53.
 1 SYSTEMPATH\CodeIgniter.php(904): App\Controllers\BaseController->initController(Object(CodeIgniter\HTTP\IncomingRequest), Object(CodeIgniter\HTTP\Response), Object(CodeIgniter\Log\Logger))
 2 SYSTEMPATH\CodeIgniter.php(498): CodeIgniter\CodeIgniter->createController()
 3 SYSTEMPATH\CodeIgniter.php(354): CodeIgniter\CodeIgniter->handleRequest(null, Object(Config\Cache), false)
 4 SYSTEMPATH\Boot.php(363): CodeIgniter\CodeIgniter->run()
 5 SYSTEMPATH\Boot.php(68): CodeIgniter\Boot::runCodeIgniter(Object(CodeIgniter\CodeIgniter))
 6 FCPATH\index.php(59): CodeIgniter\Boot::bootWeb(Object(Config\Paths))
 7 SYSTEMPATH\rewrite.php(44): require_once('C:\\Users\\Administrator\\Documents\\GITHUB\\KAPAL-FE-HTML\\home\\public\\index.php')
DEBUG - 2025-08-26 03:51:11 --> Session: Class initialized using 'CodeIgniter\Session\Handlers\FileHandler' driver.
WARNING - 2025-08-26 03:51:11 --> [DEPRECATED] Creation of dynamic property App\Controllers\Boats::$session is deprecated in APPPATH\Controllers\BaseController.php on line 53.
 1 SYSTEMPATH\CodeIgniter.php(904): App\Controllers\BaseController->initController(Object(CodeIgniter\HTTP\IncomingRequest), Object(CodeIgniter\HTTP\Response), Object(CodeIgniter\Log\Logger))
 2 SYSTEMPATH\CodeIgniter.php(498): CodeIgniter\CodeIgniter->createController()
 3 SYSTEMPATH\CodeIgniter.php(354): CodeIgniter\CodeIgniter->handleRequest(null, Object(Config\Cache), false)
 4 SYSTEMPATH\Boot.php(363): CodeIgniter\CodeIgniter->run()
 5 SYSTEMPATH\Boot.php(68): CodeIgniter\Boot::runCodeIgniter(Object(CodeIgniter\CodeIgniter))
 6 FCPATH\index.php(59): CodeIgniter\Boot::bootWeb(Object(Config\Paths))
 7 SYSTEMPATH\rewrite.php(44): require_once('C:\\Users\\Administrator\\Documents\\GITHUB\\KAPAL-FE-HTML\\home\\public\\index.php')
DEBUG - 2025-08-26 03:51:44 --> Session: Class initialized using 'CodeIgniter\Session\Handlers\FileHandler' driver.
WARNING - 2025-08-26 03:51:44 --> [DEPRECATED] Creation of dynamic property App\Controllers\Home::$session is deprecated in APPPATH\Controllers\BaseController.php on line 53.
 1 SYSTEMPATH\CodeIgniter.php(904): App\Controllers\BaseController->initController(Object(CodeIgniter\HTTP\IncomingRequest), Object(CodeIgniter\HTTP\Response), Object(CodeIgniter\Log\Logger))
 2 SYSTEMPATH\CodeIgniter.php(498): CodeIgniter\CodeIgniter->createController()
 3 SYSTEMPATH\CodeIgniter.php(354): CodeIgniter\CodeIgniter->handleRequest(null, Object(Config\Cache), false)
 4 SYSTEMPATH\Boot.php(363): CodeIgniter\CodeIgniter->run()
 5 SYSTEMPATH\Boot.php(68): CodeIgniter\Boot::runCodeIgniter(Object(CodeIgniter\CodeIgniter))
 6 FCPATH\index.php(59): CodeIgniter\Boot::bootWeb(Object(Config\Paths))
 7 SYSTEMPATH\rewrite.php(44): require_once('C:\\Users\\Administrator\\Documents\\GITHUB\\KAPAL-FE-HTML\\home\\public\\index.php')
DEBUG - 2025-08-26 03:55:22 --> Session: Class initialized using 'CodeIgniter\Session\Handlers\FileHandler' driver.
WARNING - 2025-08-26 03:55:22 --> [DEPRECATED] Creation of dynamic property App\Controllers\Boats::$session is deprecated in APPPATH\Controllers\BaseController.php on line 53.
 1 SYSTEMPATH\CodeIgniter.php(904): App\Controllers\BaseController->initController(Object(CodeIgniter\HTTP\IncomingRequest), Object(CodeIgniter\HTTP\Response), Object(CodeIgniter\Log\Logger))
 2 SYSTEMPATH\CodeIgniter.php(498): CodeIgniter\CodeIgniter->createController()
 3 SYSTEMPATH\CodeIgniter.php(354): CodeIgniter\CodeIgniter->handleRequest(null, Object(Config\Cache), false)
 4 SYSTEMPATH\Boot.php(363): CodeIgniter\CodeIgniter->run()
 5 SYSTEMPATH\Boot.php(68): CodeIgniter\Boot::runCodeIgniter(Object(CodeIgniter\CodeIgniter))
 6 FCPATH\index.php(59): CodeIgniter\Boot::bootWeb(Object(Config\Paths))
 7 SYSTEMPATH\rewrite.php(44): require_once('C:\\Users\\Administrator\\Documents\\GITHUB\\KAPAL-FE-HTML\\home\\public\\index.php')
DEBUG - 2025-08-26 06:03:22 --> Session: Class initialized using 'CodeIgniter\Session\Handlers\FileHandler' driver.
DEBUG - 2025-08-26 06:03:22 --> Session: Class initialized using 'CodeIgniter\Session\Handlers\FileHandler' driver.
WARNING - 2025-08-26 06:03:22 --> [DEPRECATED] Creation of dynamic property App\Controllers\Auth::$session is deprecated in APPPATH\Controllers\BaseController.php on line 53.
 1 SYSTEMPATH\CodeIgniter.php(904): App\Controllers\BaseController->initController(Object(CodeIgniter\HTTP\IncomingRequest), Object(CodeIgniter\HTTP\Response), Object(CodeIgniter\Log\Logger))
 2 SYSTEMPATH\CodeIgniter.php(498): CodeIgniter\CodeIgniter->createController()
 3 SYSTEMPATH\CodeIgniter.php(354): CodeIgniter\CodeIgniter->handleRequest(null, Object(Config\Cache), false)
 4 SYSTEMPATH\Boot.php(363): CodeIgniter\CodeIgniter->run()
 5 SYSTEMPATH\Boot.php(68): CodeIgniter\Boot::runCodeIgniter(Object(CodeIgniter\CodeIgniter))
 6 FCPATH\index.php(59): CodeIgniter\Boot::bootWeb(Object(Config\Paths))
 7 SYSTEMPATH\rewrite.php(44): require_once('C:\\Users\\Administrator\\Documents\\GITHUB\\KAPAL-FE-HTML\\home\\public\\index.php')
DEBUG - 2025-08-26 06:03:24 --> Session: Class initialized using 'CodeIgniter\Session\Handlers\FileHandler' driver.
WARNING - 2025-08-26 06:03:24 --> [DEPRECATED] Creation of dynamic property App\Controllers\Auth::$session is deprecated in APPPATH\Controllers\BaseController.php on line 53.
 1 SYSTEMPATH\CodeIgniter.php(904): App\Controllers\BaseController->initController(Object(CodeIgniter\HTTP\IncomingRequest), Object(CodeIgniter\HTTP\Response), Object(CodeIgniter\Log\Logger))
 2 SYSTEMPATH\CodeIgniter.php(498): CodeIgniter\CodeIgniter->createController()
 3 SYSTEMPATH\CodeIgniter.php(354): CodeIgniter\CodeIgniter->handleRequest(null, Object(Config\Cache), false)
 4 SYSTEMPATH\Boot.php(363): CodeIgniter\CodeIgniter->run()
 5 SYSTEMPATH\Boot.php(68): CodeIgniter\Boot::runCodeIgniter(Object(CodeIgniter\CodeIgniter))
 6 FCPATH\index.php(59): CodeIgniter\Boot::bootWeb(Object(Config\Paths))
 7 SYSTEMPATH\rewrite.php(44): require_once('C:\\Users\\Administrator\\Documents\\GITHUB\\KAPAL-FE-HTML\\home\\public\\index.php')
DEBUG - 2025-08-26 06:03:24 --> Session: Class initialized using 'CodeIgniter\Session\Handlers\FileHandler' driver.
WARNING - 2025-08-26 06:03:24 --> [DEPRECATED] Creation of dynamic property App\Controllers\Boats::$session is deprecated in APPPATH\Controllers\BaseController.php on line 53.
 1 SYSTEMPATH\CodeIgniter.php(904): App\Controllers\BaseController->initController(Object(CodeIgniter\HTTP\IncomingRequest), Object(CodeIgniter\HTTP\Response), Object(CodeIgniter\Log\Logger))
 2 SYSTEMPATH\CodeIgniter.php(498): CodeIgniter\CodeIgniter->createController()
 3 SYSTEMPATH\CodeIgniter.php(354): CodeIgniter\CodeIgniter->handleRequest(null, Object(Config\Cache), false)
 4 SYSTEMPATH\Boot.php(363): CodeIgniter\CodeIgniter->run()
 5 SYSTEMPATH\Boot.php(68): CodeIgniter\Boot::runCodeIgniter(Object(CodeIgniter\CodeIgniter))
 6 FCPATH\index.php(59): CodeIgniter\Boot::bootWeb(Object(Config\Paths))
 7 SYSTEMPATH\rewrite.php(44): require_once('C:\\Users\\Administrator\\Documents\\GITHUB\\KAPAL-FE-HTML\\home\\public\\index.php')
DEBUG - 2025-08-26 06:03:28 --> Session: Class initialized using 'CodeIgniter\Session\Handlers\FileHandler' driver.
WARNING - 2025-08-26 06:03:28 --> [DEPRECATED] Creation of dynamic property App\Controllers\Home::$session is deprecated in APPPATH\Controllers\BaseController.php on line 53.
 1 SYSTEMPATH\CodeIgniter.php(904): App\Controllers\BaseController->initController(Object(CodeIgniter\HTTP\IncomingRequest), Object(CodeIgniter\HTTP\Response), Object(CodeIgniter\Log\Logger))
 2 SYSTEMPATH\CodeIgniter.php(498): CodeIgniter\CodeIgniter->createController()
 3 SYSTEMPATH\CodeIgniter.php(354): CodeIgniter\CodeIgniter->handleRequest(null, Object(Config\Cache), false)
 4 SYSTEMPATH\Boot.php(363): CodeIgniter\CodeIgniter->run()
 5 SYSTEMPATH\Boot.php(68): CodeIgniter\Boot::runCodeIgniter(Object(CodeIgniter\CodeIgniter))
 6 FCPATH\index.php(59): CodeIgniter\Boot::bootWeb(Object(Config\Paths))
 7 SYSTEMPATH\rewrite.php(44): require_once('C:\\Users\\Administrator\\Documents\\GITHUB\\KAPAL-FE-HTML\\home\\public\\index.php')
DEBUG - 2025-08-26 06:04:29 --> Session: Class initialized using 'CodeIgniter\Session\Handlers\FileHandler' driver.
WARNING - 2025-08-26 06:04:29 --> [DEPRECATED] Creation of dynamic property App\Controllers\Home::$session is deprecated in APPPATH\Controllers\BaseController.php on line 53.
 1 SYSTEMPATH\CodeIgniter.php(904): App\Controllers\BaseController->initController(Object(CodeIgniter\HTTP\IncomingRequest), Object(CodeIgniter\HTTP\Response), Object(CodeIgniter\Log\Logger))
 2 SYSTEMPATH\CodeIgniter.php(498): CodeIgniter\CodeIgniter->createController()
 3 SYSTEMPATH\CodeIgniter.php(354): CodeIgniter\CodeIgniter->handleRequest(null, Object(Config\Cache), false)
 4 SYSTEMPATH\Boot.php(363): CodeIgniter\CodeIgniter->run()
 5 SYSTEMPATH\Boot.php(68): CodeIgniter\Boot::runCodeIgniter(Object(CodeIgniter\CodeIgniter))
 6 FCPATH\index.php(59): CodeIgniter\Boot::bootWeb(Object(Config\Paths))
 7 SYSTEMPATH\rewrite.php(44): require_once('C:\\Users\\Administrator\\Documents\\GITHUB\\KAPAL-FE-HTML\\home\\public\\index.php')
DEBUG - 2025-08-26 06:04:34 --> Session: Class initialized using 'CodeIgniter\Session\Handlers\FileHandler' driver.
WARNING - 2025-08-26 06:04:34 --> [DEPRECATED] Creation of dynamic property App\Controllers\Gallery::$session is deprecated in APPPATH\Controllers\BaseController.php on line 53.
 1 SYSTEMPATH\CodeIgniter.php(904): App\Controllers\BaseController->initController(Object(CodeIgniter\HTTP\IncomingRequest), Object(CodeIgniter\HTTP\Response), Object(CodeIgniter\Log\Logger))
 2 SYSTEMPATH\CodeIgniter.php(498): CodeIgniter\CodeIgniter->createController()
 3 SYSTEMPATH\CodeIgniter.php(354): CodeIgniter\CodeIgniter->handleRequest(null, Object(Config\Cache), false)
 4 SYSTEMPATH\Boot.php(363): CodeIgniter\CodeIgniter->run()
 5 SYSTEMPATH\Boot.php(68): CodeIgniter\Boot::runCodeIgniter(Object(CodeIgniter\CodeIgniter))
 6 FCPATH\index.php(59): CodeIgniter\Boot::bootWeb(Object(Config\Paths))
 7 SYSTEMPATH\rewrite.php(44): require_once('C:\\Users\\Administrator\\Documents\\GITHUB\\KAPAL-FE-HTML\\home\\public\\index.php')
DEBUG - 2025-08-26 06:04:37 --> Session: Class initialized using 'CodeIgniter\Session\Handlers\FileHandler' driver.
WARNING - 2025-08-26 06:04:37 --> [DEPRECATED] Creation of dynamic property App\Controllers\Gallery::$session is deprecated in APPPATH\Controllers\BaseController.php on line 53.
 1 SYSTEMPATH\CodeIgniter.php(904): App\Controllers\BaseController->initController(Object(CodeIgniter\HTTP\IncomingRequest), Object(CodeIgniter\HTTP\Response), Object(CodeIgniter\Log\Logger))
 2 SYSTEMPATH\CodeIgniter.php(498): CodeIgniter\CodeIgniter->createController()
 3 SYSTEMPATH\CodeIgniter.php(354): CodeIgniter\CodeIgniter->handleRequest(null, Object(Config\Cache), false)
 4 SYSTEMPATH\Boot.php(363): CodeIgniter\CodeIgniter->run()
 5 SYSTEMPATH\Boot.php(68): CodeIgniter\Boot::runCodeIgniter(Object(CodeIgniter\CodeIgniter))
 6 FCPATH\index.php(59): CodeIgniter\Boot::bootWeb(Object(Config\Paths))
 7 SYSTEMPATH\rewrite.php(44): require_once('C:\\Users\\Administrator\\Documents\\GITHUB\\KAPAL-FE-HTML\\home\\public\\index.php')
DEBUG - 2025-08-26 06:04:38 --> Session: Class initialized using 'CodeIgniter\Session\Handlers\FileHandler' driver.
WARNING - 2025-08-26 06:04:38 --> [DEPRECATED] Creation of dynamic property App\Controllers\Gallery::$session is deprecated in APPPATH\Controllers\BaseController.php on line 53.
 1 SYSTEMPATH\CodeIgniter.php(904): App\Controllers\BaseController->initController(Object(CodeIgniter\HTTP\IncomingRequest), Object(CodeIgniter\HTTP\Response), Object(CodeIgniter\Log\Logger))
 2 SYSTEMPATH\CodeIgniter.php(498): CodeIgniter\CodeIgniter->createController()
 3 SYSTEMPATH\CodeIgniter.php(354): CodeIgniter\CodeIgniter->handleRequest(null, Object(Config\Cache), false)
 4 SYSTEMPATH\Boot.php(363): CodeIgniter\CodeIgniter->run()
 5 SYSTEMPATH\Boot.php(68): CodeIgniter\Boot::runCodeIgniter(Object(CodeIgniter\CodeIgniter))
 6 FCPATH\index.php(59): CodeIgniter\Boot::bootWeb(Object(Config\Paths))
 7 SYSTEMPATH\rewrite.php(44): require_once('C:\\Users\\Administrator\\Documents\\GITHUB\\KAPAL-FE-HTML\\home\\public\\index.php')
DEBUG - 2025-08-26 06:04:39 --> Session: Class initialized using 'CodeIgniter\Session\Handlers\FileHandler' driver.
WARNING - 2025-08-26 06:04:39 --> [DEPRECATED] Creation of dynamic property App\Controllers\Gallery::$session is deprecated in APPPATH\Controllers\BaseController.php on line 53.
 1 SYSTEMPATH\CodeIgniter.php(904): App\Controllers\BaseController->initController(Object(CodeIgniter\HTTP\IncomingRequest), Object(CodeIgniter\HTTP\Response), Object(CodeIgniter\Log\Logger))
 2 SYSTEMPATH\CodeIgniter.php(498): CodeIgniter\CodeIgniter->createController()
 3 SYSTEMPATH\CodeIgniter.php(354): CodeIgniter\CodeIgniter->handleRequest(null, Object(Config\Cache), false)
 4 SYSTEMPATH\Boot.php(363): CodeIgniter\CodeIgniter->run()
 5 SYSTEMPATH\Boot.php(68): CodeIgniter\Boot::runCodeIgniter(Object(CodeIgniter\CodeIgniter))
 6 FCPATH\index.php(59): CodeIgniter\Boot::bootWeb(Object(Config\Paths))
 7 SYSTEMPATH\rewrite.php(44): require_once('C:\\Users\\Administrator\\Documents\\GITHUB\\KAPAL-FE-HTML\\home\\public\\index.php')
DEBUG - 2025-08-26 06:04:40 --> Session: Class initialized using 'CodeIgniter\Session\Handlers\FileHandler' driver.
WARNING - 2025-08-26 06:04:40 --> [DEPRECATED] Creation of dynamic property App\Controllers\Gallery::$session is deprecated in APPPATH\Controllers\BaseController.php on line 53.
 1 SYSTEMPATH\CodeIgniter.php(904): App\Controllers\BaseController->initController(Object(CodeIgniter\HTTP\IncomingRequest), Object(CodeIgniter\HTTP\Response), Object(CodeIgniter\Log\Logger))
 2 SYSTEMPATH\CodeIgniter.php(498): CodeIgniter\CodeIgniter->createController()
 3 SYSTEMPATH\CodeIgniter.php(354): CodeIgniter\CodeIgniter->handleRequest(null, Object(Config\Cache), false)
 4 SYSTEMPATH\Boot.php(363): CodeIgniter\CodeIgniter->run()
 5 SYSTEMPATH\Boot.php(68): CodeIgniter\Boot::runCodeIgniter(Object(CodeIgniter\CodeIgniter))
 6 FCPATH\index.php(59): CodeIgniter\Boot::bootWeb(Object(Config\Paths))
 7 SYSTEMPATH\rewrite.php(44): require_once('C:\\Users\\Administrator\\Documents\\GITHUB\\KAPAL-FE-HTML\\home\\public\\index.php')
DEBUG - 2025-08-26 06:04:41 --> Session: Class initialized using 'CodeIgniter\Session\Handlers\FileHandler' driver.
WARNING - 2025-08-26 06:04:41 --> [DEPRECATED] Creation of dynamic property App\Controllers\Gallery::$session is deprecated in APPPATH\Controllers\BaseController.php on line 53.
 1 SYSTEMPATH\CodeIgniter.php(904): App\Controllers\BaseController->initController(Object(CodeIgniter\HTTP\IncomingRequest), Object(CodeIgniter\HTTP\Response), Object(CodeIgniter\Log\Logger))
 2 SYSTEMPATH\CodeIgniter.php(498): CodeIgniter\CodeIgniter->createController()
 3 SYSTEMPATH\CodeIgniter.php(354): CodeIgniter\CodeIgniter->handleRequest(null, Object(Config\Cache), false)
 4 SYSTEMPATH\Boot.php(363): CodeIgniter\CodeIgniter->run()
 5 SYSTEMPATH\Boot.php(68): CodeIgniter\Boot::runCodeIgniter(Object(CodeIgniter\CodeIgniter))
 6 FCPATH\index.php(59): CodeIgniter\Boot::bootWeb(Object(Config\Paths))
 7 SYSTEMPATH\rewrite.php(44): require_once('C:\\Users\\Administrator\\Documents\\GITHUB\\KAPAL-FE-HTML\\home\\public\\index.php')
DEBUG - 2025-08-26 06:04:49 --> Session: Class initialized using 'CodeIgniter\Session\Handlers\FileHandler' driver.
WARNING - 2025-08-26 06:04:49 --> [DEPRECATED] Creation of dynamic property App\Controllers\Blog::$session is deprecated in APPPATH\Controllers\BaseController.php on line 53.
 1 SYSTEMPATH\CodeIgniter.php(904): App\Controllers\BaseController->initController(Object(CodeIgniter\HTTP\IncomingRequest), Object(CodeIgniter\HTTP\Response), Object(CodeIgniter\Log\Logger))
 2 SYSTEMPATH\CodeIgniter.php(498): CodeIgniter\CodeIgniter->createController()
 3 SYSTEMPATH\CodeIgniter.php(354): CodeIgniter\CodeIgniter->handleRequest(null, Object(Config\Cache), false)
 4 SYSTEMPATH\Boot.php(363): CodeIgniter\CodeIgniter->run()
 5 SYSTEMPATH\Boot.php(68): CodeIgniter\Boot::runCodeIgniter(Object(CodeIgniter\CodeIgniter))
 6 FCPATH\index.php(59): CodeIgniter\Boot::bootWeb(Object(Config\Paths))
 7 SYSTEMPATH\rewrite.php(44): require_once('C:\\Users\\Administrator\\Documents\\GITHUB\\KAPAL-FE-HTML\\home\\public\\index.php')
DEBUG - 2025-08-26 06:05:00 --> Session: Class initialized using 'CodeIgniter\Session\Handlers\FileHandler' driver.
WARNING - 2025-08-26 06:05:00 --> [DEPRECATED] Creation of dynamic property App\Controllers\Contact::$session is deprecated in APPPATH\Controllers\BaseController.php on line 53.
 1 SYSTEMPATH\CodeIgniter.php(904): App\Controllers\BaseController->initController(Object(CodeIgniter\HTTP\IncomingRequest), Object(CodeIgniter\HTTP\Response), Object(CodeIgniter\Log\Logger))
 2 SYSTEMPATH\CodeIgniter.php(498): CodeIgniter\CodeIgniter->createController()
 3 SYSTEMPATH\CodeIgniter.php(354): CodeIgniter\CodeIgniter->handleRequest(null, Object(Config\Cache), false)
 4 SYSTEMPATH\Boot.php(363): CodeIgniter\CodeIgniter->run()
 5 SYSTEMPATH\Boot.php(68): CodeIgniter\Boot::runCodeIgniter(Object(CodeIgniter\CodeIgniter))
 6 FCPATH\index.php(59): CodeIgniter\Boot::bootWeb(Object(Config\Paths))
 7 SYSTEMPATH\rewrite.php(44): require_once('C:\\Users\\Administrator\\Documents\\GITHUB\\KAPAL-FE-HTML\\home\\public\\index.php')
DEBUG - 2025-08-26 06:05:04 --> Session: Class initialized using 'CodeIgniter\Session\Handlers\FileHandler' driver.
WARNING - 2025-08-26 06:05:04 --> [DEPRECATED] Creation of dynamic property App\Controllers\About::$session is deprecated in APPPATH\Controllers\BaseController.php on line 53.
 1 SYSTEMPATH\CodeIgniter.php(904): App\Controllers\BaseController->initController(Object(CodeIgniter\HTTP\IncomingRequest), Object(CodeIgniter\HTTP\Response), Object(CodeIgniter\Log\Logger))
 2 SYSTEMPATH\CodeIgniter.php(498): CodeIgniter\CodeIgniter->createController()
 3 SYSTEMPATH\CodeIgniter.php(354): CodeIgniter\CodeIgniter->handleRequest(null, Object(Config\Cache), false)
 4 SYSTEMPATH\Boot.php(363): CodeIgniter\CodeIgniter->run()
 5 SYSTEMPATH\Boot.php(68): CodeIgniter\Boot::runCodeIgniter(Object(CodeIgniter\CodeIgniter))
 6 FCPATH\index.php(59): CodeIgniter\Boot::bootWeb(Object(Config\Paths))
 7 SYSTEMPATH\rewrite.php(44): require_once('C:\\Users\\Administrator\\Documents\\GITHUB\\KAPAL-FE-HTML\\home\\public\\index.php')
DEBUG - 2025-08-26 06:05:06 --> Session: Class initialized using 'CodeIgniter\Session\Handlers\FileHandler' driver.
WARNING - 2025-08-26 06:05:06 --> [DEPRECATED] Creation of dynamic property App\Controllers\About::$session is deprecated in APPPATH\Controllers\BaseController.php on line 53.
 1 SYSTEMPATH\CodeIgniter.php(904): App\Controllers\BaseController->initController(Object(CodeIgniter\HTTP\IncomingRequest), Object(CodeIgniter\HTTP\Response), Object(CodeIgniter\Log\Logger))
 2 SYSTEMPATH\CodeIgniter.php(498): CodeIgniter\CodeIgniter->createController()
 3 SYSTEMPATH\CodeIgniter.php(354): CodeIgniter\CodeIgniter->handleRequest(null, Object(Config\Cache), false)
 4 SYSTEMPATH\Boot.php(363): CodeIgniter\CodeIgniter->run()
 5 SYSTEMPATH\Boot.php(68): CodeIgniter\Boot::runCodeIgniter(Object(CodeIgniter\CodeIgniter))
 6 FCPATH\index.php(59): CodeIgniter\Boot::bootWeb(Object(Config\Paths))
 7 SYSTEMPATH\rewrite.php(44): require_once('C:\\Users\\Administrator\\Documents\\GITHUB\\KAPAL-FE-HTML\\home\\public\\index.php')
DEBUG - 2025-08-26 06:05:08 --> Session: Class initialized using 'CodeIgniter\Session\Handlers\FileHandler' driver.
WARNING - 2025-08-26 06:05:08 --> [DEPRECATED] Creation of dynamic property App\Controllers\Contact::$session is deprecated in APPPATH\Controllers\BaseController.php on line 53.
 1 SYSTEMPATH\CodeIgniter.php(904): App\Controllers\BaseController->initController(Object(CodeIgniter\HTTP\IncomingRequest), Object(CodeIgniter\HTTP\Response), Object(CodeIgniter\Log\Logger))
 2 SYSTEMPATH\CodeIgniter.php(498): CodeIgniter\CodeIgniter->createController()
 3 SYSTEMPATH\CodeIgniter.php(354): CodeIgniter\CodeIgniter->handleRequest(null, Object(Config\Cache), false)
 4 SYSTEMPATH\Boot.php(363): CodeIgniter\CodeIgniter->run()
 5 SYSTEMPATH\Boot.php(68): CodeIgniter\Boot::runCodeIgniter(Object(CodeIgniter\CodeIgniter))
 6 FCPATH\index.php(59): CodeIgniter\Boot::bootWeb(Object(Config\Paths))
 7 SYSTEMPATH\rewrite.php(44): require_once('C:\\Users\\Administrator\\Documents\\GITHUB\\KAPAL-FE-HTML\\home\\public\\index.php')
DEBUG - 2025-08-26 06:05:12 --> Session: Class initialized using 'CodeIgniter\Session\Handlers\FileHandler' driver.
WARNING - 2025-08-26 06:05:12 --> [DEPRECATED] Creation of dynamic property App\Controllers\Faq::$session is deprecated in APPPATH\Controllers\BaseController.php on line 53.
 1 SYSTEMPATH\CodeIgniter.php(904): App\Controllers\BaseController->initController(Object(CodeIgniter\HTTP\IncomingRequest), Object(CodeIgniter\HTTP\Response), Object(CodeIgniter\Log\Logger))
 2 SYSTEMPATH\CodeIgniter.php(498): CodeIgniter\CodeIgniter->createController()
 3 SYSTEMPATH\CodeIgniter.php(354): CodeIgniter\CodeIgniter->handleRequest(null, Object(Config\Cache), false)
 4 SYSTEMPATH\Boot.php(363): CodeIgniter\CodeIgniter->run()
 5 SYSTEMPATH\Boot.php(68): CodeIgniter\Boot::runCodeIgniter(Object(CodeIgniter\CodeIgniter))
 6 FCPATH\index.php(59): CodeIgniter\Boot::bootWeb(Object(Config\Paths))
 7 SYSTEMPATH\rewrite.php(44): require_once('C:\\Users\\Administrator\\Documents\\GITHUB\\KAPAL-FE-HTML\\home\\public\\index.php')
DEBUG - 2025-08-26 06:05:15 --> Session: Class initialized using 'CodeIgniter\Session\Handlers\FileHandler' driver.
WARNING - 2025-08-26 06:05:15 --> [DEPRECATED] Creation of dynamic property App\Controllers\Contact::$session is deprecated in APPPATH\Controllers\BaseController.php on line 53.
 1 SYSTEMPATH\CodeIgniter.php(904): App\Controllers\BaseController->initController(Object(CodeIgniter\HTTP\IncomingRequest), Object(CodeIgniter\HTTP\Response), Object(CodeIgniter\Log\Logger))
 2 SYSTEMPATH\CodeIgniter.php(498): CodeIgniter\CodeIgniter->createController()
 3 SYSTEMPATH\CodeIgniter.php(354): CodeIgniter\CodeIgniter->handleRequest(null, Object(Config\Cache), false)
 4 SYSTEMPATH\Boot.php(363): CodeIgniter\CodeIgniter->run()
 5 SYSTEMPATH\Boot.php(68): CodeIgniter\Boot::runCodeIgniter(Object(CodeIgniter\CodeIgniter))
 6 FCPATH\index.php(59): CodeIgniter\Boot::bootWeb(Object(Config\Paths))
 7 SYSTEMPATH\rewrite.php(44): require_once('C:\\Users\\Administrator\\Documents\\GITHUB\\KAPAL-FE-HTML\\home\\public\\index.php')
DEBUG - 2025-08-26 06:05:54 --> Session: Class initialized using 'CodeIgniter\Session\Handlers\FileHandler' driver.
WARNING - 2025-08-26 06:05:54 --> [DEPRECATED] Creation of dynamic property App\Controllers\Contact::$session is deprecated in APPPATH\Controllers\BaseController.php on line 53.
 1 SYSTEMPATH\CodeIgniter.php(904): App\Controllers\BaseController->initController(Object(CodeIgniter\HTTP\IncomingRequest), Object(CodeIgniter\HTTP\Response), Object(CodeIgniter\Log\Logger))
 2 SYSTEMPATH\CodeIgniter.php(498): CodeIgniter\CodeIgniter->createController()
 3 SYSTEMPATH\CodeIgniter.php(354): CodeIgniter\CodeIgniter->handleRequest(null, Object(Config\Cache), false)
 4 SYSTEMPATH\Boot.php(363): CodeIgniter\CodeIgniter->run()
 5 SYSTEMPATH\Boot.php(68): CodeIgniter\Boot::runCodeIgniter(Object(CodeIgniter\CodeIgniter))
 6 FCPATH\index.php(59): CodeIgniter\Boot::bootWeb(Object(Config\Paths))
 7 SYSTEMPATH\rewrite.php(44): require_once('C:\\Users\\Administrator\\Documents\\GITHUB\\KAPAL-FE-HTML\\home\\public\\index.php')
DEBUG - 2025-08-26 06:05:54 --> Session: Class initialized using 'CodeIgniter\Session\Handlers\FileHandler' driver.
WARNING - 2025-08-26 06:05:54 --> [DEPRECATED] Creation of dynamic property App\Controllers\Contact::$session is deprecated in APPPATH\Controllers\BaseController.php on line 53.
 1 SYSTEMPATH\CodeIgniter.php(904): App\Controllers\BaseController->initController(Object(CodeIgniter\HTTP\IncomingRequest), Object(CodeIgniter\HTTP\Response), Object(CodeIgniter\Log\Logger))
 2 SYSTEMPATH\CodeIgniter.php(498): CodeIgniter\CodeIgniter->createController()
 3 SYSTEMPATH\CodeIgniter.php(354): CodeIgniter\CodeIgniter->handleRequest(null, Object(Config\Cache), false)
 4 SYSTEMPATH\Boot.php(363): CodeIgniter\CodeIgniter->run()
 5 SYSTEMPATH\Boot.php(68): CodeIgniter\Boot::runCodeIgniter(Object(CodeIgniter\CodeIgniter))
 6 FCPATH\index.php(59): CodeIgniter\Boot::bootWeb(Object(Config\Paths))
 7 SYSTEMPATH\rewrite.php(44): require_once('C:\\Users\\Administrator\\Documents\\GITHUB\\KAPAL-FE-HTML\\home\\public\\index.php')
DEBUG - 2025-08-26 06:13:45 --> Session: Class initialized using 'CodeIgniter\Session\Handlers\FileHandler' driver.
WARNING - 2025-08-26 06:13:45 --> [DEPRECATED] Creation of dynamic property App\Controllers\Contact::$session is deprecated in APPPATH\Controllers\BaseController.php on line 53.
 1 SYSTEMPATH\CodeIgniter.php(904): App\Controllers\BaseController->initController(Object(CodeIgniter\HTTP\IncomingRequest), Object(CodeIgniter\HTTP\Response), Object(CodeIgniter\Log\Logger))
 2 SYSTEMPATH\CodeIgniter.php(498): CodeIgniter\CodeIgniter->createController()
 3 SYSTEMPATH\CodeIgniter.php(354): CodeIgniter\CodeIgniter->handleRequest(null, Object(Config\Cache), false)
 4 SYSTEMPATH\Boot.php(363): CodeIgniter\CodeIgniter->run()
 5 SYSTEMPATH\Boot.php(68): CodeIgniter\Boot::runCodeIgniter(Object(CodeIgniter\CodeIgniter))
 6 FCPATH\index.php(59): CodeIgniter\Boot::bootWeb(Object(Config\Paths))
 7 SYSTEMPATH\rewrite.php(44): require_once('C:\\Users\\Administrator\\Documents\\GITHUB\\KAPAL-FE-HTML\\home\\public\\index.php')
DEBUG - 2025-08-26 06:14:17 --> Session: Class initialized using 'CodeIgniter\Session\Handlers\FileHandler' driver.
WARNING - 2025-08-26 06:14:17 --> [DEPRECATED] Creation of dynamic property App\Controllers\Contact::$session is deprecated in APPPATH\Controllers\BaseController.php on line 53.
 1 SYSTEMPATH\CodeIgniter.php(904): App\Controllers\BaseController->initController(Object(CodeIgniter\HTTP\IncomingRequest), Object(CodeIgniter\HTTP\Response), Object(CodeIgniter\Log\Logger))
 2 SYSTEMPATH\CodeIgniter.php(498): CodeIgniter\CodeIgniter->createController()
 3 SYSTEMPATH\CodeIgniter.php(354): CodeIgniter\CodeIgniter->handleRequest(null, Object(Config\Cache), false)
 4 SYSTEMPATH\Boot.php(363): CodeIgniter\CodeIgniter->run()
 5 SYSTEMPATH\Boot.php(68): CodeIgniter\Boot::runCodeIgniter(Object(CodeIgniter\CodeIgniter))
 6 FCPATH\index.php(59): CodeIgniter\Boot::bootWeb(Object(Config\Paths))
 7 SYSTEMPATH\rewrite.php(44): require_once('C:\\Users\\Administrator\\Documents\\GITHUB\\KAPAL-FE-HTML\\home\\public\\index.php')
DEBUG - 2025-08-26 06:14:24 --> Session: Class initialized using 'CodeIgniter\Session\Handlers\FileHandler' driver.
WARNING - 2025-08-26 06:14:24 --> [DEPRECATED] Creation of dynamic property App\Controllers\Contact::$session is deprecated in APPPATH\Controllers\BaseController.php on line 53.
 1 SYSTEMPATH\CodeIgniter.php(904): App\Controllers\BaseController->initController(Object(CodeIgniter\HTTP\IncomingRequest), Object(CodeIgniter\HTTP\Response), Object(CodeIgniter\Log\Logger))
 2 SYSTEMPATH\CodeIgniter.php(498): CodeIgniter\CodeIgniter->createController()
 3 SYSTEMPATH\CodeIgniter.php(354): CodeIgniter\CodeIgniter->handleRequest(null, Object(Config\Cache), false)
 4 SYSTEMPATH\Boot.php(363): CodeIgniter\CodeIgniter->run()
 5 SYSTEMPATH\Boot.php(68): CodeIgniter\Boot::runCodeIgniter(Object(CodeIgniter\CodeIgniter))
 6 FCPATH\index.php(59): CodeIgniter\Boot::bootWeb(Object(Config\Paths))
 7 SYSTEMPATH\rewrite.php(44): require_once('C:\\Users\\Administrator\\Documents\\GITHUB\\KAPAL-FE-HTML\\home\\public\\index.php')
DEBUG - 2025-08-26 07:26:34 --> Session: Class initialized using 'CodeIgniter\Session\Handlers\FileHandler' driver.
WARNING - 2025-08-26 07:26:34 --> [DEPRECATED] Creation of dynamic property App\Controllers\Contact::$session is deprecated in APPPATH\Controllers\BaseController.php on line 53.
 1 SYSTEMPATH\CodeIgniter.php(904): App\Controllers\BaseController->initController(Object(CodeIgniter\HTTP\IncomingRequest), Object(CodeIgniter\HTTP\Response), Object(CodeIgniter\Log\Logger))
 2 SYSTEMPATH\CodeIgniter.php(498): CodeIgniter\CodeIgniter->createController()
 3 SYSTEMPATH\CodeIgniter.php(354): CodeIgniter\CodeIgniter->handleRequest(null, Object(Config\Cache), false)
 4 SYSTEMPATH\Boot.php(363): CodeIgniter\CodeIgniter->run()
 5 SYSTEMPATH\Boot.php(68): CodeIgniter\Boot::runCodeIgniter(Object(CodeIgniter\CodeIgniter))
 6 FCPATH\index.php(59): CodeIgniter\Boot::bootWeb(Object(Config\Paths))
 7 SYSTEMPATH\rewrite.php(44): require_once('C:\\Users\\Administrator\\Documents\\GITHUB\\KAPAL-FE-HTML\\home\\public\\index.php')
DEBUG - 2025-08-26 07:26:51 --> Session: Class initialized using 'CodeIgniter\Session\Handlers\FileHandler' driver.
WARNING - 2025-08-26 07:26:51 --> [DEPRECATED] Creation of dynamic property App\Controllers\Contact::$session is deprecated in APPPATH\Controllers\BaseController.php on line 53.
 1 SYSTEMPATH\CodeIgniter.php(904): App\Controllers\BaseController->initController(Object(CodeIgniter\HTTP\IncomingRequest), Object(CodeIgniter\HTTP\Response), Object(CodeIgniter\Log\Logger))
 2 SYSTEMPATH\CodeIgniter.php(498): CodeIgniter\CodeIgniter->createController()
 3 SYSTEMPATH\CodeIgniter.php(354): CodeIgniter\CodeIgniter->handleRequest(null, Object(Config\Cache), false)
 4 SYSTEMPATH\Boot.php(363): CodeIgniter\CodeIgniter->run()
 5 SYSTEMPATH\Boot.php(68): CodeIgniter\Boot::runCodeIgniter(Object(CodeIgniter\CodeIgniter))
 6 FCPATH\index.php(59): CodeIgniter\Boot::bootWeb(Object(Config\Paths))
 7 SYSTEMPATH\rewrite.php(44): require_once('C:\\Users\\Administrator\\Documents\\GITHUB\\KAPAL-FE-HTML\\home\\public\\index.php')
DEBUG - 2025-08-26 07:27:00 --> Session: Class initialized using 'CodeIgniter\Session\Handlers\FileHandler' driver.
WARNING - 2025-08-26 07:27:00 --> [DEPRECATED] Creation of dynamic property App\Controllers\Contact::$session is deprecated in APPPATH\Controllers\BaseController.php on line 53.
 1 SYSTEMPATH\CodeIgniter.php(904): App\Controllers\BaseController->initController(Object(CodeIgniter\HTTP\IncomingRequest), Object(CodeIgniter\HTTP\Response), Object(CodeIgniter\Log\Logger))
 2 SYSTEMPATH\CodeIgniter.php(498): CodeIgniter\CodeIgniter->createController()
 3 SYSTEMPATH\CodeIgniter.php(354): CodeIgniter\CodeIgniter->handleRequest(null, Object(Config\Cache), false)
 4 SYSTEMPATH\Boot.php(363): CodeIgniter\CodeIgniter->run()
 5 SYSTEMPATH\Boot.php(68): CodeIgniter\Boot::runCodeIgniter(Object(CodeIgniter\CodeIgniter))
 6 FCPATH\index.php(59): CodeIgniter\Boot::bootWeb(Object(Config\Paths))
 7 SYSTEMPATH\rewrite.php(44): require_once('C:\\Users\\Administrator\\Documents\\GITHUB\\KAPAL-FE-HTML\\home\\public\\index.php')
DEBUG - 2025-08-26 07:27:00 --> Session: Class initialized using 'CodeIgniter\Session\Handlers\FileHandler' driver.
WARNING - 2025-08-26 07:27:00 --> [DEPRECATED] Creation of dynamic property App\Controllers\Contact::$session is deprecated in APPPATH\Controllers\BaseController.php on line 53.
 1 SYSTEMPATH\CodeIgniter.php(904): App\Controllers\BaseController->initController(Object(CodeIgniter\HTTP\IncomingRequest), Object(CodeIgniter\HTTP\Response), Object(CodeIgniter\Log\Logger))
 2 SYSTEMPATH\CodeIgniter.php(498): CodeIgniter\CodeIgniter->createController()
 3 SYSTEMPATH\CodeIgniter.php(354): CodeIgniter\CodeIgniter->handleRequest(null, Object(Config\Cache), false)
 4 SYSTEMPATH\Boot.php(363): CodeIgniter\CodeIgniter->run()
 5 SYSTEMPATH\Boot.php(68): CodeIgniter\Boot::runCodeIgniter(Object(CodeIgniter\CodeIgniter))
 6 FCPATH\index.php(59): CodeIgniter\Boot::bootWeb(Object(Config\Paths))
 7 SYSTEMPATH\rewrite.php(44): require_once('C:\\Users\\Administrator\\Documents\\GITHUB\\KAPAL-FE-HTML\\home\\public\\index.php')
DEBUG - 2025-08-26 07:27:15 --> Session: Class initialized using 'CodeIgniter\Session\Handlers\FileHandler' driver.
WARNING - 2025-08-26 07:27:15 --> [DEPRECATED] Creation of dynamic property App\Controllers\Contact::$session is deprecated in APPPATH\Controllers\BaseController.php on line 53.
 1 SYSTEMPATH\CodeIgniter.php(904): App\Controllers\BaseController->initController(Object(CodeIgniter\HTTP\IncomingRequest), Object(CodeIgniter\HTTP\Response), Object(CodeIgniter\Log\Logger))
 2 SYSTEMPATH\CodeIgniter.php(498): CodeIgniter\CodeIgniter->createController()
 3 SYSTEMPATH\CodeIgniter.php(354): CodeIgniter\CodeIgniter->handleRequest(null, Object(Config\Cache), false)
 4 SYSTEMPATH\Boot.php(363): CodeIgniter\CodeIgniter->run()
 5 SYSTEMPATH\Boot.php(68): CodeIgniter\Boot::runCodeIgniter(Object(CodeIgniter\CodeIgniter))
 6 FCPATH\index.php(59): CodeIgniter\Boot::bootWeb(Object(Config\Paths))
 7 SYSTEMPATH\rewrite.php(44): require_once('C:\\Users\\Administrator\\Documents\\GITHUB\\KAPAL-FE-HTML\\home\\public\\index.php')
DEBUG - 2025-08-26 07:27:21 --> Session: Class initialized using 'CodeIgniter\Session\Handlers\FileHandler' driver.
WARNING - 2025-08-26 07:27:21 --> [DEPRECATED] Creation of dynamic property App\Controllers\Contact::$session is deprecated in APPPATH\Controllers\BaseController.php on line 53.
 1 SYSTEMPATH\CodeIgniter.php(904): App\Controllers\BaseController->initController(Object(CodeIgniter\HTTP\IncomingRequest), Object(CodeIgniter\HTTP\Response), Object(CodeIgniter\Log\Logger))
 2 SYSTEMPATH\CodeIgniter.php(498): CodeIgniter\CodeIgniter->createController()
 3 SYSTEMPATH\CodeIgniter.php(354): CodeIgniter\CodeIgniter->handleRequest(null, Object(Config\Cache), false)
 4 SYSTEMPATH\Boot.php(363): CodeIgniter\CodeIgniter->run()
 5 SYSTEMPATH\Boot.php(68): CodeIgniter\Boot::runCodeIgniter(Object(CodeIgniter\CodeIgniter))
 6 FCPATH\index.php(59): CodeIgniter\Boot::bootWeb(Object(Config\Paths))
 7 SYSTEMPATH\rewrite.php(44): require_once('C:\\Users\\Administrator\\Documents\\GITHUB\\KAPAL-FE-HTML\\home\\public\\index.php')
DEBUG - 2025-08-26 07:27:21 --> Session: Class initialized using 'CodeIgniter\Session\Handlers\FileHandler' driver.
WARNING - 2025-08-26 07:27:21 --> [DEPRECATED] Creation of dynamic property App\Controllers\Contact::$session is deprecated in APPPATH\Controllers\BaseController.php on line 53.
 1 SYSTEMPATH\CodeIgniter.php(904): App\Controllers\BaseController->initController(Object(CodeIgniter\HTTP\IncomingRequest), Object(CodeIgniter\HTTP\Response), Object(CodeIgniter\Log\Logger))
 2 SYSTEMPATH\CodeIgniter.php(498): CodeIgniter\CodeIgniter->createController()
 3 SYSTEMPATH\CodeIgniter.php(354): CodeIgniter\CodeIgniter->handleRequest(null, Object(Config\Cache), false)
 4 SYSTEMPATH\Boot.php(363): CodeIgniter\CodeIgniter->run()
 5 SYSTEMPATH\Boot.php(68): CodeIgniter\Boot::runCodeIgniter(Object(CodeIgniter\CodeIgniter))
 6 FCPATH\index.php(59): CodeIgniter\Boot::bootWeb(Object(Config\Paths))
 7 SYSTEMPATH\rewrite.php(44): require_once('C:\\Users\\Administrator\\Documents\\GITHUB\\KAPAL-FE-HTML\\home\\public\\index.php')
DEBUG - 2025-08-26 07:27:28 --> Session: Class initialized using 'CodeIgniter\Session\Handlers\FileHandler' driver.
WARNING - 2025-08-26 07:27:28 --> [DEPRECATED] Creation of dynamic property App\Controllers\Contact::$session is deprecated in APPPATH\Controllers\BaseController.php on line 53.
 1 SYSTEMPATH\CodeIgniter.php(904): App\Controllers\BaseController->initController(Object(CodeIgniter\HTTP\IncomingRequest), Object(CodeIgniter\HTTP\Response), Object(CodeIgniter\Log\Logger))
 2 SYSTEMPATH\CodeIgniter.php(498): CodeIgniter\CodeIgniter->createController()
 3 SYSTEMPATH\CodeIgniter.php(354): CodeIgniter\CodeIgniter->handleRequest(null, Object(Config\Cache), false)
 4 SYSTEMPATH\Boot.php(363): CodeIgniter\CodeIgniter->run()
 5 SYSTEMPATH\Boot.php(68): CodeIgniter\Boot::runCodeIgniter(Object(CodeIgniter\CodeIgniter))
 6 FCPATH\index.php(59): CodeIgniter\Boot::bootWeb(Object(Config\Paths))
 7 SYSTEMPATH\rewrite.php(44): require_once('C:\\Users\\Administrator\\Documents\\GITHUB\\KAPAL-FE-HTML\\home\\public\\index.php')
ERROR - 2025-08-26 07:27:28 --> mysqli_sql_exception: Unknown column 'updated_at' in 'INSERT INTO' in C:\Users\Administrator\Documents\GITHUB\KAPAL-FE-HTML\home\vendor\codeigniter4\framework\system\Database\MySQLi\Connection.php:327
Stack trace:
#0 C:\Users\Administrator\Documents\GITHUB\KAPAL-FE-HTML\home\vendor\codeigniter4\framework\system\Database\MySQLi\Connection.php(327): mysqli->query('INSERT INTO `co...', 0)
#1 C:\Users\Administrator\Documents\GITHUB\KAPAL-FE-HTML\home\vendor\codeigniter4\framework\system\Database\BaseConnection.php(729): CodeIgniter\Database\MySQLi\Connection->execute('INSERT INTO `co...')
#2 C:\Users\Administrator\Documents\GITHUB\KAPAL-FE-HTML\home\vendor\codeigniter4\framework\system\Database\BaseConnection.php(646): CodeIgniter\Database\BaseConnection->simpleQuery('INSERT INTO `co...')
#3 C:\Users\Administrator\Documents\GITHUB\KAPAL-FE-HTML\home\vendor\codeigniter4\framework\system\Database\BaseBuilder.php(2345): CodeIgniter\Database\BaseConnection->query('INSERT INTO `co...', Array, false)
#4 C:\Users\Administrator\Documents\GITHUB\KAPAL-FE-HTML\home\vendor\codeigniter4\framework\system\Model.php(394): CodeIgniter\Database\BaseBuilder->insert()
#5 C:\Users\Administrator\Documents\GITHUB\KAPAL-FE-HTML\home\vendor\codeigniter4\framework\system\BaseModel.php(838): CodeIgniter\Model->doInsert(Array)
#6 C:\Users\Administrator\Documents\GITHUB\KAPAL-FE-HTML\home\vendor\codeigniter4\framework\system\Model.php(797): CodeIgniter\BaseModel->insert(Array, false)
#7 C:\Users\Administrator\Documents\GITHUB\KAPAL-FE-HTML\home\vendor\codeigniter4\framework\system\BaseModel.php(751): CodeIgniter\Model->insert(Array, false)
#8 C:\Users\Administrator\Documents\GITHUB\KAPAL-FE-HTML\home\app\Controllers\Contact.php(87): CodeIgniter\BaseModel->save(Array)
#9 C:\Users\Administrator\Documents\GITHUB\KAPAL-FE-HTML\home\vendor\codeigniter4\framework\system\CodeIgniter.php(933): App\Controllers\Contact->submit()
#10 C:\Users\Administrator\Documents\GITHUB\KAPAL-FE-HTML\home\vendor\codeigniter4\framework\system\CodeIgniter.php(507): CodeIgniter\CodeIgniter->runController(Object(App\Controllers\Contact))
#11 C:\Users\Administrator\Documents\GITHUB\KAPAL-FE-HTML\home\vendor\codeigniter4\framework\system\CodeIgniter.php(354): CodeIgniter\CodeIgniter->handleRequest(NULL, Object(Config\Cache), false)
#12 C:\Users\Administrator\Documents\GITHUB\KAPAL-FE-HTML\home\vendor\codeigniter4\framework\system\Boot.php(363): CodeIgniter\CodeIgniter->run()
#13 C:\Users\Administrator\Documents\GITHUB\KAPAL-FE-HTML\home\vendor\codeigniter4\framework\system\Boot.php(68): CodeIgniter\Boot::runCodeIgniter(Object(CodeIgniter\CodeIgniter))
#14 C:\Users\Administrator\Documents\GITHUB\KAPAL-FE-HTML\home\public\index.php(59): CodeIgniter\Boot::bootWeb(Object(Config\Paths))
#15 C:\Users\Administrator\Documents\GITHUB\KAPAL-FE-HTML\home\vendor\codeigniter4\framework\system\rewrite.php(44): require_once('C:\\Users\\Admini...')
#16 {main}
ERROR - 2025-08-26 07:27:28 --> Error sending contact message: Unknown column 'updated_at' in 'INSERT INTO'
DEBUG - 2025-08-26 07:27:28 --> Session: Class initialized using 'CodeIgniter\Session\Handlers\FileHandler' driver.
WARNING - 2025-08-26 07:27:28 --> [DEPRECATED] Creation of dynamic property App\Controllers\Contact::$session is deprecated in APPPATH\Controllers\BaseController.php on line 53.
 1 SYSTEMPATH\CodeIgniter.php(904): App\Controllers\BaseController->initController(Object(CodeIgniter\HTTP\IncomingRequest), Object(CodeIgniter\HTTP\Response), Object(CodeIgniter\Log\Logger))
 2 SYSTEMPATH\CodeIgniter.php(498): CodeIgniter\CodeIgniter->createController()
 3 SYSTEMPATH\CodeIgniter.php(354): CodeIgniter\CodeIgniter->handleRequest(null, Object(Config\Cache), false)
 4 SYSTEMPATH\Boot.php(363): CodeIgniter\CodeIgniter->run()
 5 SYSTEMPATH\Boot.php(68): CodeIgniter\Boot::runCodeIgniter(Object(CodeIgniter\CodeIgniter))
 6 FCPATH\index.php(59): CodeIgniter\Boot::bootWeb(Object(Config\Paths))
 7 SYSTEMPATH\rewrite.php(44): require_once('C:\\Users\\Administrator\\Documents\\GITHUB\\KAPAL-FE-HTML\\home\\public\\index.php')
DEBUG - 2025-08-26 07:27:46 --> Session: Class initialized using 'CodeIgniter\Session\Handlers\FileHandler' driver.
WARNING - 2025-08-26 07:27:46 --> [DEPRECATED] Creation of dynamic property App\Controllers\Contact::$session is deprecated in APPPATH\Controllers\BaseController.php on line 53.
 1 SYSTEMPATH\CodeIgniter.php(904): App\Controllers\BaseController->initController(Object(CodeIgniter\HTTP\IncomingRequest), Object(CodeIgniter\HTTP\Response), Object(CodeIgniter\Log\Logger))
 2 SYSTEMPATH\CodeIgniter.php(498): CodeIgniter\CodeIgniter->createController()
 3 SYSTEMPATH\CodeIgniter.php(354): CodeIgniter\CodeIgniter->handleRequest(null, Object(Config\Cache), false)
 4 SYSTEMPATH\Boot.php(363): CodeIgniter\CodeIgniter->run()
 5 SYSTEMPATH\Boot.php(68): CodeIgniter\Boot::runCodeIgniter(Object(CodeIgniter\CodeIgniter))
 6 FCPATH\index.php(59): CodeIgniter\Boot::bootWeb(Object(Config\Paths))
 7 SYSTEMPATH\rewrite.php(44): require_once('C:\\Users\\Administrator\\Documents\\GITHUB\\KAPAL-FE-HTML\\home\\public\\index.php')
ERROR - 2025-08-26 07:27:46 --> mysqli_sql_exception: Unknown column 'updated_at' in 'INSERT INTO' in C:\Users\Administrator\Documents\GITHUB\KAPAL-FE-HTML\home\vendor\codeigniter4\framework\system\Database\MySQLi\Connection.php:327
Stack trace:
#0 C:\Users\Administrator\Documents\GITHUB\KAPAL-FE-HTML\home\vendor\codeigniter4\framework\system\Database\MySQLi\Connection.php(327): mysqli->query('INSERT INTO `co...', 0)
#1 C:\Users\Administrator\Documents\GITHUB\KAPAL-FE-HTML\home\vendor\codeigniter4\framework\system\Database\BaseConnection.php(729): CodeIgniter\Database\MySQLi\Connection->execute('INSERT INTO `co...')
#2 C:\Users\Administrator\Documents\GITHUB\KAPAL-FE-HTML\home\vendor\codeigniter4\framework\system\Database\BaseConnection.php(646): CodeIgniter\Database\BaseConnection->simpleQuery('INSERT INTO `co...')
#3 C:\Users\Administrator\Documents\GITHUB\KAPAL-FE-HTML\home\vendor\codeigniter4\framework\system\Database\BaseBuilder.php(2345): CodeIgniter\Database\BaseConnection->query('INSERT INTO `co...', Array, false)
#4 C:\Users\Administrator\Documents\GITHUB\KAPAL-FE-HTML\home\vendor\codeigniter4\framework\system\Model.php(394): CodeIgniter\Database\BaseBuilder->insert()
#5 C:\Users\Administrator\Documents\GITHUB\KAPAL-FE-HTML\home\vendor\codeigniter4\framework\system\BaseModel.php(838): CodeIgniter\Model->doInsert(Array)
#6 C:\Users\Administrator\Documents\GITHUB\KAPAL-FE-HTML\home\vendor\codeigniter4\framework\system\Model.php(797): CodeIgniter\BaseModel->insert(Array, false)
#7 C:\Users\Administrator\Documents\GITHUB\KAPAL-FE-HTML\home\vendor\codeigniter4\framework\system\BaseModel.php(751): CodeIgniter\Model->insert(Array, false)
#8 C:\Users\Administrator\Documents\GITHUB\KAPAL-FE-HTML\home\app\Controllers\Contact.php(87): CodeIgniter\BaseModel->save(Array)
#9 C:\Users\Administrator\Documents\GITHUB\KAPAL-FE-HTML\home\vendor\codeigniter4\framework\system\CodeIgniter.php(933): App\Controllers\Contact->submit()
#10 C:\Users\Administrator\Documents\GITHUB\KAPAL-FE-HTML\home\vendor\codeigniter4\framework\system\CodeIgniter.php(507): CodeIgniter\CodeIgniter->runController(Object(App\Controllers\Contact))
#11 C:\Users\Administrator\Documents\GITHUB\KAPAL-FE-HTML\home\vendor\codeigniter4\framework\system\CodeIgniter.php(354): CodeIgniter\CodeIgniter->handleRequest(NULL, Object(Config\Cache), false)
#12 C:\Users\Administrator\Documents\GITHUB\KAPAL-FE-HTML\home\vendor\codeigniter4\framework\system\Boot.php(363): CodeIgniter\CodeIgniter->run()
#13 C:\Users\Administrator\Documents\GITHUB\KAPAL-FE-HTML\home\vendor\codeigniter4\framework\system\Boot.php(68): CodeIgniter\Boot::runCodeIgniter(Object(CodeIgniter\CodeIgniter))
#14 C:\Users\Administrator\Documents\GITHUB\KAPAL-FE-HTML\home\public\index.php(59): CodeIgniter\Boot::bootWeb(Object(Config\Paths))
#15 C:\Users\Administrator\Documents\GITHUB\KAPAL-FE-HTML\home\vendor\codeigniter4\framework\system\rewrite.php(44): require_once('C:\\Users\\Admini...')
#16 {main}
ERROR - 2025-08-26 07:27:46 --> Error sending contact message: Unknown column 'updated_at' in 'INSERT INTO'
DEBUG - 2025-08-26 07:27:47 --> Session: Class initialized using 'CodeIgniter\Session\Handlers\FileHandler' driver.
WARNING - 2025-08-26 07:27:47 --> [DEPRECATED] Creation of dynamic property App\Controllers\Contact::$session is deprecated in APPPATH\Controllers\BaseController.php on line 53.
 1 SYSTEMPATH\CodeIgniter.php(904): App\Controllers\BaseController->initController(Object(CodeIgniter\HTTP\IncomingRequest), Object(CodeIgniter\HTTP\Response), Object(CodeIgniter\Log\Logger))
 2 SYSTEMPATH\CodeIgniter.php(498): CodeIgniter\CodeIgniter->createController()
 3 SYSTEMPATH\CodeIgniter.php(354): CodeIgniter\CodeIgniter->handleRequest(null, Object(Config\Cache), false)
 4 SYSTEMPATH\Boot.php(363): CodeIgniter\CodeIgniter->run()
 5 SYSTEMPATH\Boot.php(68): CodeIgniter\Boot::runCodeIgniter(Object(CodeIgniter\CodeIgniter))
 6 FCPATH\index.php(59): CodeIgniter\Boot::bootWeb(Object(Config\Paths))
 7 SYSTEMPATH\rewrite.php(44): require_once('C:\\Users\\Administrator\\Documents\\GITHUB\\KAPAL-FE-HTML\\home\\public\\index.php')
DEBUG - 2025-08-26 07:29:11 --> Session: Class initialized using 'CodeIgniter\Session\Handlers\FileHandler' driver.
WARNING - 2025-08-26 07:29:11 --> [DEPRECATED] Creation of dynamic property App\Controllers\Contact::$session is deprecated in APPPATH\Controllers\BaseController.php on line 53.
 1 SYSTEMPATH\CodeIgniter.php(904): App\Controllers\BaseController->initController(Object(CodeIgniter\HTTP\IncomingRequest), Object(CodeIgniter\HTTP\Response), Object(CodeIgniter\Log\Logger))
 2 SYSTEMPATH\CodeIgniter.php(498): CodeIgniter\CodeIgniter->createController()
 3 SYSTEMPATH\CodeIgniter.php(354): CodeIgniter\CodeIgniter->handleRequest(null, Object(Config\Cache), false)
 4 SYSTEMPATH\Boot.php(363): CodeIgniter\CodeIgniter->run()
 5 SYSTEMPATH\Boot.php(68): CodeIgniter\Boot::runCodeIgniter(Object(CodeIgniter\CodeIgniter))
 6 FCPATH\index.php(59): CodeIgniter\Boot::bootWeb(Object(Config\Paths))
 7 SYSTEMPATH\rewrite.php(44): require_once('C:\\Users\\Administrator\\Documents\\GITHUB\\KAPAL-FE-HTML\\home\\public\\index.php')
DEBUG - 2025-08-26 07:29:51 --> Session: Class initialized using 'CodeIgniter\Session\Handlers\FileHandler' driver.
WARNING - 2025-08-26 07:29:51 --> [DEPRECATED] Creation of dynamic property App\Controllers\Contact::$session is deprecated in APPPATH\Controllers\BaseController.php on line 53.
 1 SYSTEMPATH\CodeIgniter.php(904): App\Controllers\BaseController->initController(Object(CodeIgniter\HTTP\IncomingRequest), Object(CodeIgniter\HTTP\Response), Object(CodeIgniter\Log\Logger))
 2 SYSTEMPATH\CodeIgniter.php(498): CodeIgniter\CodeIgniter->createController()
 3 SYSTEMPATH\CodeIgniter.php(354): CodeIgniter\CodeIgniter->handleRequest(null, Object(Config\Cache), false)
 4 SYSTEMPATH\Boot.php(363): CodeIgniter\CodeIgniter->run()
 5 SYSTEMPATH\Boot.php(68): CodeIgniter\Boot::runCodeIgniter(Object(CodeIgniter\CodeIgniter))
 6 FCPATH\index.php(59): CodeIgniter\Boot::bootWeb(Object(Config\Paths))
 7 SYSTEMPATH\rewrite.php(44): require_once('C:\\Users\\Administrator\\Documents\\GITHUB\\KAPAL-FE-HTML\\home\\public\\index.php')
ERROR - 2025-08-26 07:29:51 --> mysqli_sql_exception: Unknown column 'updated_at' in 'INSERT INTO' in C:\Users\Administrator\Documents\GITHUB\KAPAL-FE-HTML\home\vendor\codeigniter4\framework\system\Database\MySQLi\Connection.php:327
Stack trace:
#0 C:\Users\Administrator\Documents\GITHUB\KAPAL-FE-HTML\home\vendor\codeigniter4\framework\system\Database\MySQLi\Connection.php(327): mysqli->query('INSERT INTO `co...', 0)
#1 C:\Users\Administrator\Documents\GITHUB\KAPAL-FE-HTML\home\vendor\codeigniter4\framework\system\Database\BaseConnection.php(729): CodeIgniter\Database\MySQLi\Connection->execute('INSERT INTO `co...')
#2 C:\Users\Administrator\Documents\GITHUB\KAPAL-FE-HTML\home\vendor\codeigniter4\framework\system\Database\BaseConnection.php(646): CodeIgniter\Database\BaseConnection->simpleQuery('INSERT INTO `co...')
#3 C:\Users\Administrator\Documents\GITHUB\KAPAL-FE-HTML\home\vendor\codeigniter4\framework\system\Database\BaseBuilder.php(2345): CodeIgniter\Database\BaseConnection->query('INSERT INTO `co...', Array, false)
#4 C:\Users\Administrator\Documents\GITHUB\KAPAL-FE-HTML\home\vendor\codeigniter4\framework\system\Model.php(394): CodeIgniter\Database\BaseBuilder->insert()
#5 C:\Users\Administrator\Documents\GITHUB\KAPAL-FE-HTML\home\vendor\codeigniter4\framework\system\BaseModel.php(838): CodeIgniter\Model->doInsert(Array)
#6 C:\Users\Administrator\Documents\GITHUB\KAPAL-FE-HTML\home\vendor\codeigniter4\framework\system\Model.php(797): CodeIgniter\BaseModel->insert(Array, false)
#7 C:\Users\Administrator\Documents\GITHUB\KAPAL-FE-HTML\home\vendor\codeigniter4\framework\system\BaseModel.php(751): CodeIgniter\Model->insert(Array, false)
#8 C:\Users\Administrator\Documents\GITHUB\KAPAL-FE-HTML\home\app\Controllers\Contact.php(88): CodeIgniter\BaseModel->save(Array)
#9 C:\Users\Administrator\Documents\GITHUB\KAPAL-FE-HTML\home\vendor\codeigniter4\framework\system\CodeIgniter.php(933): App\Controllers\Contact->submit()
#10 C:\Users\Administrator\Documents\GITHUB\KAPAL-FE-HTML\home\vendor\codeigniter4\framework\system\CodeIgniter.php(507): CodeIgniter\CodeIgniter->runController(Object(App\Controllers\Contact))
#11 C:\Users\Administrator\Documents\GITHUB\KAPAL-FE-HTML\home\vendor\codeigniter4\framework\system\CodeIgniter.php(354): CodeIgniter\CodeIgniter->handleRequest(NULL, Object(Config\Cache), false)
#12 C:\Users\Administrator\Documents\GITHUB\KAPAL-FE-HTML\home\vendor\codeigniter4\framework\system\Boot.php(363): CodeIgniter\CodeIgniter->run()
#13 C:\Users\Administrator\Documents\GITHUB\KAPAL-FE-HTML\home\vendor\codeigniter4\framework\system\Boot.php(68): CodeIgniter\Boot::runCodeIgniter(Object(CodeIgniter\CodeIgniter))
#14 C:\Users\Administrator\Documents\GITHUB\KAPAL-FE-HTML\home\public\index.php(59): CodeIgniter\Boot::bootWeb(Object(Config\Paths))
#15 C:\Users\Administrator\Documents\GITHUB\KAPAL-FE-HTML\home\vendor\codeigniter4\framework\system\rewrite.php(44): require_once('C:\\Users\\Admini...')
#16 {main}
ERROR - 2025-08-26 07:29:51 --> Error sending contact message: Unknown column 'updated_at' in 'INSERT INTO'
DEBUG - 2025-08-26 07:29:51 --> Session: Class initialized using 'CodeIgniter\Session\Handlers\FileHandler' driver.
WARNING - 2025-08-26 07:29:51 --> [DEPRECATED] Creation of dynamic property App\Controllers\Contact::$session is deprecated in APPPATH\Controllers\BaseController.php on line 53.
 1 SYSTEMPATH\CodeIgniter.php(904): App\Controllers\BaseController->initController(Object(CodeIgniter\HTTP\IncomingRequest), Object(CodeIgniter\HTTP\Response), Object(CodeIgniter\Log\Logger))
 2 SYSTEMPATH\CodeIgniter.php(498): CodeIgniter\CodeIgniter->createController()
 3 SYSTEMPATH\CodeIgniter.php(354): CodeIgniter\CodeIgniter->handleRequest(null, Object(Config\Cache), false)
 4 SYSTEMPATH\Boot.php(363): CodeIgniter\CodeIgniter->run()
 5 SYSTEMPATH\Boot.php(68): CodeIgniter\Boot::runCodeIgniter(Object(CodeIgniter\CodeIgniter))
 6 FCPATH\index.php(59): CodeIgniter\Boot::bootWeb(Object(Config\Paths))
 7 SYSTEMPATH\rewrite.php(44): require_once('C:\\Users\\Administrator\\Documents\\GITHUB\\KAPAL-FE-HTML\\home\\public\\index.php')
DEBUG - 2025-08-26 07:30:14 --> Session: Class initialized using 'CodeIgniter\Session\Handlers\FileHandler' driver.
WARNING - 2025-08-26 07:30:14 --> [DEPRECATED] Creation of dynamic property App\Controllers\Contact::$session is deprecated in APPPATH\Controllers\BaseController.php on line 53.
 1 SYSTEMPATH\CodeIgniter.php(904): App\Controllers\BaseController->initController(Object(CodeIgniter\HTTP\IncomingRequest), Object(CodeIgniter\HTTP\Response), Object(CodeIgniter\Log\Logger))
 2 SYSTEMPATH\CodeIgniter.php(498): CodeIgniter\CodeIgniter->createController()
 3 SYSTEMPATH\CodeIgniter.php(354): CodeIgniter\CodeIgniter->handleRequest(null, Object(Config\Cache), false)
 4 SYSTEMPATH\Boot.php(363): CodeIgniter\CodeIgniter->run()
 5 SYSTEMPATH\Boot.php(68): CodeIgniter\Boot::runCodeIgniter(Object(CodeIgniter\CodeIgniter))
 6 FCPATH\index.php(59): CodeIgniter\Boot::bootWeb(Object(Config\Paths))
 7 SYSTEMPATH\rewrite.php(44): require_once('C:\\Users\\Administrator\\Documents\\GITHUB\\KAPAL-FE-HTML\\home\\public\\index.php')
ERROR - 2025-08-26 07:30:14 --> mysqli_sql_exception: Unknown column 'updated_at' in 'INSERT INTO' in C:\Users\Administrator\Documents\GITHUB\KAPAL-FE-HTML\home\vendor\codeigniter4\framework\system\Database\MySQLi\Connection.php:327
Stack trace:
#0 C:\Users\Administrator\Documents\GITHUB\KAPAL-FE-HTML\home\vendor\codeigniter4\framework\system\Database\MySQLi\Connection.php(327): mysqli->query('INSERT INTO `co...', 0)
#1 C:\Users\Administrator\Documents\GITHUB\KAPAL-FE-HTML\home\vendor\codeigniter4\framework\system\Database\BaseConnection.php(729): CodeIgniter\Database\MySQLi\Connection->execute('INSERT INTO `co...')
#2 C:\Users\Administrator\Documents\GITHUB\KAPAL-FE-HTML\home\vendor\codeigniter4\framework\system\Database\BaseConnection.php(646): CodeIgniter\Database\BaseConnection->simpleQuery('INSERT INTO `co...')
#3 C:\Users\Administrator\Documents\GITHUB\KAPAL-FE-HTML\home\vendor\codeigniter4\framework\system\Database\BaseBuilder.php(2345): CodeIgniter\Database\BaseConnection->query('INSERT INTO `co...', Array, false)
#4 C:\Users\Administrator\Documents\GITHUB\KAPAL-FE-HTML\home\vendor\codeigniter4\framework\system\Model.php(394): CodeIgniter\Database\BaseBuilder->insert()
#5 C:\Users\Administrator\Documents\GITHUB\KAPAL-FE-HTML\home\vendor\codeigniter4\framework\system\BaseModel.php(838): CodeIgniter\Model->doInsert(Array)
#6 C:\Users\Administrator\Documents\GITHUB\KAPAL-FE-HTML\home\vendor\codeigniter4\framework\system\Model.php(797): CodeIgniter\BaseModel->insert(Array, false)
#7 C:\Users\Administrator\Documents\GITHUB\KAPAL-FE-HTML\home\vendor\codeigniter4\framework\system\BaseModel.php(751): CodeIgniter\Model->insert(Array, false)
#8 C:\Users\Administrator\Documents\GITHUB\KAPAL-FE-HTML\home\app\Controllers\Contact.php(88): CodeIgniter\BaseModel->save(Array)
#9 C:\Users\Administrator\Documents\GITHUB\KAPAL-FE-HTML\home\vendor\codeigniter4\framework\system\CodeIgniter.php(933): App\Controllers\Contact->submit()
#10 C:\Users\Administrator\Documents\GITHUB\KAPAL-FE-HTML\home\vendor\codeigniter4\framework\system\CodeIgniter.php(507): CodeIgniter\CodeIgniter->runController(Object(App\Controllers\Contact))
#11 C:\Users\Administrator\Documents\GITHUB\KAPAL-FE-HTML\home\vendor\codeigniter4\framework\system\CodeIgniter.php(354): CodeIgniter\CodeIgniter->handleRequest(NULL, Object(Config\Cache), false)
#12 C:\Users\Administrator\Documents\GITHUB\KAPAL-FE-HTML\home\vendor\codeigniter4\framework\system\Boot.php(363): CodeIgniter\CodeIgniter->run()
#13 C:\Users\Administrator\Documents\GITHUB\KAPAL-FE-HTML\home\vendor\codeigniter4\framework\system\Boot.php(68): CodeIgniter\Boot::runCodeIgniter(Object(CodeIgniter\CodeIgniter))
#14 C:\Users\Administrator\Documents\GITHUB\KAPAL-FE-HTML\home\public\index.php(59): CodeIgniter\Boot::bootWeb(Object(Config\Paths))
#15 C:\Users\Administrator\Documents\GITHUB\KAPAL-FE-HTML\home\vendor\codeigniter4\framework\system\rewrite.php(44): require_once('C:\\Users\\Admini...')
#16 {main}
ERROR - 2025-08-26 07:30:14 --> Error sending contact message: Unknown column 'updated_at' in 'INSERT INTO'
DEBUG - 2025-08-26 07:30:14 --> Session: Class initialized using 'CodeIgniter\Session\Handlers\FileHandler' driver.
WARNING - 2025-08-26 07:30:14 --> [DEPRECATED] Creation of dynamic property App\Controllers\Contact::$session is deprecated in APPPATH\Controllers\BaseController.php on line 53.
 1 SYSTEMPATH\CodeIgniter.php(904): App\Controllers\BaseController->initController(Object(CodeIgniter\HTTP\IncomingRequest), Object(CodeIgniter\HTTP\Response), Object(CodeIgniter\Log\Logger))
 2 SYSTEMPATH\CodeIgniter.php(498): CodeIgniter\CodeIgniter->createController()
 3 SYSTEMPATH\CodeIgniter.php(354): CodeIgniter\CodeIgniter->handleRequest(null, Object(Config\Cache), false)
 4 SYSTEMPATH\Boot.php(363): CodeIgniter\CodeIgniter->run()
 5 SYSTEMPATH\Boot.php(68): CodeIgniter\Boot::runCodeIgniter(Object(CodeIgniter\CodeIgniter))
 6 FCPATH\index.php(59): CodeIgniter\Boot::bootWeb(Object(Config\Paths))
 7 SYSTEMPATH\rewrite.php(44): require_once('C:\\Users\\Administrator\\Documents\\GITHUB\\KAPAL-FE-HTML\\home\\public\\index.php')
DEBUG - 2025-08-26 07:30:40 --> Session: Class initialized using 'CodeIgniter\Session\Handlers\FileHandler' driver.
WARNING - 2025-08-26 07:30:40 --> [DEPRECATED] Creation of dynamic property App\Controllers\Contact::$session is deprecated in APPPATH\Controllers\BaseController.php on line 53.
 1 SYSTEMPATH\CodeIgniter.php(904): App\Controllers\BaseController->initController(Object(CodeIgniter\HTTP\IncomingRequest), Object(CodeIgniter\HTTP\Response), Object(CodeIgniter\Log\Logger))
 2 SYSTEMPATH\CodeIgniter.php(498): CodeIgniter\CodeIgniter->createController()
 3 SYSTEMPATH\CodeIgniter.php(354): CodeIgniter\CodeIgniter->handleRequest(null, Object(Config\Cache), false)
 4 SYSTEMPATH\Boot.php(363): CodeIgniter\CodeIgniter->run()
 5 SYSTEMPATH\Boot.php(68): CodeIgniter\Boot::runCodeIgniter(Object(CodeIgniter\CodeIgniter))
 6 FCPATH\index.php(59): CodeIgniter\Boot::bootWeb(Object(Config\Paths))
 7 SYSTEMPATH\rewrite.php(44): require_once('C:\\Users\\Administrator\\Documents\\GITHUB\\KAPAL-FE-HTML\\home\\public\\index.php')
DEBUG - 2025-08-26 07:30:55 --> Session: Class initialized using 'CodeIgniter\Session\Handlers\FileHandler' driver.
WARNING - 2025-08-26 07:30:55 --> [DEPRECATED] Creation of dynamic property App\Controllers\Contact::$session is deprecated in APPPATH\Controllers\BaseController.php on line 53.
 1 SYSTEMPATH\CodeIgniter.php(904): App\Controllers\BaseController->initController(Object(CodeIgniter\HTTP\IncomingRequest), Object(CodeIgniter\HTTP\Response), Object(CodeIgniter\Log\Logger))
 2 SYSTEMPATH\CodeIgniter.php(498): CodeIgniter\CodeIgniter->createController()
 3 SYSTEMPATH\CodeIgniter.php(354): CodeIgniter\CodeIgniter->handleRequest(null, Object(Config\Cache), false)
 4 SYSTEMPATH\Boot.php(363): CodeIgniter\CodeIgniter->run()
 5 SYSTEMPATH\Boot.php(68): CodeIgniter\Boot::runCodeIgniter(Object(CodeIgniter\CodeIgniter))
 6 FCPATH\index.php(59): CodeIgniter\Boot::bootWeb(Object(Config\Paths))
 7 SYSTEMPATH\rewrite.php(44): require_once('C:\\Users\\Administrator\\Documents\\GITHUB\\KAPAL-FE-HTML\\home\\public\\index.php')
ERROR - 2025-08-26 07:30:55 --> mysqli_sql_exception: Unknown column 'updated_at' in 'INSERT INTO' in C:\Users\Administrator\Documents\GITHUB\KAPAL-FE-HTML\home\vendor\codeigniter4\framework\system\Database\MySQLi\Connection.php:327
Stack trace:
#0 C:\Users\Administrator\Documents\GITHUB\KAPAL-FE-HTML\home\vendor\codeigniter4\framework\system\Database\MySQLi\Connection.php(327): mysqli->query('INSERT INTO `co...', 0)
#1 C:\Users\Administrator\Documents\GITHUB\KAPAL-FE-HTML\home\vendor\codeigniter4\framework\system\Database\BaseConnection.php(729): CodeIgniter\Database\MySQLi\Connection->execute('INSERT INTO `co...')
#2 C:\Users\Administrator\Documents\GITHUB\KAPAL-FE-HTML\home\vendor\codeigniter4\framework\system\Database\BaseConnection.php(646): CodeIgniter\Database\BaseConnection->simpleQuery('INSERT INTO `co...')
#3 C:\Users\Administrator\Documents\GITHUB\KAPAL-FE-HTML\home\vendor\codeigniter4\framework\system\Database\BaseBuilder.php(2345): CodeIgniter\Database\BaseConnection->query('INSERT INTO `co...', Array, false)
#4 C:\Users\Administrator\Documents\GITHUB\KAPAL-FE-HTML\home\vendor\codeigniter4\framework\system\Model.php(394): CodeIgniter\Database\BaseBuilder->insert()
#5 C:\Users\Administrator\Documents\GITHUB\KAPAL-FE-HTML\home\vendor\codeigniter4\framework\system\BaseModel.php(838): CodeIgniter\Model->doInsert(Array)
#6 C:\Users\Administrator\Documents\GITHUB\KAPAL-FE-HTML\home\vendor\codeigniter4\framework\system\Model.php(797): CodeIgniter\BaseModel->insert(Array, true)
#7 C:\Users\Administrator\Documents\GITHUB\KAPAL-FE-HTML\home\app\Controllers\Contact.php(88): CodeIgniter\Model->insert(Array)
#8 C:\Users\Administrator\Documents\GITHUB\KAPAL-FE-HTML\home\vendor\codeigniter4\framework\system\CodeIgniter.php(933): App\Controllers\Contact->submit()
#9 C:\Users\Administrator\Documents\GITHUB\KAPAL-FE-HTML\home\vendor\codeigniter4\framework\system\CodeIgniter.php(507): CodeIgniter\CodeIgniter->runController(Object(App\Controllers\Contact))
#10 C:\Users\Administrator\Documents\GITHUB\KAPAL-FE-HTML\home\vendor\codeigniter4\framework\system\CodeIgniter.php(354): CodeIgniter\CodeIgniter->handleRequest(NULL, Object(Config\Cache), false)
#11 C:\Users\Administrator\Documents\GITHUB\KAPAL-FE-HTML\home\vendor\codeigniter4\framework\system\Boot.php(363): CodeIgniter\CodeIgniter->run()
#12 C:\Users\Administrator\Documents\GITHUB\KAPAL-FE-HTML\home\vendor\codeigniter4\framework\system\Boot.php(68): CodeIgniter\Boot::runCodeIgniter(Object(CodeIgniter\CodeIgniter))
#13 C:\Users\Administrator\Documents\GITHUB\KAPAL-FE-HTML\home\public\index.php(59): CodeIgniter\Boot::bootWeb(Object(Config\Paths))
#14 C:\Users\Administrator\Documents\GITHUB\KAPAL-FE-HTML\home\vendor\codeigniter4\framework\system\rewrite.php(44): require_once('C:\\Users\\Admini...')
#15 {main}
ERROR - 2025-08-26 07:30:55 --> Error sending contact message: Unknown column 'updated_at' in 'INSERT INTO'
DEBUG - 2025-08-26 07:31:40 --> Session: Class initialized using 'CodeIgniter\Session\Handlers\FileHandler' driver.
WARNING - 2025-08-26 07:31:40 --> [DEPRECATED] Creation of dynamic property App\Controllers\Contact::$session is deprecated in APPPATH\Controllers\BaseController.php on line 53.
 1 SYSTEMPATH\CodeIgniter.php(904): App\Controllers\BaseController->initController(Object(CodeIgniter\HTTP\IncomingRequest), Object(CodeIgniter\HTTP\Response), Object(CodeIgniter\Log\Logger))
 2 SYSTEMPATH\CodeIgniter.php(498): CodeIgniter\CodeIgniter->createController()
 3 SYSTEMPATH\CodeIgniter.php(354): CodeIgniter\CodeIgniter->handleRequest(null, Object(Config\Cache), false)
 4 SYSTEMPATH\Boot.php(363): CodeIgniter\CodeIgniter->run()
 5 SYSTEMPATH\Boot.php(68): CodeIgniter\Boot::runCodeIgniter(Object(CodeIgniter\CodeIgniter))
 6 FCPATH\index.php(59): CodeIgniter\Boot::bootWeb(Object(Config\Paths))
 7 SYSTEMPATH\rewrite.php(44): require_once('C:\\Users\\Administrator\\Documents\\GITHUB\\KAPAL-FE-HTML\\home\\public\\index.php')
ERROR - 2025-08-26 07:31:40 --> mysqli_sql_exception: Unknown column 'updated_at' in 'INSERT INTO' in C:\Users\Administrator\Documents\GITHUB\KAPAL-FE-HTML\home\vendor\codeigniter4\framework\system\Database\MySQLi\Connection.php:327
Stack trace:
#0 C:\Users\Administrator\Documents\GITHUB\KAPAL-FE-HTML\home\vendor\codeigniter4\framework\system\Database\MySQLi\Connection.php(327): mysqli->query('INSERT INTO `co...', 0)
#1 C:\Users\Administrator\Documents\GITHUB\KAPAL-FE-HTML\home\vendor\codeigniter4\framework\system\Database\BaseConnection.php(729): CodeIgniter\Database\MySQLi\Connection->execute('INSERT INTO `co...')
#2 C:\Users\Administrator\Documents\GITHUB\KAPAL-FE-HTML\home\vendor\codeigniter4\framework\system\Database\BaseConnection.php(646): CodeIgniter\Database\BaseConnection->simpleQuery('INSERT INTO `co...')
#3 C:\Users\Administrator\Documents\GITHUB\KAPAL-FE-HTML\home\vendor\codeigniter4\framework\system\Database\BaseBuilder.php(2345): CodeIgniter\Database\BaseConnection->query('INSERT INTO `co...', Array, false)
#4 C:\Users\Administrator\Documents\GITHUB\KAPAL-FE-HTML\home\vendor\codeigniter4\framework\system\Model.php(394): CodeIgniter\Database\BaseBuilder->insert()
#5 C:\Users\Administrator\Documents\GITHUB\KAPAL-FE-HTML\home\vendor\codeigniter4\framework\system\BaseModel.php(838): CodeIgniter\Model->doInsert(Array)
#6 C:\Users\Administrator\Documents\GITHUB\KAPAL-FE-HTML\home\vendor\codeigniter4\framework\system\Model.php(797): CodeIgniter\BaseModel->insert(Array, true)
#7 C:\Users\Administrator\Documents\GITHUB\KAPAL-FE-HTML\home\app\Controllers\Contact.php(88): CodeIgniter\Model->insert(Array)
#8 C:\Users\Administrator\Documents\GITHUB\KAPAL-FE-HTML\home\vendor\codeigniter4\framework\system\CodeIgniter.php(933): App\Controllers\Contact->submit()
#9 C:\Users\Administrator\Documents\GITHUB\KAPAL-FE-HTML\home\vendor\codeigniter4\framework\system\CodeIgniter.php(507): CodeIgniter\CodeIgniter->runController(Object(App\Controllers\Contact))
#10 C:\Users\Administrator\Documents\GITHUB\KAPAL-FE-HTML\home\vendor\codeigniter4\framework\system\CodeIgniter.php(354): CodeIgniter\CodeIgniter->handleRequest(NULL, Object(Config\Cache), false)
#11 C:\Users\Administrator\Documents\GITHUB\KAPAL-FE-HTML\home\vendor\codeigniter4\framework\system\Boot.php(363): CodeIgniter\CodeIgniter->run()
#12 C:\Users\Administrator\Documents\GITHUB\KAPAL-FE-HTML\home\vendor\codeigniter4\framework\system\Boot.php(68): CodeIgniter\Boot::runCodeIgniter(Object(CodeIgniter\CodeIgniter))
#13 C:\Users\Administrator\Documents\GITHUB\KAPAL-FE-HTML\home\public\index.php(59): CodeIgniter\Boot::bootWeb(Object(Config\Paths))
#14 C:\Users\Administrator\Documents\GITHUB\KAPAL-FE-HTML\home\vendor\codeigniter4\framework\system\rewrite.php(44): require_once('C:\\Users\\Admini...')
#15 {main}
ERROR - 2025-08-26 07:31:40 --> Error sending contact message: Unknown column 'updated_at' in 'INSERT INTO'
DEBUG - 2025-08-26 07:31:41 --> Session: Class initialized using 'CodeIgniter\Session\Handlers\FileHandler' driver.
WARNING - 2025-08-26 07:31:41 --> [DEPRECATED] Creation of dynamic property App\Controllers\Contact::$session is deprecated in APPPATH\Controllers\BaseController.php on line 53.
 1 SYSTEMPATH\CodeIgniter.php(904): App\Controllers\BaseController->initController(Object(CodeIgniter\HTTP\IncomingRequest), Object(CodeIgniter\HTTP\Response), Object(CodeIgniter\Log\Logger))
 2 SYSTEMPATH\CodeIgniter.php(498): CodeIgniter\CodeIgniter->createController()
 3 SYSTEMPATH\CodeIgniter.php(354): CodeIgniter\CodeIgniter->handleRequest(null, Object(Config\Cache), false)
 4 SYSTEMPATH\Boot.php(363): CodeIgniter\CodeIgniter->run()
 5 SYSTEMPATH\Boot.php(68): CodeIgniter\Boot::runCodeIgniter(Object(CodeIgniter\CodeIgniter))
 6 FCPATH\index.php(59): CodeIgniter\Boot::bootWeb(Object(Config\Paths))
 7 SYSTEMPATH\rewrite.php(44): require_once('C:\\Users\\Administrator\\Documents\\GITHUB\\KAPAL-FE-HTML\\home\\public\\index.php')
DEBUG - 2025-08-26 07:32:21 --> Session: Class initialized using 'CodeIgniter\Session\Handlers\FileHandler' driver.
WARNING - 2025-08-26 07:32:21 --> [DEPRECATED] Creation of dynamic property App\Controllers\Contact::$session is deprecated in APPPATH\Controllers\BaseController.php on line 53.
 1 SYSTEMPATH\CodeIgniter.php(904): App\Controllers\BaseController->initController(Object(CodeIgniter\HTTP\IncomingRequest), Object(CodeIgniter\HTTP\Response), Object(CodeIgniter\Log\Logger))
 2 SYSTEMPATH\CodeIgniter.php(498): CodeIgniter\CodeIgniter->createController()
 3 SYSTEMPATH\CodeIgniter.php(354): CodeIgniter\CodeIgniter->handleRequest(null, Object(Config\Cache), false)
 4 SYSTEMPATH\Boot.php(363): CodeIgniter\CodeIgniter->run()
 5 SYSTEMPATH\Boot.php(68): CodeIgniter\Boot::runCodeIgniter(Object(CodeIgniter\CodeIgniter))
 6 FCPATH\index.php(59): CodeIgniter\Boot::bootWeb(Object(Config\Paths))
 7 SYSTEMPATH\rewrite.php(44): require_once('C:\\Users\\Administrator\\Documents\\GITHUB\\KAPAL-FE-HTML\\home\\public\\index.php')
DEBUG - 2025-08-26 07:32:29 --> Session: Class initialized using 'CodeIgniter\Session\Handlers\FileHandler' driver.
WARNING - 2025-08-26 07:32:29 --> [DEPRECATED] Creation of dynamic property App\Controllers\Contact::$session is deprecated in APPPATH\Controllers\BaseController.php on line 53.
 1 SYSTEMPATH\CodeIgniter.php(904): App\Controllers\BaseController->initController(Object(CodeIgniter\HTTP\IncomingRequest), Object(CodeIgniter\HTTP\Response), Object(CodeIgniter\Log\Logger))
 2 SYSTEMPATH\CodeIgniter.php(498): CodeIgniter\CodeIgniter->createController()
 3 SYSTEMPATH\CodeIgniter.php(354): CodeIgniter\CodeIgniter->handleRequest(null, Object(Config\Cache), false)
 4 SYSTEMPATH\Boot.php(363): CodeIgniter\CodeIgniter->run()
 5 SYSTEMPATH\Boot.php(68): CodeIgniter\Boot::runCodeIgniter(Object(CodeIgniter\CodeIgniter))
 6 FCPATH\index.php(59): CodeIgniter\Boot::bootWeb(Object(Config\Paths))
 7 SYSTEMPATH\rewrite.php(44): require_once('C:\\Users\\Administrator\\Documents\\GITHUB\\KAPAL-FE-HTML\\home\\public\\index.php')
ERROR - 2025-08-26 07:32:29 --> mysqli_sql_exception: Unknown column 'updated_at' in 'INSERT INTO' in C:\Users\Administrator\Documents\GITHUB\KAPAL-FE-HTML\home\vendor\codeigniter4\framework\system\Database\MySQLi\Connection.php:327
Stack trace:
#0 C:\Users\Administrator\Documents\GITHUB\KAPAL-FE-HTML\home\vendor\codeigniter4\framework\system\Database\MySQLi\Connection.php(327): mysqli->query('INSERT INTO `co...', 0)
#1 C:\Users\Administrator\Documents\GITHUB\KAPAL-FE-HTML\home\vendor\codeigniter4\framework\system\Database\BaseConnection.php(729): CodeIgniter\Database\MySQLi\Connection->execute('INSERT INTO `co...')
#2 C:\Users\Administrator\Documents\GITHUB\KAPAL-FE-HTML\home\vendor\codeigniter4\framework\system\Database\BaseConnection.php(646): CodeIgniter\Database\BaseConnection->simpleQuery('INSERT INTO `co...')
#3 C:\Users\Administrator\Documents\GITHUB\KAPAL-FE-HTML\home\vendor\codeigniter4\framework\system\Database\BaseBuilder.php(2345): CodeIgniter\Database\BaseConnection->query('INSERT INTO `co...', Array, false)
#4 C:\Users\Administrator\Documents\GITHUB\KAPAL-FE-HTML\home\vendor\codeigniter4\framework\system\Model.php(394): CodeIgniter\Database\BaseBuilder->insert()
#5 C:\Users\Administrator\Documents\GITHUB\KAPAL-FE-HTML\home\vendor\codeigniter4\framework\system\BaseModel.php(838): CodeIgniter\Model->doInsert(Array)
#6 C:\Users\Administrator\Documents\GITHUB\KAPAL-FE-HTML\home\vendor\codeigniter4\framework\system\Model.php(797): CodeIgniter\BaseModel->insert(Array, true)
#7 C:\Users\Administrator\Documents\GITHUB\KAPAL-FE-HTML\home\app\Controllers\Contact.php(88): CodeIgniter\Model->insert(Array)
#8 C:\Users\Administrator\Documents\GITHUB\KAPAL-FE-HTML\home\vendor\codeigniter4\framework\system\CodeIgniter.php(933): App\Controllers\Contact->submit()
#9 C:\Users\Administrator\Documents\GITHUB\KAPAL-FE-HTML\home\vendor\codeigniter4\framework\system\CodeIgniter.php(507): CodeIgniter\CodeIgniter->runController(Object(App\Controllers\Contact))
#10 C:\Users\Administrator\Documents\GITHUB\KAPAL-FE-HTML\home\vendor\codeigniter4\framework\system\CodeIgniter.php(354): CodeIgniter\CodeIgniter->handleRequest(NULL, Object(Config\Cache), false)
#11 C:\Users\Administrator\Documents\GITHUB\KAPAL-FE-HTML\home\vendor\codeigniter4\framework\system\Boot.php(363): CodeIgniter\CodeIgniter->run()
#12 C:\Users\Administrator\Documents\GITHUB\KAPAL-FE-HTML\home\vendor\codeigniter4\framework\system\Boot.php(68): CodeIgniter\Boot::runCodeIgniter(Object(CodeIgniter\CodeIgniter))
#13 C:\Users\Administrator\Documents\GITHUB\KAPAL-FE-HTML\home\public\index.php(59): CodeIgniter\Boot::bootWeb(Object(Config\Paths))
#14 C:\Users\Administrator\Documents\GITHUB\KAPAL-FE-HTML\home\vendor\codeigniter4\framework\system\rewrite.php(44): require_once('C:\\Users\\Admini...')
#15 {main}
ERROR - 2025-08-26 07:32:29 --> Error sending contact message: Unknown column 'updated_at' in 'INSERT INTO'
DEBUG - 2025-08-26 07:32:29 --> Session: Class initialized using 'CodeIgniter\Session\Handlers\FileHandler' driver.
WARNING - 2025-08-26 07:32:29 --> [DEPRECATED] Creation of dynamic property App\Controllers\Contact::$session is deprecated in APPPATH\Controllers\BaseController.php on line 53.
 1 SYSTEMPATH\CodeIgniter.php(904): App\Controllers\BaseController->initController(Object(CodeIgniter\HTTP\IncomingRequest), Object(CodeIgniter\HTTP\Response), Object(CodeIgniter\Log\Logger))
 2 SYSTEMPATH\CodeIgniter.php(498): CodeIgniter\CodeIgniter->createController()
 3 SYSTEMPATH\CodeIgniter.php(354): CodeIgniter\CodeIgniter->handleRequest(null, Object(Config\Cache), false)
 4 SYSTEMPATH\Boot.php(363): CodeIgniter\CodeIgniter->run()
 5 SYSTEMPATH\Boot.php(68): CodeIgniter\Boot::runCodeIgniter(Object(CodeIgniter\CodeIgniter))
 6 FCPATH\index.php(59): CodeIgniter\Boot::bootWeb(Object(Config\Paths))
 7 SYSTEMPATH\rewrite.php(44): require_once('C:\\Users\\Administrator\\Documents\\GITHUB\\KAPAL-FE-HTML\\home\\public\\index.php')
DEBUG - 2025-08-26 07:32:46 --> Session: Class initialized using 'CodeIgniter\Session\Handlers\FileHandler' driver.
WARNING - 2025-08-26 07:32:46 --> [DEPRECATED] Creation of dynamic property App\Controllers\Contact::$session is deprecated in APPPATH\Controllers\BaseController.php on line 53.
 1 SYSTEMPATH\CodeIgniter.php(904): App\Controllers\BaseController->initController(Object(CodeIgniter\HTTP\IncomingRequest), Object(CodeIgniter\HTTP\Response), Object(CodeIgniter\Log\Logger))
 2 SYSTEMPATH\CodeIgniter.php(498): CodeIgniter\CodeIgniter->createController()
 3 SYSTEMPATH\CodeIgniter.php(354): CodeIgniter\CodeIgniter->handleRequest(null, Object(Config\Cache), false)
 4 SYSTEMPATH\Boot.php(363): CodeIgniter\CodeIgniter->run()
 5 SYSTEMPATH\Boot.php(68): CodeIgniter\Boot::runCodeIgniter(Object(CodeIgniter\CodeIgniter))
 6 FCPATH\index.php(59): CodeIgniter\Boot::bootWeb(Object(Config\Paths))
 7 SYSTEMPATH\rewrite.php(44): require_once('C:\\Users\\Administrator\\Documents\\GITHUB\\KAPAL-FE-HTML\\home\\public\\index.php')
ERROR - 2025-08-26 07:32:46 --> mysqli_sql_exception: Unknown column 'updated_at' in 'INSERT INTO' in C:\Users\Administrator\Documents\GITHUB\KAPAL-FE-HTML\home\vendor\codeigniter4\framework\system\Database\MySQLi\Connection.php:327
Stack trace:
#0 C:\Users\Administrator\Documents\GITHUB\KAPAL-FE-HTML\home\vendor\codeigniter4\framework\system\Database\MySQLi\Connection.php(327): mysqli->query('INSERT INTO `co...', 0)
#1 C:\Users\Administrator\Documents\GITHUB\KAPAL-FE-HTML\home\vendor\codeigniter4\framework\system\Database\BaseConnection.php(729): CodeIgniter\Database\MySQLi\Connection->execute('INSERT INTO `co...')
#2 C:\Users\Administrator\Documents\GITHUB\KAPAL-FE-HTML\home\vendor\codeigniter4\framework\system\Database\BaseConnection.php(646): CodeIgniter\Database\BaseConnection->simpleQuery('INSERT INTO `co...')
#3 C:\Users\Administrator\Documents\GITHUB\KAPAL-FE-HTML\home\vendor\codeigniter4\framework\system\Database\BaseBuilder.php(2345): CodeIgniter\Database\BaseConnection->query('INSERT INTO `co...', Array, false)
#4 C:\Users\Administrator\Documents\GITHUB\KAPAL-FE-HTML\home\vendor\codeigniter4\framework\system\Model.php(394): CodeIgniter\Database\BaseBuilder->insert()
#5 C:\Users\Administrator\Documents\GITHUB\KAPAL-FE-HTML\home\vendor\codeigniter4\framework\system\BaseModel.php(838): CodeIgniter\Model->doInsert(Array)
#6 C:\Users\Administrator\Documents\GITHUB\KAPAL-FE-HTML\home\vendor\codeigniter4\framework\system\Model.php(797): CodeIgniter\BaseModel->insert(Array, true)
#7 C:\Users\Administrator\Documents\GITHUB\KAPAL-FE-HTML\home\app\Controllers\Contact.php(88): CodeIgniter\Model->insert(Array)
#8 C:\Users\Administrator\Documents\GITHUB\KAPAL-FE-HTML\home\vendor\codeigniter4\framework\system\CodeIgniter.php(933): App\Controllers\Contact->submit()
#9 C:\Users\Administrator\Documents\GITHUB\KAPAL-FE-HTML\home\vendor\codeigniter4\framework\system\CodeIgniter.php(507): CodeIgniter\CodeIgniter->runController(Object(App\Controllers\Contact))
#10 C:\Users\Administrator\Documents\GITHUB\KAPAL-FE-HTML\home\vendor\codeigniter4\framework\system\CodeIgniter.php(354): CodeIgniter\CodeIgniter->handleRequest(NULL, Object(Config\Cache), false)
#11 C:\Users\Administrator\Documents\GITHUB\KAPAL-FE-HTML\home\vendor\codeigniter4\framework\system\Boot.php(363): CodeIgniter\CodeIgniter->run()
#12 C:\Users\Administrator\Documents\GITHUB\KAPAL-FE-HTML\home\vendor\codeigniter4\framework\system\Boot.php(68): CodeIgniter\Boot::runCodeIgniter(Object(CodeIgniter\CodeIgniter))
#13 C:\Users\Administrator\Documents\GITHUB\KAPAL-FE-HTML\home\public\index.php(59): CodeIgniter\Boot::bootWeb(Object(Config\Paths))
#14 C:\Users\Administrator\Documents\GITHUB\KAPAL-FE-HTML\home\vendor\codeigniter4\framework\system\rewrite.php(44): require_once('C:\\Users\\Admini...')
#15 {main}
ERROR - 2025-08-26 07:32:46 --> Error sending contact message: Unknown column 'updated_at' in 'INSERT INTO'
DEBUG - 2025-08-26 07:32:46 --> Session: Class initialized using 'CodeIgniter\Session\Handlers\FileHandler' driver.
WARNING - 2025-08-26 07:32:46 --> [DEPRECATED] Creation of dynamic property App\Controllers\Contact::$session is deprecated in APPPATH\Controllers\BaseController.php on line 53.
 1 SYSTEMPATH\CodeIgniter.php(904): App\Controllers\BaseController->initController(Object(CodeIgniter\HTTP\IncomingRequest), Object(CodeIgniter\HTTP\Response), Object(CodeIgniter\Log\Logger))
 2 SYSTEMPATH\CodeIgniter.php(498): CodeIgniter\CodeIgniter->createController()
 3 SYSTEMPATH\CodeIgniter.php(354): CodeIgniter\CodeIgniter->handleRequest(null, Object(Config\Cache), false)
 4 SYSTEMPATH\Boot.php(363): CodeIgniter\CodeIgniter->run()
 5 SYSTEMPATH\Boot.php(68): CodeIgniter\Boot::runCodeIgniter(Object(CodeIgniter\CodeIgniter))
 6 FCPATH\index.php(59): CodeIgniter\Boot::bootWeb(Object(Config\Paths))
 7 SYSTEMPATH\rewrite.php(44): require_once('C:\\Users\\Administrator\\Documents\\GITHUB\\KAPAL-FE-HTML\\home\\public\\index.php')
DEBUG - 2025-08-26 07:32:49 --> Session: Class initialized using 'CodeIgniter\Session\Handlers\FileHandler' driver.
WARNING - 2025-08-26 07:32:49 --> [DEPRECATED] Creation of dynamic property App\Controllers\Contact::$session is deprecated in APPPATH\Controllers\BaseController.php on line 53.
 1 SYSTEMPATH\CodeIgniter.php(904): App\Controllers\BaseController->initController(Object(CodeIgniter\HTTP\IncomingRequest), Object(CodeIgniter\HTTP\Response), Object(CodeIgniter\Log\Logger))
 2 SYSTEMPATH\CodeIgniter.php(498): CodeIgniter\CodeIgniter->createController()
 3 SYSTEMPATH\CodeIgniter.php(354): CodeIgniter\CodeIgniter->handleRequest(null, Object(Config\Cache), false)
 4 SYSTEMPATH\Boot.php(363): CodeIgniter\CodeIgniter->run()
 5 SYSTEMPATH\Boot.php(68): CodeIgniter\Boot::runCodeIgniter(Object(CodeIgniter\CodeIgniter))
 6 FCPATH\index.php(59): CodeIgniter\Boot::bootWeb(Object(Config\Paths))
 7 SYSTEMPATH\rewrite.php(44): require_once('C:\\Users\\Administrator\\Documents\\GITHUB\\KAPAL-FE-HTML\\home\\public\\index.php')
ERROR - 2025-08-26 07:32:49 --> mysqli_sql_exception: Unknown column 'updated_at' in 'INSERT INTO' in C:\Users\Administrator\Documents\GITHUB\KAPAL-FE-HTML\home\vendor\codeigniter4\framework\system\Database\MySQLi\Connection.php:327
Stack trace:
#0 C:\Users\Administrator\Documents\GITHUB\KAPAL-FE-HTML\home\vendor\codeigniter4\framework\system\Database\MySQLi\Connection.php(327): mysqli->query('INSERT INTO `co...', 0)
#1 C:\Users\Administrator\Documents\GITHUB\KAPAL-FE-HTML\home\vendor\codeigniter4\framework\system\Database\BaseConnection.php(729): CodeIgniter\Database\MySQLi\Connection->execute('INSERT INTO `co...')
#2 C:\Users\Administrator\Documents\GITHUB\KAPAL-FE-HTML\home\vendor\codeigniter4\framework\system\Database\BaseConnection.php(646): CodeIgniter\Database\BaseConnection->simpleQuery('INSERT INTO `co...')
#3 C:\Users\Administrator\Documents\GITHUB\KAPAL-FE-HTML\home\vendor\codeigniter4\framework\system\Database\BaseBuilder.php(2345): CodeIgniter\Database\BaseConnection->query('INSERT INTO `co...', Array, false)
#4 C:\Users\Administrator\Documents\GITHUB\KAPAL-FE-HTML\home\vendor\codeigniter4\framework\system\Model.php(394): CodeIgniter\Database\BaseBuilder->insert()
#5 C:\Users\Administrator\Documents\GITHUB\KAPAL-FE-HTML\home\vendor\codeigniter4\framework\system\BaseModel.php(838): CodeIgniter\Model->doInsert(Array)
#6 C:\Users\Administrator\Documents\GITHUB\KAPAL-FE-HTML\home\vendor\codeigniter4\framework\system\Model.php(797): CodeIgniter\BaseModel->insert(Array, true)
#7 C:\Users\Administrator\Documents\GITHUB\KAPAL-FE-HTML\home\app\Controllers\Contact.php(88): CodeIgniter\Model->insert(Array)
#8 C:\Users\Administrator\Documents\GITHUB\KAPAL-FE-HTML\home\vendor\codeigniter4\framework\system\CodeIgniter.php(933): App\Controllers\Contact->submit()
#9 C:\Users\Administrator\Documents\GITHUB\KAPAL-FE-HTML\home\vendor\codeigniter4\framework\system\CodeIgniter.php(507): CodeIgniter\CodeIgniter->runController(Object(App\Controllers\Contact))
#10 C:\Users\Administrator\Documents\GITHUB\KAPAL-FE-HTML\home\vendor\codeigniter4\framework\system\CodeIgniter.php(354): CodeIgniter\CodeIgniter->handleRequest(NULL, Object(Config\Cache), false)
#11 C:\Users\Administrator\Documents\GITHUB\KAPAL-FE-HTML\home\vendor\codeigniter4\framework\system\Boot.php(363): CodeIgniter\CodeIgniter->run()
#12 C:\Users\Administrator\Documents\GITHUB\KAPAL-FE-HTML\home\vendor\codeigniter4\framework\system\Boot.php(68): CodeIgniter\Boot::runCodeIgniter(Object(CodeIgniter\CodeIgniter))
#13 C:\Users\Administrator\Documents\GITHUB\KAPAL-FE-HTML\home\public\index.php(59): CodeIgniter\Boot::bootWeb(Object(Config\Paths))
#14 C:\Users\Administrator\Documents\GITHUB\KAPAL-FE-HTML\home\vendor\codeigniter4\framework\system\rewrite.php(44): require_once('C:\\Users\\Admini...')
#15 {main}
ERROR - 2025-08-26 07:32:49 --> Error sending contact message: Unknown column 'updated_at' in 'INSERT INTO'
DEBUG - 2025-08-26 07:32:49 --> Session: Class initialized using 'CodeIgniter\Session\Handlers\FileHandler' driver.
WARNING - 2025-08-26 07:32:49 --> [DEPRECATED] Creation of dynamic property App\Controllers\Contact::$session is deprecated in APPPATH\Controllers\BaseController.php on line 53.
 1 SYSTEMPATH\CodeIgniter.php(904): App\Controllers\BaseController->initController(Object(CodeIgniter\HTTP\IncomingRequest), Object(CodeIgniter\HTTP\Response), Object(CodeIgniter\Log\Logger))
 2 SYSTEMPATH\CodeIgniter.php(498): CodeIgniter\CodeIgniter->createController()
 3 SYSTEMPATH\CodeIgniter.php(354): CodeIgniter\CodeIgniter->handleRequest(null, Object(Config\Cache), false)
 4 SYSTEMPATH\Boot.php(363): CodeIgniter\CodeIgniter->run()
 5 SYSTEMPATH\Boot.php(68): CodeIgniter\Boot::runCodeIgniter(Object(CodeIgniter\CodeIgniter))
 6 FCPATH\index.php(59): CodeIgniter\Boot::bootWeb(Object(Config\Paths))
 7 SYSTEMPATH\rewrite.php(44): require_once('C:\\Users\\Administrator\\Documents\\GITHUB\\KAPAL-FE-HTML\\home\\public\\index.php')
DEBUG - 2025-08-26 07:33:21 --> Session: Class initialized using 'CodeIgniter\Session\Handlers\FileHandler' driver.
WARNING - 2025-08-26 07:33:21 --> [DEPRECATED] Creation of dynamic property App\Controllers\Contact::$session is deprecated in APPPATH\Controllers\BaseController.php on line 53.
 1 SYSTEMPATH\CodeIgniter.php(904): App\Controllers\BaseController->initController(Object(CodeIgniter\HTTP\IncomingRequest), Object(CodeIgniter\HTTP\Response), Object(CodeIgniter\Log\Logger))
 2 SYSTEMPATH\CodeIgniter.php(498): CodeIgniter\CodeIgniter->createController()
 3 SYSTEMPATH\CodeIgniter.php(354): CodeIgniter\CodeIgniter->handleRequest(null, Object(Config\Cache), false)
 4 SYSTEMPATH\Boot.php(363): CodeIgniter\CodeIgniter->run()
 5 SYSTEMPATH\Boot.php(68): CodeIgniter\Boot::runCodeIgniter(Object(CodeIgniter\CodeIgniter))
 6 FCPATH\index.php(59): CodeIgniter\Boot::bootWeb(Object(Config\Paths))
 7 SYSTEMPATH\rewrite.php(44): require_once('C:\\Users\\Administrator\\Documents\\GITHUB\\KAPAL-FE-HTML\\home\\public\\index.php')
ERROR - 2025-08-26 07:33:21 --> mysqli_sql_exception: Unknown column 'updated_at' in 'INSERT INTO' in C:\Users\Administrator\Documents\GITHUB\KAPAL-FE-HTML\home\vendor\codeigniter4\framework\system\Database\MySQLi\Connection.php:327
Stack trace:
#0 C:\Users\Administrator\Documents\GITHUB\KAPAL-FE-HTML\home\vendor\codeigniter4\framework\system\Database\MySQLi\Connection.php(327): mysqli->query('INSERT INTO `co...', 0)
#1 C:\Users\Administrator\Documents\GITHUB\KAPAL-FE-HTML\home\vendor\codeigniter4\framework\system\Database\BaseConnection.php(729): CodeIgniter\Database\MySQLi\Connection->execute('INSERT INTO `co...')
#2 C:\Users\Administrator\Documents\GITHUB\KAPAL-FE-HTML\home\vendor\codeigniter4\framework\system\Database\BaseConnection.php(646): CodeIgniter\Database\BaseConnection->simpleQuery('INSERT INTO `co...')
#3 C:\Users\Administrator\Documents\GITHUB\KAPAL-FE-HTML\home\vendor\codeigniter4\framework\system\Database\BaseBuilder.php(2345): CodeIgniter\Database\BaseConnection->query('INSERT INTO `co...', Array, false)
#4 C:\Users\Administrator\Documents\GITHUB\KAPAL-FE-HTML\home\vendor\codeigniter4\framework\system\Model.php(394): CodeIgniter\Database\BaseBuilder->insert()
#5 C:\Users\Administrator\Documents\GITHUB\KAPAL-FE-HTML\home\vendor\codeigniter4\framework\system\BaseModel.php(838): CodeIgniter\Model->doInsert(Array)
#6 C:\Users\Administrator\Documents\GITHUB\KAPAL-FE-HTML\home\vendor\codeigniter4\framework\system\Model.php(797): CodeIgniter\BaseModel->insert(Array, false)
#7 C:\Users\Administrator\Documents\GITHUB\KAPAL-FE-HTML\home\vendor\codeigniter4\framework\system\BaseModel.php(751): CodeIgniter\Model->insert(Array, false)
#8 C:\Users\Administrator\Documents\GITHUB\KAPAL-FE-HTML\home\app\Controllers\Contact.php(88): CodeIgniter\BaseModel->save(Array)
#9 C:\Users\Administrator\Documents\GITHUB\KAPAL-FE-HTML\home\vendor\codeigniter4\framework\system\CodeIgniter.php(933): App\Controllers\Contact->submit()
#10 C:\Users\Administrator\Documents\GITHUB\KAPAL-FE-HTML\home\vendor\codeigniter4\framework\system\CodeIgniter.php(507): CodeIgniter\CodeIgniter->runController(Object(App\Controllers\Contact))
#11 C:\Users\Administrator\Documents\GITHUB\KAPAL-FE-HTML\home\vendor\codeigniter4\framework\system\CodeIgniter.php(354): CodeIgniter\CodeIgniter->handleRequest(NULL, Object(Config\Cache), false)
#12 C:\Users\Administrator\Documents\GITHUB\KAPAL-FE-HTML\home\vendor\codeigniter4\framework\system\Boot.php(363): CodeIgniter\CodeIgniter->run()
#13 C:\Users\Administrator\Documents\GITHUB\KAPAL-FE-HTML\home\vendor\codeigniter4\framework\system\Boot.php(68): CodeIgniter\Boot::runCodeIgniter(Object(CodeIgniter\CodeIgniter))
#14 C:\Users\Administrator\Documents\GITHUB\KAPAL-FE-HTML\home\public\index.php(59): CodeIgniter\Boot::bootWeb(Object(Config\Paths))
#15 C:\Users\Administrator\Documents\GITHUB\KAPAL-FE-HTML\home\vendor\codeigniter4\framework\system\rewrite.php(44): require_once('C:\\Users\\Admini...')
#16 {main}
ERROR - 2025-08-26 07:33:21 --> Error sending contact message: Unknown column 'updated_at' in 'INSERT INTO'
DEBUG - 2025-08-26 07:33:21 --> Session: Class initialized using 'CodeIgniter\Session\Handlers\FileHandler' driver.
WARNING - 2025-08-26 07:33:21 --> [DEPRECATED] Creation of dynamic property App\Controllers\Contact::$session is deprecated in APPPATH\Controllers\BaseController.php on line 53.
 1 SYSTEMPATH\CodeIgniter.php(904): App\Controllers\BaseController->initController(Object(CodeIgniter\HTTP\IncomingRequest), Object(CodeIgniter\HTTP\Response), Object(CodeIgniter\Log\Logger))
 2 SYSTEMPATH\CodeIgniter.php(498): CodeIgniter\CodeIgniter->createController()
 3 SYSTEMPATH\CodeIgniter.php(354): CodeIgniter\CodeIgniter->handleRequest(null, Object(Config\Cache), false)
 4 SYSTEMPATH\Boot.php(363): CodeIgniter\CodeIgniter->run()
 5 SYSTEMPATH\Boot.php(68): CodeIgniter\Boot::runCodeIgniter(Object(CodeIgniter\CodeIgniter))
 6 FCPATH\index.php(59): CodeIgniter\Boot::bootWeb(Object(Config\Paths))
 7 SYSTEMPATH\rewrite.php(44): require_once('C:\\Users\\Administrator\\Documents\\GITHUB\\KAPAL-FE-HTML\\home\\public\\index.php')
DEBUG - 2025-08-26 07:33:23 --> Session: Class initialized using 'CodeIgniter\Session\Handlers\FileHandler' driver.
WARNING - 2025-08-26 07:33:23 --> [DEPRECATED] Creation of dynamic property App\Controllers\Contact::$session is deprecated in APPPATH\Controllers\BaseController.php on line 53.
 1 SYSTEMPATH\CodeIgniter.php(904): App\Controllers\BaseController->initController(Object(CodeIgniter\HTTP\IncomingRequest), Object(CodeIgniter\HTTP\Response), Object(CodeIgniter\Log\Logger))
 2 SYSTEMPATH\CodeIgniter.php(498): CodeIgniter\CodeIgniter->createController()
 3 SYSTEMPATH\CodeIgniter.php(354): CodeIgniter\CodeIgniter->handleRequest(null, Object(Config\Cache), false)
 4 SYSTEMPATH\Boot.php(363): CodeIgniter\CodeIgniter->run()
 5 SYSTEMPATH\Boot.php(68): CodeIgniter\Boot::runCodeIgniter(Object(CodeIgniter\CodeIgniter))
 6 FCPATH\index.php(59): CodeIgniter\Boot::bootWeb(Object(Config\Paths))
 7 SYSTEMPATH\rewrite.php(44): require_once('C:\\Users\\Administrator\\Documents\\GITHUB\\KAPAL-FE-HTML\\home\\public\\index.php')
ERROR - 2025-08-26 07:33:23 --> mysqli_sql_exception: Unknown column 'updated_at' in 'INSERT INTO' in C:\Users\Administrator\Documents\GITHUB\KAPAL-FE-HTML\home\vendor\codeigniter4\framework\system\Database\MySQLi\Connection.php:327
Stack trace:
#0 C:\Users\Administrator\Documents\GITHUB\KAPAL-FE-HTML\home\vendor\codeigniter4\framework\system\Database\MySQLi\Connection.php(327): mysqli->query('INSERT INTO `co...', 0)
#1 C:\Users\Administrator\Documents\GITHUB\KAPAL-FE-HTML\home\vendor\codeigniter4\framework\system\Database\BaseConnection.php(729): CodeIgniter\Database\MySQLi\Connection->execute('INSERT INTO `co...')
#2 C:\Users\Administrator\Documents\GITHUB\KAPAL-FE-HTML\home\vendor\codeigniter4\framework\system\Database\BaseConnection.php(646): CodeIgniter\Database\BaseConnection->simpleQuery('INSERT INTO `co...')
#3 C:\Users\Administrator\Documents\GITHUB\KAPAL-FE-HTML\home\vendor\codeigniter4\framework\system\Database\BaseBuilder.php(2345): CodeIgniter\Database\BaseConnection->query('INSERT INTO `co...', Array, false)
#4 C:\Users\Administrator\Documents\GITHUB\KAPAL-FE-HTML\home\vendor\codeigniter4\framework\system\Model.php(394): CodeIgniter\Database\BaseBuilder->insert()
#5 C:\Users\Administrator\Documents\GITHUB\KAPAL-FE-HTML\home\vendor\codeigniter4\framework\system\BaseModel.php(838): CodeIgniter\Model->doInsert(Array)
#6 C:\Users\Administrator\Documents\GITHUB\KAPAL-FE-HTML\home\vendor\codeigniter4\framework\system\Model.php(797): CodeIgniter\BaseModel->insert(Array, false)
#7 C:\Users\Administrator\Documents\GITHUB\KAPAL-FE-HTML\home\vendor\codeigniter4\framework\system\BaseModel.php(751): CodeIgniter\Model->insert(Array, false)
#8 C:\Users\Administrator\Documents\GITHUB\KAPAL-FE-HTML\home\app\Controllers\Contact.php(88): CodeIgniter\BaseModel->save(Array)
#9 C:\Users\Administrator\Documents\GITHUB\KAPAL-FE-HTML\home\vendor\codeigniter4\framework\system\CodeIgniter.php(933): App\Controllers\Contact->submit()
#10 C:\Users\Administrator\Documents\GITHUB\KAPAL-FE-HTML\home\vendor\codeigniter4\framework\system\CodeIgniter.php(507): CodeIgniter\CodeIgniter->runController(Object(App\Controllers\Contact))
#11 C:\Users\Administrator\Documents\GITHUB\KAPAL-FE-HTML\home\vendor\codeigniter4\framework\system\CodeIgniter.php(354): CodeIgniter\CodeIgniter->handleRequest(NULL, Object(Config\Cache), false)
#12 C:\Users\Administrator\Documents\GITHUB\KAPAL-FE-HTML\home\vendor\codeigniter4\framework\system\Boot.php(363): CodeIgniter\CodeIgniter->run()
#13 C:\Users\Administrator\Documents\GITHUB\KAPAL-FE-HTML\home\vendor\codeigniter4\framework\system\Boot.php(68): CodeIgniter\Boot::runCodeIgniter(Object(CodeIgniter\CodeIgniter))
#14 C:\Users\Administrator\Documents\GITHUB\KAPAL-FE-HTML\home\public\index.php(59): CodeIgniter\Boot::bootWeb(Object(Config\Paths))
#15 C:\Users\Administrator\Documents\GITHUB\KAPAL-FE-HTML\home\vendor\codeigniter4\framework\system\rewrite.php(44): require_once('C:\\Users\\Admini...')
#16 {main}
ERROR - 2025-08-26 07:33:23 --> Error sending contact message: Unknown column 'updated_at' in 'INSERT INTO'
DEBUG - 2025-08-26 07:33:23 --> Session: Class initialized using 'CodeIgniter\Session\Handlers\FileHandler' driver.
WARNING - 2025-08-26 07:33:23 --> [DEPRECATED] Creation of dynamic property App\Controllers\Contact::$session is deprecated in APPPATH\Controllers\BaseController.php on line 53.
 1 SYSTEMPATH\CodeIgniter.php(904): App\Controllers\BaseController->initController(Object(CodeIgniter\HTTP\IncomingRequest), Object(CodeIgniter\HTTP\Response), Object(CodeIgniter\Log\Logger))
 2 SYSTEMPATH\CodeIgniter.php(498): CodeIgniter\CodeIgniter->createController()
 3 SYSTEMPATH\CodeIgniter.php(354): CodeIgniter\CodeIgniter->handleRequest(null, Object(Config\Cache), false)
 4 SYSTEMPATH\Boot.php(363): CodeIgniter\CodeIgniter->run()
 5 SYSTEMPATH\Boot.php(68): CodeIgniter\Boot::runCodeIgniter(Object(CodeIgniter\CodeIgniter))
 6 FCPATH\index.php(59): CodeIgniter\Boot::bootWeb(Object(Config\Paths))
 7 SYSTEMPATH\rewrite.php(44): require_once('C:\\Users\\Administrator\\Documents\\GITHUB\\KAPAL-FE-HTML\\home\\public\\index.php')
DEBUG - 2025-08-26 07:33:49 --> Session: Class initialized using 'CodeIgniter\Session\Handlers\FileHandler' driver.
WARNING - 2025-08-26 07:33:49 --> [DEPRECATED] Creation of dynamic property App\Controllers\Contact::$session is deprecated in APPPATH\Controllers\BaseController.php on line 53.
 1 SYSTEMPATH\CodeIgniter.php(904): App\Controllers\BaseController->initController(Object(CodeIgniter\HTTP\IncomingRequest), Object(CodeIgniter\HTTP\Response), Object(CodeIgniter\Log\Logger))
 2 SYSTEMPATH\CodeIgniter.php(498): CodeIgniter\CodeIgniter->createController()
 3 SYSTEMPATH\CodeIgniter.php(354): CodeIgniter\CodeIgniter->handleRequest(null, Object(Config\Cache), false)
 4 SYSTEMPATH\Boot.php(363): CodeIgniter\CodeIgniter->run()
 5 SYSTEMPATH\Boot.php(68): CodeIgniter\Boot::runCodeIgniter(Object(CodeIgniter\CodeIgniter))
 6 FCPATH\index.php(59): CodeIgniter\Boot::bootWeb(Object(Config\Paths))
 7 SYSTEMPATH\rewrite.php(44): require_once('C:\\Users\\Administrator\\Documents\\GITHUB\\KAPAL-FE-HTML\\home\\public\\index.php')
ERROR - 2025-08-26 07:33:49 --> mysqli_sql_exception: Unknown column 'updated_at' in 'INSERT INTO' in C:\Users\Administrator\Documents\GITHUB\KAPAL-FE-HTML\home\vendor\codeigniter4\framework\system\Database\MySQLi\Connection.php:327
Stack trace:
#0 C:\Users\Administrator\Documents\GITHUB\KAPAL-FE-HTML\home\vendor\codeigniter4\framework\system\Database\MySQLi\Connection.php(327): mysqli->query('INSERT INTO `co...', 0)
#1 C:\Users\Administrator\Documents\GITHUB\KAPAL-FE-HTML\home\vendor\codeigniter4\framework\system\Database\BaseConnection.php(729): CodeIgniter\Database\MySQLi\Connection->execute('INSERT INTO `co...')
#2 C:\Users\Administrator\Documents\GITHUB\KAPAL-FE-HTML\home\vendor\codeigniter4\framework\system\Database\BaseConnection.php(646): CodeIgniter\Database\BaseConnection->simpleQuery('INSERT INTO `co...')
#3 C:\Users\Administrator\Documents\GITHUB\KAPAL-FE-HTML\home\vendor\codeigniter4\framework\system\Database\BaseBuilder.php(2345): CodeIgniter\Database\BaseConnection->query('INSERT INTO `co...', Array, false)
#4 C:\Users\Administrator\Documents\GITHUB\KAPAL-FE-HTML\home\vendor\codeigniter4\framework\system\Model.php(394): CodeIgniter\Database\BaseBuilder->insert()
#5 C:\Users\Administrator\Documents\GITHUB\KAPAL-FE-HTML\home\vendor\codeigniter4\framework\system\BaseModel.php(838): CodeIgniter\Model->doInsert(Array)
#6 C:\Users\Administrator\Documents\GITHUB\KAPAL-FE-HTML\home\vendor\codeigniter4\framework\system\Model.php(797): CodeIgniter\BaseModel->insert(Array, false)
#7 C:\Users\Administrator\Documents\GITHUB\KAPAL-FE-HTML\home\vendor\codeigniter4\framework\system\BaseModel.php(751): CodeIgniter\Model->insert(Array, false)
#8 C:\Users\Administrator\Documents\GITHUB\KAPAL-FE-HTML\home\app\Controllers\Contact.php(88): CodeIgniter\BaseModel->save(Array)
#9 C:\Users\Administrator\Documents\GITHUB\KAPAL-FE-HTML\home\vendor\codeigniter4\framework\system\CodeIgniter.php(933): App\Controllers\Contact->submit()
#10 C:\Users\Administrator\Documents\GITHUB\KAPAL-FE-HTML\home\vendor\codeigniter4\framework\system\CodeIgniter.php(507): CodeIgniter\CodeIgniter->runController(Object(App\Controllers\Contact))
#11 C:\Users\Administrator\Documents\GITHUB\KAPAL-FE-HTML\home\vendor\codeigniter4\framework\system\CodeIgniter.php(354): CodeIgniter\CodeIgniter->handleRequest(NULL, Object(Config\Cache), false)
#12 C:\Users\Administrator\Documents\GITHUB\KAPAL-FE-HTML\home\vendor\codeigniter4\framework\system\Boot.php(363): CodeIgniter\CodeIgniter->run()
#13 C:\Users\Administrator\Documents\GITHUB\KAPAL-FE-HTML\home\vendor\codeigniter4\framework\system\Boot.php(68): CodeIgniter\Boot::runCodeIgniter(Object(CodeIgniter\CodeIgniter))
#14 C:\Users\Administrator\Documents\GITHUB\KAPAL-FE-HTML\home\public\index.php(59): CodeIgniter\Boot::bootWeb(Object(Config\Paths))
#15 C:\Users\Administrator\Documents\GITHUB\KAPAL-FE-HTML\home\vendor\codeigniter4\framework\system\rewrite.php(44): require_once('C:\\Users\\Admini...')
#16 {main}
ERROR - 2025-08-26 07:33:49 --> Error sending contact message: Unknown column 'updated_at' in 'INSERT INTO'
DEBUG - 2025-08-26 07:33:49 --> Session: Class initialized using 'CodeIgniter\Session\Handlers\FileHandler' driver.
WARNING - 2025-08-26 07:33:49 --> [DEPRECATED] Creation of dynamic property App\Controllers\Contact::$session is deprecated in APPPATH\Controllers\BaseController.php on line 53.
 1 SYSTEMPATH\CodeIgniter.php(904): App\Controllers\BaseController->initController(Object(CodeIgniter\HTTP\IncomingRequest), Object(CodeIgniter\HTTP\Response), Object(CodeIgniter\Log\Logger))
 2 SYSTEMPATH\CodeIgniter.php(498): CodeIgniter\CodeIgniter->createController()
 3 SYSTEMPATH\CodeIgniter.php(354): CodeIgniter\CodeIgniter->handleRequest(null, Object(Config\Cache), false)
 4 SYSTEMPATH\Boot.php(363): CodeIgniter\CodeIgniter->run()
 5 SYSTEMPATH\Boot.php(68): CodeIgniter\Boot::runCodeIgniter(Object(CodeIgniter\CodeIgniter))
 6 FCPATH\index.php(59): CodeIgniter\Boot::bootWeb(Object(Config\Paths))
 7 SYSTEMPATH\rewrite.php(44): require_once('C:\\Users\\Administrator\\Documents\\GITHUB\\KAPAL-FE-HTML\\home\\public\\index.php')
DEBUG - 2025-08-26 07:34:19 --> Session: Class initialized using 'CodeIgniter\Session\Handlers\FileHandler' driver.
WARNING - 2025-08-26 07:34:19 --> [DEPRECATED] Creation of dynamic property App\Controllers\Contact::$session is deprecated in APPPATH\Controllers\BaseController.php on line 53.
 1 SYSTEMPATH\CodeIgniter.php(904): App\Controllers\BaseController->initController(Object(CodeIgniter\HTTP\IncomingRequest), Object(CodeIgniter\HTTP\Response), Object(CodeIgniter\Log\Logger))
 2 SYSTEMPATH\CodeIgniter.php(498): CodeIgniter\CodeIgniter->createController()
 3 SYSTEMPATH\CodeIgniter.php(354): CodeIgniter\CodeIgniter->handleRequest(null, Object(Config\Cache), false)
 4 SYSTEMPATH\Boot.php(363): CodeIgniter\CodeIgniter->run()
 5 SYSTEMPATH\Boot.php(68): CodeIgniter\Boot::runCodeIgniter(Object(CodeIgniter\CodeIgniter))
 6 FCPATH\index.php(59): CodeIgniter\Boot::bootWeb(Object(Config\Paths))
 7 SYSTEMPATH\rewrite.php(44): require_once('C:\\Users\\Administrator\\Documents\\GITHUB\\KAPAL-FE-HTML\\home\\public\\index.php')
ERROR - 2025-08-26 07:34:19 --> mysqli_sql_exception: Unknown column 'updated_at' in 'INSERT INTO' in C:\Users\Administrator\Documents\GITHUB\KAPAL-FE-HTML\home\vendor\codeigniter4\framework\system\Database\MySQLi\Connection.php:327
Stack trace:
#0 C:\Users\Administrator\Documents\GITHUB\KAPAL-FE-HTML\home\vendor\codeigniter4\framework\system\Database\MySQLi\Connection.php(327): mysqli->query('INSERT INTO `co...', 0)
#1 C:\Users\Administrator\Documents\GITHUB\KAPAL-FE-HTML\home\vendor\codeigniter4\framework\system\Database\BaseConnection.php(729): CodeIgniter\Database\MySQLi\Connection->execute('INSERT INTO `co...')
#2 C:\Users\Administrator\Documents\GITHUB\KAPAL-FE-HTML\home\vendor\codeigniter4\framework\system\Database\BaseConnection.php(646): CodeIgniter\Database\BaseConnection->simpleQuery('INSERT INTO `co...')
#3 C:\Users\Administrator\Documents\GITHUB\KAPAL-FE-HTML\home\vendor\codeigniter4\framework\system\Database\BaseBuilder.php(2345): CodeIgniter\Database\BaseConnection->query('INSERT INTO `co...', Array, false)
#4 C:\Users\Administrator\Documents\GITHUB\KAPAL-FE-HTML\home\vendor\codeigniter4\framework\system\Model.php(394): CodeIgniter\Database\BaseBuilder->insert()
#5 C:\Users\Administrator\Documents\GITHUB\KAPAL-FE-HTML\home\vendor\codeigniter4\framework\system\BaseModel.php(838): CodeIgniter\Model->doInsert(Array)
#6 C:\Users\Administrator\Documents\GITHUB\KAPAL-FE-HTML\home\vendor\codeigniter4\framework\system\Model.php(797): CodeIgniter\BaseModel->insert(Array, false)
#7 C:\Users\Administrator\Documents\GITHUB\KAPAL-FE-HTML\home\vendor\codeigniter4\framework\system\BaseModel.php(751): CodeIgniter\Model->insert(Array, false)
#8 C:\Users\Administrator\Documents\GITHUB\KAPAL-FE-HTML\home\app\Controllers\Contact.php(88): CodeIgniter\BaseModel->save(Array)
#9 C:\Users\Administrator\Documents\GITHUB\KAPAL-FE-HTML\home\vendor\codeigniter4\framework\system\CodeIgniter.php(933): App\Controllers\Contact->submit()
#10 C:\Users\Administrator\Documents\GITHUB\KAPAL-FE-HTML\home\vendor\codeigniter4\framework\system\CodeIgniter.php(507): CodeIgniter\CodeIgniter->runController(Object(App\Controllers\Contact))
#11 C:\Users\Administrator\Documents\GITHUB\KAPAL-FE-HTML\home\vendor\codeigniter4\framework\system\CodeIgniter.php(354): CodeIgniter\CodeIgniter->handleRequest(NULL, Object(Config\Cache), false)
#12 C:\Users\Administrator\Documents\GITHUB\KAPAL-FE-HTML\home\vendor\codeigniter4\framework\system\Boot.php(363): CodeIgniter\CodeIgniter->run()
#13 C:\Users\Administrator\Documents\GITHUB\KAPAL-FE-HTML\home\vendor\codeigniter4\framework\system\Boot.php(68): CodeIgniter\Boot::runCodeIgniter(Object(CodeIgniter\CodeIgniter))
#14 C:\Users\Administrator\Documents\GITHUB\KAPAL-FE-HTML\home\public\index.php(59): CodeIgniter\Boot::bootWeb(Object(Config\Paths))
#15 C:\Users\Administrator\Documents\GITHUB\KAPAL-FE-HTML\home\vendor\codeigniter4\framework\system\rewrite.php(44): require_once('C:\\Users\\Admini...')
#16 {main}
ERROR - 2025-08-26 07:34:19 --> Error sending contact message: Unknown column 'updated_at' in 'INSERT INTO'
DEBUG - 2025-08-26 07:34:19 --> Session: Class initialized using 'CodeIgniter\Session\Handlers\FileHandler' driver.
WARNING - 2025-08-26 07:34:19 --> [DEPRECATED] Creation of dynamic property App\Controllers\Contact::$session is deprecated in APPPATH\Controllers\BaseController.php on line 53.
 1 SYSTEMPATH\CodeIgniter.php(904): App\Controllers\BaseController->initController(Object(CodeIgniter\HTTP\IncomingRequest), Object(CodeIgniter\HTTP\Response), Object(CodeIgniter\Log\Logger))
 2 SYSTEMPATH\CodeIgniter.php(498): CodeIgniter\CodeIgniter->createController()
 3 SYSTEMPATH\CodeIgniter.php(354): CodeIgniter\CodeIgniter->handleRequest(null, Object(Config\Cache), false)
 4 SYSTEMPATH\Boot.php(363): CodeIgniter\CodeIgniter->run()
 5 SYSTEMPATH\Boot.php(68): CodeIgniter\Boot::runCodeIgniter(Object(CodeIgniter\CodeIgniter))
 6 FCPATH\index.php(59): CodeIgniter\Boot::bootWeb(Object(Config\Paths))
 7 SYSTEMPATH\rewrite.php(44): require_once('C:\\Users\\Administrator\\Documents\\GITHUB\\KAPAL-FE-HTML\\home\\public\\index.php')
DEBUG - 2025-08-26 07:34:35 --> Session: Class initialized using 'CodeIgniter\Session\Handlers\FileHandler' driver.
WARNING - 2025-08-26 07:34:35 --> [DEPRECATED] Creation of dynamic property App\Controllers\Contact::$session is deprecated in APPPATH\Controllers\BaseController.php on line 53.
 1 SYSTEMPATH\CodeIgniter.php(904): App\Controllers\BaseController->initController(Object(CodeIgniter\HTTP\IncomingRequest), Object(CodeIgniter\HTTP\Response), Object(CodeIgniter\Log\Logger))
 2 SYSTEMPATH\CodeIgniter.php(498): CodeIgniter\CodeIgniter->createController()
 3 SYSTEMPATH\CodeIgniter.php(354): CodeIgniter\CodeIgniter->handleRequest(null, Object(Config\Cache), false)
 4 SYSTEMPATH\Boot.php(363): CodeIgniter\CodeIgniter->run()
 5 SYSTEMPATH\Boot.php(68): CodeIgniter\Boot::runCodeIgniter(Object(CodeIgniter\CodeIgniter))
 6 FCPATH\index.php(59): CodeIgniter\Boot::bootWeb(Object(Config\Paths))
 7 SYSTEMPATH\rewrite.php(44): require_once('C:\\Users\\Administrator\\Documents\\GITHUB\\KAPAL-FE-HTML\\home\\public\\index.php')
ERROR - 2025-08-26 07:34:35 --> mysqli_sql_exception: Unknown column 'updated_at' in 'INSERT INTO' in C:\Users\Administrator\Documents\GITHUB\KAPAL-FE-HTML\home\vendor\codeigniter4\framework\system\Database\MySQLi\Connection.php:327
Stack trace:
#0 C:\Users\Administrator\Documents\GITHUB\KAPAL-FE-HTML\home\vendor\codeigniter4\framework\system\Database\MySQLi\Connection.php(327): mysqli->query('INSERT INTO `co...', 0)
#1 C:\Users\Administrator\Documents\GITHUB\KAPAL-FE-HTML\home\vendor\codeigniter4\framework\system\Database\BaseConnection.php(729): CodeIgniter\Database\MySQLi\Connection->execute('INSERT INTO `co...')
#2 C:\Users\Administrator\Documents\GITHUB\KAPAL-FE-HTML\home\vendor\codeigniter4\framework\system\Database\BaseConnection.php(646): CodeIgniter\Database\BaseConnection->simpleQuery('INSERT INTO `co...')
#3 C:\Users\Administrator\Documents\GITHUB\KAPAL-FE-HTML\home\vendor\codeigniter4\framework\system\Database\BaseBuilder.php(2345): CodeIgniter\Database\BaseConnection->query('INSERT INTO `co...', Array, false)
#4 C:\Users\Administrator\Documents\GITHUB\KAPAL-FE-HTML\home\vendor\codeigniter4\framework\system\Model.php(394): CodeIgniter\Database\BaseBuilder->insert()
#5 C:\Users\Administrator\Documents\GITHUB\KAPAL-FE-HTML\home\vendor\codeigniter4\framework\system\BaseModel.php(838): CodeIgniter\Model->doInsert(Array)
#6 C:\Users\Administrator\Documents\GITHUB\KAPAL-FE-HTML\home\vendor\codeigniter4\framework\system\Model.php(797): CodeIgniter\BaseModel->insert(Array, false)
#7 C:\Users\Administrator\Documents\GITHUB\KAPAL-FE-HTML\home\vendor\codeigniter4\framework\system\BaseModel.php(751): CodeIgniter\Model->insert(Array, false)
#8 C:\Users\Administrator\Documents\GITHUB\KAPAL-FE-HTML\home\app\Controllers\Contact.php(88): CodeIgniter\BaseModel->save(Array)
#9 C:\Users\Administrator\Documents\GITHUB\KAPAL-FE-HTML\home\vendor\codeigniter4\framework\system\CodeIgniter.php(933): App\Controllers\Contact->submit()
#10 C:\Users\Administrator\Documents\GITHUB\KAPAL-FE-HTML\home\vendor\codeigniter4\framework\system\CodeIgniter.php(507): CodeIgniter\CodeIgniter->runController(Object(App\Controllers\Contact))
#11 C:\Users\Administrator\Documents\GITHUB\KAPAL-FE-HTML\home\vendor\codeigniter4\framework\system\CodeIgniter.php(354): CodeIgniter\CodeIgniter->handleRequest(NULL, Object(Config\Cache), false)
#12 C:\Users\Administrator\Documents\GITHUB\KAPAL-FE-HTML\home\vendor\codeigniter4\framework\system\Boot.php(363): CodeIgniter\CodeIgniter->run()
#13 C:\Users\Administrator\Documents\GITHUB\KAPAL-FE-HTML\home\vendor\codeigniter4\framework\system\Boot.php(68): CodeIgniter\Boot::runCodeIgniter(Object(CodeIgniter\CodeIgniter))
#14 C:\Users\Administrator\Documents\GITHUB\KAPAL-FE-HTML\home\public\index.php(59): CodeIgniter\Boot::bootWeb(Object(Config\Paths))
#15 C:\Users\Administrator\Documents\GITHUB\KAPAL-FE-HTML\home\vendor\codeigniter4\framework\system\rewrite.php(44): require_once('C:\\Users\\Admini...')
#16 {main}
ERROR - 2025-08-26 07:34:35 --> Error sending contact message: Unknown column 'updated_at' in 'INSERT INTO'
DEBUG - 2025-08-26 07:34:35 --> Session: Class initialized using 'CodeIgniter\Session\Handlers\FileHandler' driver.
WARNING - 2025-08-26 07:34:35 --> [DEPRECATED] Creation of dynamic property App\Controllers\Contact::$session is deprecated in APPPATH\Controllers\BaseController.php on line 53.
 1 SYSTEMPATH\CodeIgniter.php(904): App\Controllers\BaseController->initController(Object(CodeIgniter\HTTP\IncomingRequest), Object(CodeIgniter\HTTP\Response), Object(CodeIgniter\Log\Logger))
 2 SYSTEMPATH\CodeIgniter.php(498): CodeIgniter\CodeIgniter->createController()
 3 SYSTEMPATH\CodeIgniter.php(354): CodeIgniter\CodeIgniter->handleRequest(null, Object(Config\Cache), false)
 4 SYSTEMPATH\Boot.php(363): CodeIgniter\CodeIgniter->run()
 5 SYSTEMPATH\Boot.php(68): CodeIgniter\Boot::runCodeIgniter(Object(CodeIgniter\CodeIgniter))
 6 FCPATH\index.php(59): CodeIgniter\Boot::bootWeb(Object(Config\Paths))
 7 SYSTEMPATH\rewrite.php(44): require_once('C:\\Users\\Administrator\\Documents\\GITHUB\\KAPAL-FE-HTML\\home\\public\\index.php')
DEBUG - 2025-08-26 07:34:50 --> Session: Class initialized using 'CodeIgniter\Session\Handlers\FileHandler' driver.
WARNING - 2025-08-26 07:34:50 --> [DEPRECATED] Creation of dynamic property App\Controllers\Contact::$session is deprecated in APPPATH\Controllers\BaseController.php on line 53.
 1 SYSTEMPATH\CodeIgniter.php(904): App\Controllers\BaseController->initController(Object(CodeIgniter\HTTP\IncomingRequest), Object(CodeIgniter\HTTP\Response), Object(CodeIgniter\Log\Logger))
 2 SYSTEMPATH\CodeIgniter.php(498): CodeIgniter\CodeIgniter->createController()
 3 SYSTEMPATH\CodeIgniter.php(354): CodeIgniter\CodeIgniter->handleRequest(null, Object(Config\Cache), false)
 4 SYSTEMPATH\Boot.php(363): CodeIgniter\CodeIgniter->run()
 5 SYSTEMPATH\Boot.php(68): CodeIgniter\Boot::runCodeIgniter(Object(CodeIgniter\CodeIgniter))
 6 FCPATH\index.php(59): CodeIgniter\Boot::bootWeb(Object(Config\Paths))
 7 SYSTEMPATH\rewrite.php(44): require_once('C:\\Users\\Administrator\\Documents\\GITHUB\\KAPAL-FE-HTML\\home\\public\\index.php')
DEBUG - 2025-08-26 07:35:04 --> Session: Class initialized using 'CodeIgniter\Session\Handlers\FileHandler' driver.
WARNING - 2025-08-26 07:35:04 --> [DEPRECATED] Creation of dynamic property App\Controllers\Contact::$session is deprecated in APPPATH\Controllers\BaseController.php on line 53.
 1 SYSTEMPATH\CodeIgniter.php(904): App\Controllers\BaseController->initController(Object(CodeIgniter\HTTP\IncomingRequest), Object(CodeIgniter\HTTP\Response), Object(CodeIgniter\Log\Logger))
 2 SYSTEMPATH\CodeIgniter.php(498): CodeIgniter\CodeIgniter->createController()
 3 SYSTEMPATH\CodeIgniter.php(354): CodeIgniter\CodeIgniter->handleRequest(null, Object(Config\Cache), false)
 4 SYSTEMPATH\Boot.php(363): CodeIgniter\CodeIgniter->run()
 5 SYSTEMPATH\Boot.php(68): CodeIgniter\Boot::runCodeIgniter(Object(CodeIgniter\CodeIgniter))
 6 FCPATH\index.php(59): CodeIgniter\Boot::bootWeb(Object(Config\Paths))
 7 SYSTEMPATH\rewrite.php(44): require_once('C:\\Users\\Administrator\\Documents\\GITHUB\\KAPAL-FE-HTML\\home\\public\\index.php')
ERROR - 2025-08-26 07:35:05 --> mysqli_sql_exception: Unknown column 'updated_at' in 'INSERT INTO' in C:\Users\Administrator\Documents\GITHUB\KAPAL-FE-HTML\home\vendor\codeigniter4\framework\system\Database\MySQLi\Connection.php:327
Stack trace:
#0 C:\Users\Administrator\Documents\GITHUB\KAPAL-FE-HTML\home\vendor\codeigniter4\framework\system\Database\MySQLi\Connection.php(327): mysqli->query('INSERT INTO `co...', 0)
#1 C:\Users\Administrator\Documents\GITHUB\KAPAL-FE-HTML\home\vendor\codeigniter4\framework\system\Database\BaseConnection.php(729): CodeIgniter\Database\MySQLi\Connection->execute('INSERT INTO `co...')
#2 C:\Users\Administrator\Documents\GITHUB\KAPAL-FE-HTML\home\vendor\codeigniter4\framework\system\Database\BaseConnection.php(646): CodeIgniter\Database\BaseConnection->simpleQuery('INSERT INTO `co...')
#3 C:\Users\Administrator\Documents\GITHUB\KAPAL-FE-HTML\home\vendor\codeigniter4\framework\system\Database\BaseBuilder.php(2345): CodeIgniter\Database\BaseConnection->query('INSERT INTO `co...', Array, false)
#4 C:\Users\Administrator\Documents\GITHUB\KAPAL-FE-HTML\home\vendor\codeigniter4\framework\system\Model.php(394): CodeIgniter\Database\BaseBuilder->insert()
#5 C:\Users\Administrator\Documents\GITHUB\KAPAL-FE-HTML\home\vendor\codeigniter4\framework\system\BaseModel.php(838): CodeIgniter\Model->doInsert(Array)
#6 C:\Users\Administrator\Documents\GITHUB\KAPAL-FE-HTML\home\vendor\codeigniter4\framework\system\Model.php(797): CodeIgniter\BaseModel->insert(Array, false)
#7 C:\Users\Administrator\Documents\GITHUB\KAPAL-FE-HTML\home\vendor\codeigniter4\framework\system\BaseModel.php(751): CodeIgniter\Model->insert(Array, false)
#8 C:\Users\Administrator\Documents\GITHUB\KAPAL-FE-HTML\home\app\Controllers\Contact.php(88): CodeIgniter\BaseModel->save(Array)
#9 C:\Users\Administrator\Documents\GITHUB\KAPAL-FE-HTML\home\vendor\codeigniter4\framework\system\CodeIgniter.php(933): App\Controllers\Contact->submit()
#10 C:\Users\Administrator\Documents\GITHUB\KAPAL-FE-HTML\home\vendor\codeigniter4\framework\system\CodeIgniter.php(507): CodeIgniter\CodeIgniter->runController(Object(App\Controllers\Contact))
#11 C:\Users\Administrator\Documents\GITHUB\KAPAL-FE-HTML\home\vendor\codeigniter4\framework\system\CodeIgniter.php(354): CodeIgniter\CodeIgniter->handleRequest(NULL, Object(Config\Cache), false)
#12 C:\Users\Administrator\Documents\GITHUB\KAPAL-FE-HTML\home\vendor\codeigniter4\framework\system\Boot.php(363): CodeIgniter\CodeIgniter->run()
#13 C:\Users\Administrator\Documents\GITHUB\KAPAL-FE-HTML\home\vendor\codeigniter4\framework\system\Boot.php(68): CodeIgniter\Boot::runCodeIgniter(Object(CodeIgniter\CodeIgniter))
#14 C:\Users\Administrator\Documents\GITHUB\KAPAL-FE-HTML\home\public\index.php(59): CodeIgniter\Boot::bootWeb(Object(Config\Paths))
#15 C:\Users\Administrator\Documents\GITHUB\KAPAL-FE-HTML\home\vendor\codeigniter4\framework\system\rewrite.php(44): require_once('C:\\Users\\Admini...')
#16 {main}
ERROR - 2025-08-26 07:35:05 --> Error sending contact message: Unknown column 'updated_at' in 'INSERT INTO'
DEBUG - 2025-08-26 07:35:05 --> Session: Class initialized using 'CodeIgniter\Session\Handlers\FileHandler' driver.
WARNING - 2025-08-26 07:35:05 --> [DEPRECATED] Creation of dynamic property App\Controllers\Contact::$session is deprecated in APPPATH\Controllers\BaseController.php on line 53.
 1 SYSTEMPATH\CodeIgniter.php(904): App\Controllers\BaseController->initController(Object(CodeIgniter\HTTP\IncomingRequest), Object(CodeIgniter\HTTP\Response), Object(CodeIgniter\Log\Logger))
 2 SYSTEMPATH\CodeIgniter.php(498): CodeIgniter\CodeIgniter->createController()
 3 SYSTEMPATH\CodeIgniter.php(354): CodeIgniter\CodeIgniter->handleRequest(null, Object(Config\Cache), false)
 4 SYSTEMPATH\Boot.php(363): CodeIgniter\CodeIgniter->run()
 5 SYSTEMPATH\Boot.php(68): CodeIgniter\Boot::runCodeIgniter(Object(CodeIgniter\CodeIgniter))
 6 FCPATH\index.php(59): CodeIgniter\Boot::bootWeb(Object(Config\Paths))
 7 SYSTEMPATH\rewrite.php(44): require_once('C:\\Users\\Administrator\\Documents\\GITHUB\\KAPAL-FE-HTML\\home\\public\\index.php')
DEBUG - 2025-08-26 07:36:30 --> Session: Class initialized using 'CodeIgniter\Session\Handlers\FileHandler' driver.
WARNING - 2025-08-26 07:36:30 --> [DEPRECATED] Creation of dynamic property App\Controllers\Contact::$session is deprecated in APPPATH\Controllers\BaseController.php on line 53.
 1 SYSTEMPATH\CodeIgniter.php(904): App\Controllers\BaseController->initController(Object(CodeIgniter\HTTP\IncomingRequest), Object(CodeIgniter\HTTP\Response), Object(CodeIgniter\Log\Logger))
 2 SYSTEMPATH\CodeIgniter.php(498): CodeIgniter\CodeIgniter->createController()
 3 SYSTEMPATH\CodeIgniter.php(354): CodeIgniter\CodeIgniter->handleRequest(null, Object(Config\Cache), false)
 4 SYSTEMPATH\Boot.php(363): CodeIgniter\CodeIgniter->run()
 5 SYSTEMPATH\Boot.php(68): CodeIgniter\Boot::runCodeIgniter(Object(CodeIgniter\CodeIgniter))
 6 FCPATH\index.php(59): CodeIgniter\Boot::bootWeb(Object(Config\Paths))
 7 SYSTEMPATH\rewrite.php(44): require_once('C:\\Users\\Administrator\\Documents\\GITHUB\\KAPAL-FE-HTML\\home\\public\\index.php')
DEBUG - 2025-08-26 07:36:41 --> Session: Class initialized using 'CodeIgniter\Session\Handlers\FileHandler' driver.
WARNING - 2025-08-26 07:36:41 --> [DEPRECATED] Creation of dynamic property App\Controllers\Contact::$session is deprecated in APPPATH\Controllers\BaseController.php on line 53.
 1 SYSTEMPATH\CodeIgniter.php(904): App\Controllers\BaseController->initController(Object(CodeIgniter\HTTP\IncomingRequest), Object(CodeIgniter\HTTP\Response), Object(CodeIgniter\Log\Logger))
 2 SYSTEMPATH\CodeIgniter.php(498): CodeIgniter\CodeIgniter->createController()
 3 SYSTEMPATH\CodeIgniter.php(354): CodeIgniter\CodeIgniter->handleRequest(null, Object(Config\Cache), false)
 4 SYSTEMPATH\Boot.php(363): CodeIgniter\CodeIgniter->run()
 5 SYSTEMPATH\Boot.php(68): CodeIgniter\Boot::runCodeIgniter(Object(CodeIgniter\CodeIgniter))
 6 FCPATH\index.php(59): CodeIgniter\Boot::bootWeb(Object(Config\Paths))
 7 SYSTEMPATH\rewrite.php(44): require_once('C:\\Users\\Administrator\\Documents\\GITHUB\\KAPAL-FE-HTML\\home\\public\\index.php')
DEBUG - 2025-08-26 07:36:42 --> Session: Class initialized using 'CodeIgniter\Session\Handlers\FileHandler' driver.
WARNING - 2025-08-26 07:36:42 --> [DEPRECATED] Creation of dynamic property App\Controllers\Contact::$session is deprecated in APPPATH\Controllers\BaseController.php on line 53.
 1 SYSTEMPATH\CodeIgniter.php(904): App\Controllers\BaseController->initController(Object(CodeIgniter\HTTP\IncomingRequest), Object(CodeIgniter\HTTP\Response), Object(CodeIgniter\Log\Logger))
 2 SYSTEMPATH\CodeIgniter.php(498): CodeIgniter\CodeIgniter->createController()
 3 SYSTEMPATH\CodeIgniter.php(354): CodeIgniter\CodeIgniter->handleRequest(null, Object(Config\Cache), false)
 4 SYSTEMPATH\Boot.php(363): CodeIgniter\CodeIgniter->run()
 5 SYSTEMPATH\Boot.php(68): CodeIgniter\Boot::runCodeIgniter(Object(CodeIgniter\CodeIgniter))
 6 FCPATH\index.php(59): CodeIgniter\Boot::bootWeb(Object(Config\Paths))
 7 SYSTEMPATH\rewrite.php(44): require_once('C:\\Users\\Administrator\\Documents\\GITHUB\\KAPAL-FE-HTML\\home\\public\\index.php')
DEBUG - 2025-08-26 07:36:45 --> Session: Class initialized using 'CodeIgniter\Session\Handlers\FileHandler' driver.
WARNING - 2025-08-26 07:36:45 --> [DEPRECATED] Creation of dynamic property App\Controllers\Contact::$session is deprecated in APPPATH\Controllers\BaseController.php on line 53.
 1 SYSTEMPATH\CodeIgniter.php(904): App\Controllers\BaseController->initController(Object(CodeIgniter\HTTP\IncomingRequest), Object(CodeIgniter\HTTP\Response), Object(CodeIgniter\Log\Logger))
 2 SYSTEMPATH\CodeIgniter.php(498): CodeIgniter\CodeIgniter->createController()
 3 SYSTEMPATH\CodeIgniter.php(354): CodeIgniter\CodeIgniter->handleRequest(null, Object(Config\Cache), false)
 4 SYSTEMPATH\Boot.php(363): CodeIgniter\CodeIgniter->run()
 5 SYSTEMPATH\Boot.php(68): CodeIgniter\Boot::runCodeIgniter(Object(CodeIgniter\CodeIgniter))
 6 FCPATH\index.php(59): CodeIgniter\Boot::bootWeb(Object(Config\Paths))
 7 SYSTEMPATH\rewrite.php(44): require_once('C:\\Users\\Administrator\\Documents\\GITHUB\\KAPAL-FE-HTML\\home\\public\\index.php')
ERROR - 2025-08-26 07:36:45 --> mysqli_sql_exception: Unknown column 'updated_at' in 'INSERT INTO' in C:\Users\Administrator\Documents\GITHUB\KAPAL-FE-HTML\home\vendor\codeigniter4\framework\system\Database\MySQLi\Connection.php:327
Stack trace:
#0 C:\Users\Administrator\Documents\GITHUB\KAPAL-FE-HTML\home\vendor\codeigniter4\framework\system\Database\MySQLi\Connection.php(327): mysqli->query('INSERT INTO `co...', 0)
#1 C:\Users\Administrator\Documents\GITHUB\KAPAL-FE-HTML\home\vendor\codeigniter4\framework\system\Database\BaseConnection.php(729): CodeIgniter\Database\MySQLi\Connection->execute('INSERT INTO `co...')
#2 C:\Users\Administrator\Documents\GITHUB\KAPAL-FE-HTML\home\vendor\codeigniter4\framework\system\Database\BaseConnection.php(646): CodeIgniter\Database\BaseConnection->simpleQuery('INSERT INTO `co...')
#3 C:\Users\Administrator\Documents\GITHUB\KAPAL-FE-HTML\home\vendor\codeigniter4\framework\system\Database\BaseBuilder.php(2345): CodeIgniter\Database\BaseConnection->query('INSERT INTO `co...', Array, false)
#4 C:\Users\Administrator\Documents\GITHUB\KAPAL-FE-HTML\home\vendor\codeigniter4\framework\system\Model.php(394): CodeIgniter\Database\BaseBuilder->insert()
#5 C:\Users\Administrator\Documents\GITHUB\KAPAL-FE-HTML\home\vendor\codeigniter4\framework\system\BaseModel.php(838): CodeIgniter\Model->doInsert(Array)
#6 C:\Users\Administrator\Documents\GITHUB\KAPAL-FE-HTML\home\vendor\codeigniter4\framework\system\Model.php(797): CodeIgniter\BaseModel->insert(Array, false)
#7 C:\Users\Administrator\Documents\GITHUB\KAPAL-FE-HTML\home\vendor\codeigniter4\framework\system\BaseModel.php(751): CodeIgniter\Model->insert(Array, false)
#8 C:\Users\Administrator\Documents\GITHUB\KAPAL-FE-HTML\home\app\Controllers\Contact.php(88): CodeIgniter\BaseModel->save(Array)
#9 C:\Users\Administrator\Documents\GITHUB\KAPAL-FE-HTML\home\vendor\codeigniter4\framework\system\CodeIgniter.php(933): App\Controllers\Contact->submit()
#10 C:\Users\Administrator\Documents\GITHUB\KAPAL-FE-HTML\home\vendor\codeigniter4\framework\system\CodeIgniter.php(507): CodeIgniter\CodeIgniter->runController(Object(App\Controllers\Contact))
#11 C:\Users\Administrator\Documents\GITHUB\KAPAL-FE-HTML\home\vendor\codeigniter4\framework\system\CodeIgniter.php(354): CodeIgniter\CodeIgniter->handleRequest(NULL, Object(Config\Cache), false)
#12 C:\Users\Administrator\Documents\GITHUB\KAPAL-FE-HTML\home\vendor\codeigniter4\framework\system\Boot.php(363): CodeIgniter\CodeIgniter->run()
#13 C:\Users\Administrator\Documents\GITHUB\KAPAL-FE-HTML\home\vendor\codeigniter4\framework\system\Boot.php(68): CodeIgniter\Boot::runCodeIgniter(Object(CodeIgniter\CodeIgniter))
#14 C:\Users\Administrator\Documents\GITHUB\KAPAL-FE-HTML\home\public\index.php(59): CodeIgniter\Boot::bootWeb(Object(Config\Paths))
#15 C:\Users\Administrator\Documents\GITHUB\KAPAL-FE-HTML\home\vendor\codeigniter4\framework\system\rewrite.php(44): require_once('C:\\Users\\Admini...')
#16 {main}
ERROR - 2025-08-26 07:36:45 --> Error sending contact message: Unknown column 'updated_at' in 'INSERT INTO'
DEBUG - 2025-08-26 07:36:45 --> Session: Class initialized using 'CodeIgniter\Session\Handlers\FileHandler' driver.
WARNING - 2025-08-26 07:36:45 --> [DEPRECATED] Creation of dynamic property App\Controllers\Contact::$session is deprecated in APPPATH\Controllers\BaseController.php on line 53.
 1 SYSTEMPATH\CodeIgniter.php(904): App\Controllers\BaseController->initController(Object(CodeIgniter\HTTP\IncomingRequest), Object(CodeIgniter\HTTP\Response), Object(CodeIgniter\Log\Logger))
 2 SYSTEMPATH\CodeIgniter.php(498): CodeIgniter\CodeIgniter->createController()
 3 SYSTEMPATH\CodeIgniter.php(354): CodeIgniter\CodeIgniter->handleRequest(null, Object(Config\Cache), false)
 4 SYSTEMPATH\Boot.php(363): CodeIgniter\CodeIgniter->run()
 5 SYSTEMPATH\Boot.php(68): CodeIgniter\Boot::runCodeIgniter(Object(CodeIgniter\CodeIgniter))
 6 FCPATH\index.php(59): CodeIgniter\Boot::bootWeb(Object(Config\Paths))
 7 SYSTEMPATH\rewrite.php(44): require_once('C:\\Users\\Administrator\\Documents\\GITHUB\\KAPAL-FE-HTML\\home\\public\\index.php')
DEBUG - 2025-08-26 07:37:22 --> Session: Class initialized using 'CodeIgniter\Session\Handlers\FileHandler' driver.
WARNING - 2025-08-26 07:37:22 --> [DEPRECATED] Creation of dynamic property App\Controllers\Contact::$session is deprecated in APPPATH\Controllers\BaseController.php on line 53.
 1 SYSTEMPATH\CodeIgniter.php(904): App\Controllers\BaseController->initController(Object(CodeIgniter\HTTP\IncomingRequest), Object(CodeIgniter\HTTP\Response), Object(CodeIgniter\Log\Logger))
 2 SYSTEMPATH\CodeIgniter.php(498): CodeIgniter\CodeIgniter->createController()
 3 SYSTEMPATH\CodeIgniter.php(354): CodeIgniter\CodeIgniter->handleRequest(null, Object(Config\Cache), false)
 4 SYSTEMPATH\Boot.php(363): CodeIgniter\CodeIgniter->run()
 5 SYSTEMPATH\Boot.php(68): CodeIgniter\Boot::runCodeIgniter(Object(CodeIgniter\CodeIgniter))
 6 FCPATH\index.php(59): CodeIgniter\Boot::bootWeb(Object(Config\Paths))
 7 SYSTEMPATH\rewrite.php(44): require_once('C:\\Users\\Administrator\\Documents\\GITHUB\\KAPAL-FE-HTML\\home\\public\\index.php')
ERROR - 2025-08-26 07:37:22 --> mysqli_sql_exception: Unknown column 'updated_at' in 'INSERT INTO' in C:\Users\Administrator\Documents\GITHUB\KAPAL-FE-HTML\home\vendor\codeigniter4\framework\system\Database\MySQLi\Connection.php:327
Stack trace:
#0 C:\Users\Administrator\Documents\GITHUB\KAPAL-FE-HTML\home\vendor\codeigniter4\framework\system\Database\MySQLi\Connection.php(327): mysqli->query('INSERT INTO `co...', 0)
#1 C:\Users\Administrator\Documents\GITHUB\KAPAL-FE-HTML\home\vendor\codeigniter4\framework\system\Database\BaseConnection.php(729): CodeIgniter\Database\MySQLi\Connection->execute('INSERT INTO `co...')
#2 C:\Users\Administrator\Documents\GITHUB\KAPAL-FE-HTML\home\vendor\codeigniter4\framework\system\Database\BaseConnection.php(646): CodeIgniter\Database\BaseConnection->simpleQuery('INSERT INTO `co...')
#3 C:\Users\Administrator\Documents\GITHUB\KAPAL-FE-HTML\home\vendor\codeigniter4\framework\system\Database\BaseBuilder.php(2345): CodeIgniter\Database\BaseConnection->query('INSERT INTO `co...', Array, false)
#4 C:\Users\Administrator\Documents\GITHUB\KAPAL-FE-HTML\home\vendor\codeigniter4\framework\system\Model.php(394): CodeIgniter\Database\BaseBuilder->insert()
#5 C:\Users\Administrator\Documents\GITHUB\KAPAL-FE-HTML\home\vendor\codeigniter4\framework\system\BaseModel.php(838): CodeIgniter\Model->doInsert(Array)
#6 C:\Users\Administrator\Documents\GITHUB\KAPAL-FE-HTML\home\vendor\codeigniter4\framework\system\Model.php(797): CodeIgniter\BaseModel->insert(Array, false)
#7 C:\Users\Administrator\Documents\GITHUB\KAPAL-FE-HTML\home\vendor\codeigniter4\framework\system\BaseModel.php(751): CodeIgniter\Model->insert(Array, false)
#8 C:\Users\Administrator\Documents\GITHUB\KAPAL-FE-HTML\home\app\Controllers\Contact.php(88): CodeIgniter\BaseModel->save(Array)
#9 C:\Users\Administrator\Documents\GITHUB\KAPAL-FE-HTML\home\vendor\codeigniter4\framework\system\CodeIgniter.php(933): App\Controllers\Contact->submit()
#10 C:\Users\Administrator\Documents\GITHUB\KAPAL-FE-HTML\home\vendor\codeigniter4\framework\system\CodeIgniter.php(507): CodeIgniter\CodeIgniter->runController(Object(App\Controllers\Contact))
#11 C:\Users\Administrator\Documents\GITHUB\KAPAL-FE-HTML\home\vendor\codeigniter4\framework\system\CodeIgniter.php(354): CodeIgniter\CodeIgniter->handleRequest(NULL, Object(Config\Cache), false)
#12 C:\Users\Administrator\Documents\GITHUB\KAPAL-FE-HTML\home\vendor\codeigniter4\framework\system\Boot.php(363): CodeIgniter\CodeIgniter->run()
#13 C:\Users\Administrator\Documents\GITHUB\KAPAL-FE-HTML\home\vendor\codeigniter4\framework\system\Boot.php(68): CodeIgniter\Boot::runCodeIgniter(Object(CodeIgniter\CodeIgniter))
#14 C:\Users\Administrator\Documents\GITHUB\KAPAL-FE-HTML\home\public\index.php(59): CodeIgniter\Boot::bootWeb(Object(Config\Paths))
#15 C:\Users\Administrator\Documents\GITHUB\KAPAL-FE-HTML\home\vendor\codeigniter4\framework\system\rewrite.php(44): require_once('C:\\Users\\Admini...')
#16 {main}
ERROR - 2025-08-26 07:37:22 --> Error sending contact message: Unknown column 'updated_at' in 'INSERT INTO'
DEBUG - 2025-08-26 07:37:22 --> Session: Class initialized using 'CodeIgniter\Session\Handlers\FileHandler' driver.
WARNING - 2025-08-26 07:37:22 --> [DEPRECATED] Creation of dynamic property App\Controllers\Contact::$session is deprecated in APPPATH\Controllers\BaseController.php on line 53.
 1 SYSTEMPATH\CodeIgniter.php(904): App\Controllers\BaseController->initController(Object(CodeIgniter\HTTP\IncomingRequest), Object(CodeIgniter\HTTP\Response), Object(CodeIgniter\Log\Logger))
 2 SYSTEMPATH\CodeIgniter.php(498): CodeIgniter\CodeIgniter->createController()
 3 SYSTEMPATH\CodeIgniter.php(354): CodeIgniter\CodeIgniter->handleRequest(null, Object(Config\Cache), false)
 4 SYSTEMPATH\Boot.php(363): CodeIgniter\CodeIgniter->run()
 5 SYSTEMPATH\Boot.php(68): CodeIgniter\Boot::runCodeIgniter(Object(CodeIgniter\CodeIgniter))
 6 FCPATH\index.php(59): CodeIgniter\Boot::bootWeb(Object(Config\Paths))
 7 SYSTEMPATH\rewrite.php(44): require_once('C:\\Users\\Administrator\\Documents\\GITHUB\\KAPAL-FE-HTML\\home\\public\\index.php')
DEBUG - 2025-08-26 08:11:50 --> Session: Class initialized using 'CodeIgniter\Session\Handlers\FileHandler' driver.
WARNING - 2025-08-26 08:11:50 --> [DEPRECATED] Creation of dynamic property App\Controllers\Contact::$session is deprecated in APPPATH\Controllers\BaseController.php on line 53.
 1 SYSTEMPATH\CodeIgniter.php(904): App\Controllers\BaseController->initController(Object(CodeIgniter\HTTP\IncomingRequest), Object(CodeIgniter\HTTP\Response), Object(CodeIgniter\Log\Logger))
 2 SYSTEMPATH\CodeIgniter.php(498): CodeIgniter\CodeIgniter->createController()
 3 SYSTEMPATH\CodeIgniter.php(354): CodeIgniter\CodeIgniter->handleRequest(null, Object(Config\Cache), false)
 4 SYSTEMPATH\Boot.php(363): CodeIgniter\CodeIgniter->run()
 5 SYSTEMPATH\Boot.php(68): CodeIgniter\Boot::runCodeIgniter(Object(CodeIgniter\CodeIgniter))
 6 FCPATH\index.php(59): CodeIgniter\Boot::bootWeb(Object(Config\Paths))
 7 SYSTEMPATH\rewrite.php(44): require_once('C:\\Users\\Administrator\\Documents\\GITHUB\\KAPAL-FE-HTML\\home\\public\\index.php')
DEBUG - 2025-08-26 08:12:28 --> Session: Class initialized using 'CodeIgniter\Session\Handlers\FileHandler' driver.
WARNING - 2025-08-26 08:12:28 --> [DEPRECATED] Creation of dynamic property App\Controllers\Contact::$session is deprecated in APPPATH\Controllers\BaseController.php on line 53.
 1 SYSTEMPATH\CodeIgniter.php(904): App\Controllers\BaseController->initController(Object(CodeIgniter\HTTP\IncomingRequest), Object(CodeIgniter\HTTP\Response), Object(CodeIgniter\Log\Logger))
 2 SYSTEMPATH\CodeIgniter.php(498): CodeIgniter\CodeIgniter->createController()
 3 SYSTEMPATH\CodeIgniter.php(354): CodeIgniter\CodeIgniter->handleRequest(null, Object(Config\Cache), false)
 4 SYSTEMPATH\Boot.php(363): CodeIgniter\CodeIgniter->run()
 5 SYSTEMPATH\Boot.php(68): CodeIgniter\Boot::runCodeIgniter(Object(CodeIgniter\CodeIgniter))
 6 FCPATH\index.php(59): CodeIgniter\Boot::bootWeb(Object(Config\Paths))
 7 SYSTEMPATH\rewrite.php(44): require_once('C:\\Users\\Administrator\\Documents\\GITHUB\\KAPAL-FE-HTML\\home\\public\\index.php')
DEBUG - 2025-08-26 08:12:38 --> Session: Class initialized using 'CodeIgniter\Session\Handlers\FileHandler' driver.
WARNING - 2025-08-26 08:12:38 --> [DEPRECATED] Creation of dynamic property App\Controllers\Contact::$session is deprecated in APPPATH\Controllers\BaseController.php on line 53.
 1 SYSTEMPATH\CodeIgniter.php(904): App\Controllers\BaseController->initController(Object(CodeIgniter\HTTP\IncomingRequest), Object(CodeIgniter\HTTP\Response), Object(CodeIgniter\Log\Logger))
 2 SYSTEMPATH\CodeIgniter.php(498): CodeIgniter\CodeIgniter->createController()
 3 SYSTEMPATH\CodeIgniter.php(354): CodeIgniter\CodeIgniter->handleRequest(null, Object(Config\Cache), false)
 4 SYSTEMPATH\Boot.php(363): CodeIgniter\CodeIgniter->run()
 5 SYSTEMPATH\Boot.php(68): CodeIgniter\Boot::runCodeIgniter(Object(CodeIgniter\CodeIgniter))
 6 FCPATH\index.php(59): CodeIgniter\Boot::bootWeb(Object(Config\Paths))
 7 SYSTEMPATH\rewrite.php(44): require_once('C:\\Users\\Administrator\\Documents\\GITHUB\\KAPAL-FE-HTML\\home\\public\\index.php')
WARNING - 2025-08-26 08:12:38 --> [DEPRECATED] Constant FILTER_SANITIZE_STRING is deprecated in APPPATH\Controllers\Contact.php on line 86.
 1 SYSTEMPATH\CodeIgniter.php(933): App\Controllers\Contact->submit()
 2 SYSTEMPATH\CodeIgniter.php(507): CodeIgniter\CodeIgniter->runController(Object(App\Controllers\Contact))
 3 SYSTEMPATH\CodeIgniter.php(354): CodeIgniter\CodeIgniter->handleRequest(null, Object(Config\Cache), false)
 4 SYSTEMPATH\Boot.php(363): CodeIgniter\CodeIgniter->run()
 5 SYSTEMPATH\Boot.php(68): CodeIgniter\Boot::runCodeIgniter(Object(CodeIgniter\CodeIgniter))
 6 FCPATH\index.php(59): CodeIgniter\Boot::bootWeb(Object(Config\Paths))
 7 SYSTEMPATH\rewrite.php(44): require_once('C:\\Users\\Administrator\\Documents\\GITHUB\\KAPAL-FE-HTML\\home\\public\\index.php')
WARNING - 2025-08-26 08:12:38 --> [DEPRECATED] Constant FILTER_SANITIZE_STRING is deprecated in APPPATH\Controllers\Contact.php on line 88.
 1 SYSTEMPATH\CodeIgniter.php(933): App\Controllers\Contact->submit()
 2 SYSTEMPATH\CodeIgniter.php(507): CodeIgniter\CodeIgniter->runController(Object(App\Controllers\Contact))
 3 SYSTEMPATH\CodeIgniter.php(354): CodeIgniter\CodeIgniter->handleRequest(null, Object(Config\Cache), false)
 4 SYSTEMPATH\Boot.php(363): CodeIgniter\CodeIgniter->run()
 5 SYSTEMPATH\Boot.php(68): CodeIgniter\Boot::runCodeIgniter(Object(CodeIgniter\CodeIgniter))
 6 FCPATH\index.php(59): CodeIgniter\Boot::bootWeb(Object(Config\Paths))
 7 SYSTEMPATH\rewrite.php(44): require_once('C:\\Users\\Administrator\\Documents\\GITHUB\\KAPAL-FE-HTML\\home\\public\\index.php')
WARNING - 2025-08-26 08:12:38 --> [DEPRECATED] Constant FILTER_SANITIZE_STRING is deprecated in APPPATH\Controllers\Contact.php on line 89.
 1 SYSTEMPATH\CodeIgniter.php(933): App\Controllers\Contact->submit()
 2 SYSTEMPATH\CodeIgniter.php(507): CodeIgniter\CodeIgniter->runController(Object(App\Controllers\Contact))
 3 SYSTEMPATH\CodeIgniter.php(354): CodeIgniter\CodeIgniter->handleRequest(null, Object(Config\Cache), false)
 4 SYSTEMPATH\Boot.php(363): CodeIgniter\CodeIgniter->run()
 5 SYSTEMPATH\Boot.php(68): CodeIgniter\Boot::runCodeIgniter(Object(CodeIgniter\CodeIgniter))
 6 FCPATH\index.php(59): CodeIgniter\Boot::bootWeb(Object(Config\Paths))
 7 SYSTEMPATH\rewrite.php(44): require_once('C:\\Users\\Administrator\\Documents\\GITHUB\\KAPAL-FE-HTML\\home\\public\\index.php')
WARNING - 2025-08-26 08:12:38 --> [DEPRECATED] Constant FILTER_SANITIZE_STRING is deprecated in APPPATH\Controllers\Contact.php on line 90.
 1 SYSTEMPATH\CodeIgniter.php(933): App\Controllers\Contact->submit()
 2 SYSTEMPATH\CodeIgniter.php(507): CodeIgniter\CodeIgniter->runController(Object(App\Controllers\Contact))
 3 SYSTEMPATH\CodeIgniter.php(354): CodeIgniter\CodeIgniter->handleRequest(null, Object(Config\Cache), false)
 4 SYSTEMPATH\Boot.php(363): CodeIgniter\CodeIgniter->run()
 5 SYSTEMPATH\Boot.php(68): CodeIgniter\Boot::runCodeIgniter(Object(CodeIgniter\CodeIgniter))
 6 FCPATH\index.php(59): CodeIgniter\Boot::bootWeb(Object(Config\Paths))
 7 SYSTEMPATH\rewrite.php(44): require_once('C:\\Users\\Administrator\\Documents\\GITHUB\\KAPAL-FE-HTML\\home\\public\\index.php')
ERROR - 2025-08-26 08:12:38 --> mysqli_sql_exception: Unknown column 'updated_at' in 'INSERT INTO' in C:\Users\Administrator\Documents\GITHUB\KAPAL-FE-HTML\home\vendor\codeigniter4\framework\system\Database\MySQLi\Connection.php:327
Stack trace:
#0 C:\Users\Administrator\Documents\GITHUB\KAPAL-FE-HTML\home\vendor\codeigniter4\framework\system\Database\MySQLi\Connection.php(327): mysqli->query('INSERT INTO `co...', 0)
#1 C:\Users\Administrator\Documents\GITHUB\KAPAL-FE-HTML\home\vendor\codeigniter4\framework\system\Database\BaseConnection.php(729): CodeIgniter\Database\MySQLi\Connection->execute('INSERT INTO `co...')
#2 C:\Users\Administrator\Documents\GITHUB\KAPAL-FE-HTML\home\vendor\codeigniter4\framework\system\Database\BaseConnection.php(646): CodeIgniter\Database\BaseConnection->simpleQuery('INSERT INTO `co...')
#3 C:\Users\Administrator\Documents\GITHUB\KAPAL-FE-HTML\home\vendor\codeigniter4\framework\system\Database\BaseBuilder.php(2345): CodeIgniter\Database\BaseConnection->query('INSERT INTO `co...', Array, false)
#4 C:\Users\Administrator\Documents\GITHUB\KAPAL-FE-HTML\home\vendor\codeigniter4\framework\system\Model.php(394): CodeIgniter\Database\BaseBuilder->insert()
#5 C:\Users\Administrator\Documents\GITHUB\KAPAL-FE-HTML\home\vendor\codeigniter4\framework\system\BaseModel.php(838): CodeIgniter\Model->doInsert(Array)
#6 C:\Users\Administrator\Documents\GITHUB\KAPAL-FE-HTML\home\vendor\codeigniter4\framework\system\Model.php(797): CodeIgniter\BaseModel->insert(Array, true)
#7 C:\Users\Administrator\Documents\GITHUB\KAPAL-FE-HTML\home\app\Models\ContactModel.php(76): CodeIgniter\Model->insert(Array)
#8 C:\Users\Administrator\Documents\GITHUB\KAPAL-FE-HTML\home\app\Controllers\Contact.php(95): App\Models\ContactModel->saveContact(Array)
#9 C:\Users\Administrator\Documents\GITHUB\KAPAL-FE-HTML\home\vendor\codeigniter4\framework\system\CodeIgniter.php(933): App\Controllers\Contact->submit()
#10 C:\Users\Administrator\Documents\GITHUB\KAPAL-FE-HTML\home\vendor\codeigniter4\framework\system\CodeIgniter.php(507): CodeIgniter\CodeIgniter->runController(Object(App\Controllers\Contact))
#11 C:\Users\Administrator\Documents\GITHUB\KAPAL-FE-HTML\home\vendor\codeigniter4\framework\system\CodeIgniter.php(354): CodeIgniter\CodeIgniter->handleRequest(NULL, Object(Config\Cache), false)
#12 C:\Users\Administrator\Documents\GITHUB\KAPAL-FE-HTML\home\vendor\codeigniter4\framework\system\Boot.php(363): CodeIgniter\CodeIgniter->run()
#13 C:\Users\Administrator\Documents\GITHUB\KAPAL-FE-HTML\home\vendor\codeigniter4\framework\system\Boot.php(68): CodeIgniter\Boot::runCodeIgniter(Object(CodeIgniter\CodeIgniter))
#14 C:\Users\Administrator\Documents\GITHUB\KAPAL-FE-HTML\home\public\index.php(59): CodeIgniter\Boot::bootWeb(Object(Config\Paths))
#15 C:\Users\Administrator\Documents\GITHUB\KAPAL-FE-HTML\home\vendor\codeigniter4\framework\system\rewrite.php(44): require_once('C:\\Users\\Admini...')
#16 {main}
ERROR - 2025-08-26 08:12:38 --> Error saving contact: Unknown column 'updated_at' in 'INSERT INTO'
DEBUG - 2025-08-26 08:12:38 --> Session: Class initialized using 'CodeIgniter\Session\Handlers\FileHandler' driver.
WARNING - 2025-08-26 08:12:38 --> [DEPRECATED] Creation of dynamic property App\Controllers\Contact::$session is deprecated in APPPATH\Controllers\BaseController.php on line 53.
 1 SYSTEMPATH\CodeIgniter.php(904): App\Controllers\BaseController->initController(Object(CodeIgniter\HTTP\IncomingRequest), Object(CodeIgniter\HTTP\Response), Object(CodeIgniter\Log\Logger))
 2 SYSTEMPATH\CodeIgniter.php(498): CodeIgniter\CodeIgniter->createController()
 3 SYSTEMPATH\CodeIgniter.php(354): CodeIgniter\CodeIgniter->handleRequest(null, Object(Config\Cache), false)
 4 SYSTEMPATH\Boot.php(363): CodeIgniter\CodeIgniter->run()
 5 SYSTEMPATH\Boot.php(68): CodeIgniter\Boot::runCodeIgniter(Object(CodeIgniter\CodeIgniter))
 6 FCPATH\index.php(59): CodeIgniter\Boot::bootWeb(Object(Config\Paths))
 7 SYSTEMPATH\rewrite.php(44): require_once('C:\\Users\\Administrator\\Documents\\GITHUB\\KAPAL-FE-HTML\\home\\public\\index.php')
DEBUG - 2025-08-26 08:13:06 --> Session: Class initialized using 'CodeIgniter\Session\Handlers\FileHandler' driver.
WARNING - 2025-08-26 08:13:06 --> [DEPRECATED] Creation of dynamic property App\Controllers\Contact::$session is deprecated in APPPATH\Controllers\BaseController.php on line 53.
 1 SYSTEMPATH\CodeIgniter.php(904): App\Controllers\BaseController->initController(Object(CodeIgniter\HTTP\IncomingRequest), Object(CodeIgniter\HTTP\Response), Object(CodeIgniter\Log\Logger))
 2 SYSTEMPATH\CodeIgniter.php(498): CodeIgniter\CodeIgniter->createController()
 3 SYSTEMPATH\CodeIgniter.php(354): CodeIgniter\CodeIgniter->handleRequest(null, Object(Config\Cache), false)
 4 SYSTEMPATH\Boot.php(363): CodeIgniter\CodeIgniter->run()
 5 SYSTEMPATH\Boot.php(68): CodeIgniter\Boot::runCodeIgniter(Object(CodeIgniter\CodeIgniter))
 6 FCPATH\index.php(59): CodeIgniter\Boot::bootWeb(Object(Config\Paths))
 7 SYSTEMPATH\rewrite.php(44): require_once('C:\\Users\\Administrator\\Documents\\GITHUB\\KAPAL-FE-HTML\\home\\public\\index.php')
WARNING - 2025-08-26 08:13:06 --> [DEPRECATED] Constant FILTER_SANITIZE_STRING is deprecated in APPPATH\Controllers\Contact.php on line 86.
 1 SYSTEMPATH\CodeIgniter.php(933): App\Controllers\Contact->submit()
 2 SYSTEMPATH\CodeIgniter.php(507): CodeIgniter\CodeIgniter->runController(Object(App\Controllers\Contact))
 3 SYSTEMPATH\CodeIgniter.php(354): CodeIgniter\CodeIgniter->handleRequest(null, Object(Config\Cache), false)
 4 SYSTEMPATH\Boot.php(363): CodeIgniter\CodeIgniter->run()
 5 SYSTEMPATH\Boot.php(68): CodeIgniter\Boot::runCodeIgniter(Object(CodeIgniter\CodeIgniter))
 6 FCPATH\index.php(59): CodeIgniter\Boot::bootWeb(Object(Config\Paths))
 7 SYSTEMPATH\rewrite.php(44): require_once('C:\\Users\\Administrator\\Documents\\GITHUB\\KAPAL-FE-HTML\\home\\public\\index.php')
WARNING - 2025-08-26 08:13:06 --> [DEPRECATED] Constant FILTER_SANITIZE_STRING is deprecated in APPPATH\Controllers\Contact.php on line 88.
 1 SYSTEMPATH\CodeIgniter.php(933): App\Controllers\Contact->submit()
 2 SYSTEMPATH\CodeIgniter.php(507): CodeIgniter\CodeIgniter->runController(Object(App\Controllers\Contact))
 3 SYSTEMPATH\CodeIgniter.php(354): CodeIgniter\CodeIgniter->handleRequest(null, Object(Config\Cache), false)
 4 SYSTEMPATH\Boot.php(363): CodeIgniter\CodeIgniter->run()
 5 SYSTEMPATH\Boot.php(68): CodeIgniter\Boot::runCodeIgniter(Object(CodeIgniter\CodeIgniter))
 6 FCPATH\index.php(59): CodeIgniter\Boot::bootWeb(Object(Config\Paths))
 7 SYSTEMPATH\rewrite.php(44): require_once('C:\\Users\\Administrator\\Documents\\GITHUB\\KAPAL-FE-HTML\\home\\public\\index.php')
WARNING - 2025-08-26 08:13:06 --> [DEPRECATED] Constant FILTER_SANITIZE_STRING is deprecated in APPPATH\Controllers\Contact.php on line 89.
 1 SYSTEMPATH\CodeIgniter.php(933): App\Controllers\Contact->submit()
 2 SYSTEMPATH\CodeIgniter.php(507): CodeIgniter\CodeIgniter->runController(Object(App\Controllers\Contact))
 3 SYSTEMPATH\CodeIgniter.php(354): CodeIgniter\CodeIgniter->handleRequest(null, Object(Config\Cache), false)
 4 SYSTEMPATH\Boot.php(363): CodeIgniter\CodeIgniter->run()
 5 SYSTEMPATH\Boot.php(68): CodeIgniter\Boot::runCodeIgniter(Object(CodeIgniter\CodeIgniter))
 6 FCPATH\index.php(59): CodeIgniter\Boot::bootWeb(Object(Config\Paths))
 7 SYSTEMPATH\rewrite.php(44): require_once('C:\\Users\\Administrator\\Documents\\GITHUB\\KAPAL-FE-HTML\\home\\public\\index.php')
WARNING - 2025-08-26 08:13:06 --> [DEPRECATED] Constant FILTER_SANITIZE_STRING is deprecated in APPPATH\Controllers\Contact.php on line 90.
 1 SYSTEMPATH\CodeIgniter.php(933): App\Controllers\Contact->submit()
 2 SYSTEMPATH\CodeIgniter.php(507): CodeIgniter\CodeIgniter->runController(Object(App\Controllers\Contact))
 3 SYSTEMPATH\CodeIgniter.php(354): CodeIgniter\CodeIgniter->handleRequest(null, Object(Config\Cache), false)
 4 SYSTEMPATH\Boot.php(363): CodeIgniter\CodeIgniter->run()
 5 SYSTEMPATH\Boot.php(68): CodeIgniter\Boot::runCodeIgniter(Object(CodeIgniter\CodeIgniter))
 6 FCPATH\index.php(59): CodeIgniter\Boot::bootWeb(Object(Config\Paths))
 7 SYSTEMPATH\rewrite.php(44): require_once('C:\\Users\\Administrator\\Documents\\GITHUB\\KAPAL-FE-HTML\\home\\public\\index.php')
ERROR - 2025-08-26 08:13:09 --> Email: Unable to send email using SMTP. Your server might not be configured to send mail using this method.
ERROR - 2025-08-26 08:13:09 --> 220 smtp.gmail.com ESMTP 98e67ed59e1d1-3254af5f38bsm8953037a91.22 - gsmtp

hello: 250-smtp.gmail.com at your service, [36.65.219.243]
250-SIZE 35882577
250-8BITMIME
250-STARTTLS
250-ENHANCEDSTATUSCODES
250-PIPELINING
250-CHUNKING
250 SMTPUTF8

starttls: 220 2.0.0 Ready to start TLS

hello: 250-smtp.gmail.com at your service, [36.65.219.243]
250-SIZE 35882577
250-8BITMIME
250-AUTH LOGIN PLAIN XOAUTH2 PLAIN-CLIENTTOKEN OAUTHBEARER XOAUTH
250-ENHANCEDSTATUSCODES
250-PIPELINING
250-CHUNKING
250 SMTPUTF8

Failed to authenticate password. Error: 535-5.7.8 Username and Password not accepted. For more information, go to
535 5.7.8  https://support.google.com/mail/?p=BadCredentials 98e67ed59e1d1-3254af5f38bsm8953037a91.22 - gsmtp

ERROR - 2025-08-26 08:13:09 --> Email Error: 220 smtp.gmail.com ESMTP 98e67ed59e1d1-3254af5f38bsm8953037a91.22 - gsmtp
<br><pre>hello: 250-smtp.gmail.com at your service, [36.65.219.243]
250-SIZE 35882577
250-8BITMIME
250-STARTTLS
250-ENHANCEDSTATUSCODES
250-PIPELINING
250-CHUNKING
250 SMTPUTF8
</pre><pre>starttls: 220 2.0.0 Ready to start TLS
</pre><pre>hello: 250-smtp.gmail.com at your service, [36.65.219.243]
250-SIZE 35882577
250-8BITMIME
250-AUTH LOGIN PLAIN XOAUTH2 PLAIN-CLIENTTOKEN OAUTHBEARER XOAUTH
250-ENHANCEDSTATUSCODES
250-PIPELINING
250-CHUNKING
250 SMTPUTF8
</pre>Failed to authenticate password. Error: 535-5.7.8 Username and Password not accepted. For more information, go to
535 5.7.8  https://support.google.com/mail/?p=BadCredentials 98e67ed59e1d1-3254af5f38bsm8953037a91.22 - gsmtp
<br>Unable to send email using SMTP. Your server might not be configured to send mail using this method.<br><pre>Date: Tue, 26 Aug 2025 08:13:06 +0000
From: &quot;Raja Ampat Boat Services&quot; &lt;noreply@rajaampatboats.com&gt;
Return-Path: &lt;noreply@rajaampatboats.com&gt;
To: admin@rajaampatboats.com
Subject: =?UTF-8?Q?Pesan=20Kontak=20Baru:=20sddqwdqwdqwdqwd?=
Reply-To: &lt;noreply@rajaampatboats.com&gt;
User-Agent: CodeIgniter
X-Sender: noreply@rajaampatboats.com
X-Mailer: CodeIgniter
X-Priority: 3 (Normal)
Message-ID: &lt;68ad6c92cc0b24.77841349@rajaampatboats.com&gt;
Mime-Version: 1.0

</pre>
DEBUG - 2025-08-26 08:13:10 --> Session: Class initialized using 'CodeIgniter\Session\Handlers\FileHandler' driver.
WARNING - 2025-08-26 08:13:10 --> [DEPRECATED] Creation of dynamic property App\Controllers\Contact::$session is deprecated in APPPATH\Controllers\BaseController.php on line 53.
 1 SYSTEMPATH\CodeIgniter.php(904): App\Controllers\BaseController->initController(Object(CodeIgniter\HTTP\IncomingRequest), Object(CodeIgniter\HTTP\Response), Object(CodeIgniter\Log\Logger))
 2 SYSTEMPATH\CodeIgniter.php(498): CodeIgniter\CodeIgniter->createController()
 3 SYSTEMPATH\CodeIgniter.php(354): CodeIgniter\CodeIgniter->handleRequest(null, Object(Config\Cache), false)
 4 SYSTEMPATH\Boot.php(363): CodeIgniter\CodeIgniter->run()
 5 SYSTEMPATH\Boot.php(68): CodeIgniter\Boot::runCodeIgniter(Object(CodeIgniter\CodeIgniter))
 6 FCPATH\index.php(59): CodeIgniter\Boot::bootWeb(Object(Config\Paths))
 7 SYSTEMPATH\rewrite.php(44): require_once('C:\\Users\\Administrator\\Documents\\GITHUB\\KAPAL-FE-HTML\\home\\public\\index.php')
DEBUG - 2025-08-26 08:37:33 --> Session: Class initialized using 'CodeIgniter\Session\Handlers\FileHandler' driver.
WARNING - 2025-08-26 08:37:33 --> [DEPRECATED] Creation of dynamic property App\Controllers\Boats::$session is deprecated in APPPATH\Controllers\BaseController.php on line 53.
 1 SYSTEMPATH\CodeIgniter.php(904): App\Controllers\BaseController->initController(Object(CodeIgniter\HTTP\IncomingRequest), Object(CodeIgniter\HTTP\Response), Object(CodeIgniter\Log\Logger))
 2 SYSTEMPATH\CodeIgniter.php(498): CodeIgniter\CodeIgniter->createController()
 3 SYSTEMPATH\CodeIgniter.php(354): CodeIgniter\CodeIgniter->handleRequest(null, Object(Config\Cache), false)
 4 SYSTEMPATH\Boot.php(363): CodeIgniter\CodeIgniter->run()
 5 SYSTEMPATH\Boot.php(68): CodeIgniter\Boot::runCodeIgniter(Object(CodeIgniter\CodeIgniter))
 6 FCPATH\index.php(59): CodeIgniter\Boot::bootWeb(Object(Config\Paths))
 7 SYSTEMPATH\rewrite.php(44): require_once('C:\\Users\\Administrator\\Documents\\GITHUB\\KAPAL-FE-HTML\\home\\public\\index.php')
DEBUG - 2025-08-26 08:37:35 --> Session: Class initialized using 'CodeIgniter\Session\Handlers\FileHandler' driver.
WARNING - 2025-08-26 08:37:35 --> [DEPRECATED] Creation of dynamic property App\Controllers\Boats::$session is deprecated in APPPATH\Controllers\BaseController.php on line 53.
 1 SYSTEMPATH\CodeIgniter.php(904): App\Controllers\BaseController->initController(Object(CodeIgniter\HTTP\IncomingRequest), Object(CodeIgniter\HTTP\Response), Object(CodeIgniter\Log\Logger))
 2 SYSTEMPATH\CodeIgniter.php(498): CodeIgniter\CodeIgniter->createController()
 3 SYSTEMPATH\CodeIgniter.php(354): CodeIgniter\CodeIgniter->handleRequest(null, Object(Config\Cache), false)
 4 SYSTEMPATH\Boot.php(363): CodeIgniter\CodeIgniter->run()
 5 SYSTEMPATH\Boot.php(68): CodeIgniter\Boot::runCodeIgniter(Object(CodeIgniter\CodeIgniter))
 6 FCPATH\index.php(59): CodeIgniter\Boot::bootWeb(Object(Config\Paths))
 7 SYSTEMPATH\rewrite.php(44): require_once('C:\\Users\\Administrator\\Documents\\GITHUB\\KAPAL-FE-HTML\\home\\public\\index.php')
DEBUG - 2025-08-26 08:37:38 --> Session: Class initialized using 'CodeIgniter\Session\Handlers\FileHandler' driver.
WARNING - 2025-08-26 08:37:38 --> [DEPRECATED] Creation of dynamic property App\Controllers\Contact::$session is deprecated in APPPATH\Controllers\BaseController.php on line 53.
 1 SYSTEMPATH\CodeIgniter.php(904): App\Controllers\BaseController->initController(Object(CodeIgniter\HTTP\IncomingRequest), Object(CodeIgniter\HTTP\Response), Object(CodeIgniter\Log\Logger))
 2 SYSTEMPATH\CodeIgniter.php(498): CodeIgniter\CodeIgniter->createController()
 3 SYSTEMPATH\CodeIgniter.php(354): CodeIgniter\CodeIgniter->handleRequest(null, Object(Config\Cache), false)
 4 SYSTEMPATH\Boot.php(363): CodeIgniter\CodeIgniter->run()
 5 SYSTEMPATH\Boot.php(68): CodeIgniter\Boot::runCodeIgniter(Object(CodeIgniter\CodeIgniter))
 6 FCPATH\index.php(59): CodeIgniter\Boot::bootWeb(Object(Config\Paths))
 7 SYSTEMPATH\rewrite.php(44): require_once('C:\\Users\\Administrator\\Documents\\GITHUB\\KAPAL-FE-HTML\\home\\public\\index.php')
DEBUG - 2025-08-26 08:37:39 --> Session: Class initialized using 'CodeIgniter\Session\Handlers\FileHandler' driver.
WARNING - 2025-08-26 08:37:39 --> [DEPRECATED] Creation of dynamic property App\Controllers\Boats::$session is deprecated in APPPATH\Controllers\BaseController.php on line 53.
 1 SYSTEMPATH\CodeIgniter.php(904): App\Controllers\BaseController->initController(Object(CodeIgniter\HTTP\IncomingRequest), Object(CodeIgniter\HTTP\Response), Object(CodeIgniter\Log\Logger))
 2 SYSTEMPATH\CodeIgniter.php(498): CodeIgniter\CodeIgniter->createController()
 3 SYSTEMPATH\CodeIgniter.php(354): CodeIgniter\CodeIgniter->handleRequest(null, Object(Config\Cache), false)
 4 SYSTEMPATH\Boot.php(363): CodeIgniter\CodeIgniter->run()
 5 SYSTEMPATH\Boot.php(68): CodeIgniter\Boot::runCodeIgniter(Object(CodeIgniter\CodeIgniter))
 6 FCPATH\index.php(59): CodeIgniter\Boot::bootWeb(Object(Config\Paths))
 7 SYSTEMPATH\rewrite.php(44): require_once('C:\\Users\\Administrator\\Documents\\GITHUB\\KAPAL-FE-HTML\\home\\public\\index.php')
DEBUG - 2025-08-26 08:37:41 --> Session: Class initialized using 'CodeIgniter\Session\Handlers\FileHandler' driver.
WARNING - 2025-08-26 08:37:41 --> [DEPRECATED] Creation of dynamic property App\Controllers\Home::$session is deprecated in APPPATH\Controllers\BaseController.php on line 53.
 1 SYSTEMPATH\CodeIgniter.php(904): App\Controllers\BaseController->initController(Object(CodeIgniter\HTTP\IncomingRequest), Object(CodeIgniter\HTTP\Response), Object(CodeIgniter\Log\Logger))
 2 SYSTEMPATH\CodeIgniter.php(498): CodeIgniter\CodeIgniter->createController()
 3 SYSTEMPATH\CodeIgniter.php(354): CodeIgniter\CodeIgniter->handleRequest(null, Object(Config\Cache), false)
 4 SYSTEMPATH\Boot.php(363): CodeIgniter\CodeIgniter->run()
 5 SYSTEMPATH\Boot.php(68): CodeIgniter\Boot::runCodeIgniter(Object(CodeIgniter\CodeIgniter))
 6 FCPATH\index.php(59): CodeIgniter\Boot::bootWeb(Object(Config\Paths))
 7 SYSTEMPATH\rewrite.php(44): require_once('C:\\Users\\Administrator\\Documents\\GITHUB\\KAPAL-FE-HTML\\home\\public\\index.php')
DEBUG - 2025-08-26 17:29:28 --> Session: Class initialized using 'CodeIgniter\Session\Handlers\FileHandler' driver.
WARNING - 2025-08-26 17:29:28 --> [DEPRECATED] Creation of dynamic property App\Controllers\Home::$session is deprecated in APPPATH\Controllers\BaseController.php on line 53.
 1 SYSTEMPATH\CodeIgniter.php(904): App\Controllers\BaseController->initController(Object(CodeIgniter\HTTP\IncomingRequest), Object(CodeIgniter\HTTP\Response), Object(CodeIgniter\Log\Logger))
 2 SYSTEMPATH\CodeIgniter.php(498): CodeIgniter\CodeIgniter->createController()
 3 SYSTEMPATH\CodeIgniter.php(354): CodeIgniter\CodeIgniter->handleRequest(null, Object(Config\Cache), false)
 4 SYSTEMPATH\Boot.php(363): CodeIgniter\CodeIgniter->run()
 5 SYSTEMPATH\Boot.php(68): CodeIgniter\Boot::runCodeIgniter(Object(CodeIgniter\CodeIgniter))
 6 FCPATH\index.php(59): CodeIgniter\Boot::bootWeb(Object(Config\Paths))
 7 SYSTEMPATH\rewrite.php(44): require_once('C:\\Users\\Administrator\\Documents\\GITHUB\\KAPAL-FE-HTML\\home\\public\\index.php')
DEBUG - 2025-08-26 17:29:31 --> Session: Class initialized using 'CodeIgniter\Session\Handlers\FileHandler' driver.
WARNING - 2025-08-26 17:29:31 --> [DEPRECATED] Creation of dynamic property App\Controllers\Tour::$session is deprecated in APPPATH\Controllers\BaseController.php on line 53.
 1 SYSTEMPATH\CodeIgniter.php(904): App\Controllers\BaseController->initController(Object(CodeIgniter\HTTP\IncomingRequest), Object(CodeIgniter\HTTP\Response), Object(CodeIgniter\Log\Logger))
 2 SYSTEMPATH\CodeIgniter.php(498): CodeIgniter\CodeIgniter->createController()
 3 SYSTEMPATH\CodeIgniter.php(354): CodeIgniter\CodeIgniter->handleRequest(null, Object(Config\Cache), false)
 4 SYSTEMPATH\Boot.php(363): CodeIgniter\CodeIgniter->run()
 5 SYSTEMPATH\Boot.php(68): CodeIgniter\Boot::runCodeIgniter(Object(CodeIgniter\CodeIgniter))
 6 FCPATH\index.php(59): CodeIgniter\Boot::bootWeb(Object(Config\Paths))
 7 SYSTEMPATH\rewrite.php(44): require_once('C:\\Users\\Administrator\\Documents\\GITHUB\\KAPAL-FE-HTML\\home\\public\\index.php')
DEBUG - 2025-08-26 17:29:36 --> Session: Class initialized using 'CodeIgniter\Session\Handlers\FileHandler' driver.
WARNING - 2025-08-26 17:29:36 --> [DEPRECATED] Creation of dynamic property App\Controllers\Tour::$session is deprecated in APPPATH\Controllers\BaseController.php on line 53.
 1 SYSTEMPATH\CodeIgniter.php(904): App\Controllers\BaseController->initController(Object(CodeIgniter\HTTP\IncomingRequest), Object(CodeIgniter\HTTP\Response), Object(CodeIgniter\Log\Logger))
 2 SYSTEMPATH\CodeIgniter.php(498): CodeIgniter\CodeIgniter->createController()
 3 SYSTEMPATH\CodeIgniter.php(354): CodeIgniter\CodeIgniter->handleRequest(null, Object(Config\Cache), false)
 4 SYSTEMPATH\Boot.php(363): CodeIgniter\CodeIgniter->run()
 5 SYSTEMPATH\Boot.php(68): CodeIgniter\Boot::runCodeIgniter(Object(CodeIgniter\CodeIgniter))
 6 FCPATH\index.php(59): CodeIgniter\Boot::bootWeb(Object(Config\Paths))
 7 SYSTEMPATH\rewrite.php(44): require_once('C:\\Users\\Administrator\\Documents\\GITHUB\\KAPAL-FE-HTML\\home\\public\\index.php')
DEBUG - 2025-08-26 17:30:27 --> Session: Class initialized using 'CodeIgniter\Session\Handlers\FileHandler' driver.
WARNING - 2025-08-26 17:30:27 --> [DEPRECATED] Creation of dynamic property App\Controllers\Tour::$session is deprecated in APPPATH\Controllers\BaseController.php on line 53.
 1 SYSTEMPATH\CodeIgniter.php(904): App\Controllers\BaseController->initController(Object(CodeIgniter\HTTP\IncomingRequest), Object(CodeIgniter\HTTP\Response), Object(CodeIgniter\Log\Logger))
 2 SYSTEMPATH\CodeIgniter.php(498): CodeIgniter\CodeIgniter->createController()
 3 SYSTEMPATH\CodeIgniter.php(354): CodeIgniter\CodeIgniter->handleRequest(null, Object(Config\Cache), false)
 4 SYSTEMPATH\Boot.php(363): CodeIgniter\CodeIgniter->run()
 5 SYSTEMPATH\Boot.php(68): CodeIgniter\Boot::runCodeIgniter(Object(CodeIgniter\CodeIgniter))
 6 FCPATH\index.php(59): CodeIgniter\Boot::bootWeb(Object(Config\Paths))
 7 SYSTEMPATH\rewrite.php(44): require_once('C:\\Users\\Administrator\\Documents\\GITHUB\\KAPAL-FE-HTML\\home\\public\\index.php')
