CRITICAL - 2025-08-12 07:45:51 --> CodeIgniter\View\Exceptions\ViewException: Invalid file: "home.php"
[Method: GET, Route: /]
in SYSTEMPATH\Exceptions\FrameworkException.php on line 39.
 1 SYSTEMPATH\View\View.php(214): CodeIgniter\Exceptions\FrameworkException::forInvalidFile('home.php')
 2 SYSTEMPATH\Common.php(1167): CodeIgniter\View\View->render('home', [], true)
 3 APPPATH\Controllers\BaseController.php(65): view('home', [...])
 4 APPPATH\Controllers\Home.php(12): App\Controllers\BaseController->render('home', [...])
 5 SYSTEMPATH\CodeIgniter.php(933): App\Controllers\Home->index()
 6 SYSTEMPATH\CodeIgniter.php(507): CodeIgniter\CodeIgniter->runController(Object(App\Controllers\Home))
 7 SYSTEMPATH\CodeIgniter.php(354): CodeIgniter\CodeIgniter->handleRequest(null, Object(Config\Cache), false)
 8 SYSTEMPATH\Boot.php(363): CodeIgniter\CodeIgniter->run()
 9 SYSTEMPATH\Boot.php(68): CodeIgniter\Boot::runCodeIgniter(Object(CodeIgniter\CodeIgniter))
10 FCPATH\index.php(59): CodeIgniter\Boot::bootWeb(Object(Config\Paths))
11 SYSTEMPATH\rewrite.php(44): require_once('C:\\Users\\Administrator\\Documents\\GITHUB\\KAPAL-FE-HTML\\home\\public\\index.php')
DEBUG - 2025-08-12 07:46:06 --> Session: Class initialized using 'CodeIgniter\Session\Handlers\FileHandler' driver.
WARNING - 2025-08-12 07:46:06 --> [DEPRECATED] Creation of dynamic property App\Controllers\Home::$session is deprecated in APPPATH\Controllers\BaseController.php on line 53.
 1 SYSTEMPATH\CodeIgniter.php(904): App\Controllers\BaseController->initController(Object(CodeIgniter\HTTP\IncomingRequest), Object(CodeIgniter\HTTP\Response), Object(CodeIgniter\Log\Logger))
 2 SYSTEMPATH\CodeIgniter.php(498): CodeIgniter\CodeIgniter->createController()
 3 SYSTEMPATH\CodeIgniter.php(354): CodeIgniter\CodeIgniter->handleRequest(null, Object(Config\Cache), false)
 4 SYSTEMPATH\Boot.php(363): CodeIgniter\CodeIgniter->run()
 5 SYSTEMPATH\Boot.php(68): CodeIgniter\Boot::runCodeIgniter(Object(CodeIgniter\CodeIgniter))
 6 FCPATH\index.php(59): CodeIgniter\Boot::bootWeb(Object(Config\Paths))
 7 SYSTEMPATH\rewrite.php(44): require_once('C:\\Users\\Administrator\\Documents\\GITHUB\\KAPAL-FE-HTML\\home\\public\\index.php')
CRITICAL - 2025-08-12 07:46:06 --> CodeIgniter\View\Exceptions\ViewException: Invalid file: "home.php"
[Method: GET, Route: /]
in SYSTEMPATH\Exceptions\FrameworkException.php on line 39.
 1 SYSTEMPATH\View\View.php(214): CodeIgniter\Exceptions\FrameworkException::forInvalidFile('home.php')
 2 SYSTEMPATH\Common.php(1167): CodeIgniter\View\View->render('home', [], true)
 3 APPPATH\Controllers\BaseController.php(65): view('home', [...])
 4 APPPATH\Controllers\Home.php(12): App\Controllers\BaseController->render('home', [...])
 5 SYSTEMPATH\CodeIgniter.php(933): App\Controllers\Home->index()
 6 SYSTEMPATH\CodeIgniter.php(507): CodeIgniter\CodeIgniter->runController(Object(App\Controllers\Home))
 7 SYSTEMPATH\CodeIgniter.php(354): CodeIgniter\CodeIgniter->handleRequest(null, Object(Config\Cache), false)
 8 SYSTEMPATH\Boot.php(363): CodeIgniter\CodeIgniter->run()
 9 SYSTEMPATH\Boot.php(68): CodeIgniter\Boot::runCodeIgniter(Object(CodeIgniter\CodeIgniter))
10 FCPATH\index.php(59): CodeIgniter\Boot::bootWeb(Object(Config\Paths))
11 SYSTEMPATH\rewrite.php(44): require_once('C:\\Users\\Administrator\\Documents\\GITHUB\\KAPAL-FE-HTML\\home\\public\\index.php')
DEBUG - 2025-08-12 07:49:45 --> Session: Class initialized using 'CodeIgniter\Session\Handlers\FileHandler' driver.
WARNING - 2025-08-12 07:49:45 --> [DEPRECATED] Creation of dynamic property App\Controllers\Home::$session is deprecated in APPPATH\Controllers\BaseController.php on line 53.
 1 SYSTEMPATH\CodeIgniter.php(904): App\Controllers\BaseController->initController(Object(CodeIgniter\HTTP\IncomingRequest), Object(CodeIgniter\HTTP\Response), Object(CodeIgniter\Log\Logger))
 2 SYSTEMPATH\CodeIgniter.php(498): CodeIgniter\CodeIgniter->createController()
 3 SYSTEMPATH\CodeIgniter.php(354): CodeIgniter\CodeIgniter->handleRequest(null, Object(Config\Cache), false)
 4 SYSTEMPATH\Boot.php(363): CodeIgniter\CodeIgniter->run()
 5 SYSTEMPATH\Boot.php(68): CodeIgniter\Boot::runCodeIgniter(Object(CodeIgniter\CodeIgniter))
 6 FCPATH\index.php(59): CodeIgniter\Boot::bootWeb(Object(Config\Paths))
 7 SYSTEMPATH\rewrite.php(44): require_once('C:\\Users\\Administrator\\Documents\\GITHUB\\KAPAL-FE-HTML\\home\\public\\index.php')
CRITICAL - 2025-08-12 07:49:45 --> CodeIgniter\View\Exceptions\ViewException: Invalid file: "home.php"
[Method: GET, Route: /]
in SYSTEMPATH\Exceptions\FrameworkException.php on line 39.
 1 SYSTEMPATH\View\View.php(214): CodeIgniter\Exceptions\FrameworkException::forInvalidFile('home.php')
 2 SYSTEMPATH\Common.php(1167): CodeIgniter\View\View->render('home', [], true)
 3 APPPATH\Controllers\BaseController.php(65): view('home', [...])
 4 APPPATH\Controllers\Home.php(12): App\Controllers\BaseController->render('home', [...])
 5 SYSTEMPATH\CodeIgniter.php(933): App\Controllers\Home->index()
 6 SYSTEMPATH\CodeIgniter.php(507): CodeIgniter\CodeIgniter->runController(Object(App\Controllers\Home))
 7 SYSTEMPATH\CodeIgniter.php(354): CodeIgniter\CodeIgniter->handleRequest(null, Object(Config\Cache), false)
 8 SYSTEMPATH\Boot.php(363): CodeIgniter\CodeIgniter->run()
 9 SYSTEMPATH\Boot.php(68): CodeIgniter\Boot::runCodeIgniter(Object(CodeIgniter\CodeIgniter))
10 FCPATH\index.php(59): CodeIgniter\Boot::bootWeb(Object(Config\Paths))
11 SYSTEMPATH\rewrite.php(44): require_once('C:\\Users\\Administrator\\Documents\\GITHUB\\KAPAL-FE-HTML\\home\\public\\index.php')
DEBUG - 2025-08-12 07:49:54 --> Session: Class initialized using 'CodeIgniter\Session\Handlers\FileHandler' driver.
WARNING - 2025-08-12 07:49:54 --> [DEPRECATED] Creation of dynamic property App\Controllers\Home::$session is deprecated in APPPATH\Controllers\BaseController.php on line 53.
 1 SYSTEMPATH\CodeIgniter.php(904): App\Controllers\BaseController->initController(Object(CodeIgniter\HTTP\IncomingRequest), Object(CodeIgniter\HTTP\Response), Object(CodeIgniter\Log\Logger))
 2 SYSTEMPATH\CodeIgniter.php(498): CodeIgniter\CodeIgniter->createController()
 3 SYSTEMPATH\CodeIgniter.php(354): CodeIgniter\CodeIgniter->handleRequest(null, Object(Config\Cache), false)
 4 SYSTEMPATH\Boot.php(363): CodeIgniter\CodeIgniter->run()
 5 SYSTEMPATH\Boot.php(68): CodeIgniter\Boot::runCodeIgniter(Object(CodeIgniter\CodeIgniter))
 6 FCPATH\index.php(59): CodeIgniter\Boot::bootWeb(Object(Config\Paths))
 7 SYSTEMPATH\rewrite.php(44): require_once('C:\\Users\\Administrator\\Documents\\GITHUB\\KAPAL-FE-HTML\\home\\public\\index.php')
DEBUG - 2025-08-12 07:50:08 --> Session: Class initialized using 'CodeIgniter\Session\Handlers\FileHandler' driver.
WARNING - 2025-08-12 07:50:08 --> [DEPRECATED] Creation of dynamic property App\Controllers\Home::$session is deprecated in APPPATH\Controllers\BaseController.php on line 53.
 1 SYSTEMPATH\CodeIgniter.php(904): App\Controllers\BaseController->initController(Object(CodeIgniter\HTTP\IncomingRequest), Object(CodeIgniter\HTTP\Response), Object(CodeIgniter\Log\Logger))
 2 SYSTEMPATH\CodeIgniter.php(498): CodeIgniter\CodeIgniter->createController()
 3 SYSTEMPATH\CodeIgniter.php(354): CodeIgniter\CodeIgniter->handleRequest(null, Object(Config\Cache), false)
 4 SYSTEMPATH\Boot.php(363): CodeIgniter\CodeIgniter->run()
 5 SYSTEMPATH\Boot.php(68): CodeIgniter\Boot::runCodeIgniter(Object(CodeIgniter\CodeIgniter))
 6 FCPATH\index.php(59): CodeIgniter\Boot::bootWeb(Object(Config\Paths))
 7 SYSTEMPATH\rewrite.php(44): require_once('C:\\Users\\Administrator\\Documents\\GITHUB\\KAPAL-FE-HTML\\home\\public\\index.php')
DEBUG - 2025-08-12 07:57:25 --> Session: Class initialized using 'CodeIgniter\Session\Handlers\FileHandler' driver.
WARNING - 2025-08-12 07:57:25 --> [DEPRECATED] Creation of dynamic property App\Controllers\Home::$session is deprecated in APPPATH\Controllers\BaseController.php on line 53.
 1 SYSTEMPATH\CodeIgniter.php(904): App\Controllers\BaseController->initController(Object(CodeIgniter\HTTP\IncomingRequest), Object(CodeIgniter\HTTP\Response), Object(CodeIgniter\Log\Logger))
 2 SYSTEMPATH\CodeIgniter.php(498): CodeIgniter\CodeIgniter->createController()
 3 SYSTEMPATH\CodeIgniter.php(354): CodeIgniter\CodeIgniter->handleRequest(null, Object(Config\Cache), false)
 4 SYSTEMPATH\Boot.php(363): CodeIgniter\CodeIgniter->run()
 5 SYSTEMPATH\Boot.php(68): CodeIgniter\Boot::runCodeIgniter(Object(CodeIgniter\CodeIgniter))
 6 FCPATH\index.php(59): CodeIgniter\Boot::bootWeb(Object(Config\Paths))
 7 SYSTEMPATH\rewrite.php(44): require_once('C:\\Users\\Administrator\\Documents\\GITHUB\\KAPAL-FE-HTML\\home\\public\\index.php')
DEBUG - 2025-08-12 07:57:33 --> Session: Class initialized using 'CodeIgniter\Session\Handlers\FileHandler' driver.
WARNING - 2025-08-12 07:57:33 --> [DEPRECATED] Creation of dynamic property App\Controllers\Home::$session is deprecated in APPPATH\Controllers\BaseController.php on line 53.
 1 SYSTEMPATH\CodeIgniter.php(904): App\Controllers\BaseController->initController(Object(CodeIgniter\HTTP\IncomingRequest), Object(CodeIgniter\HTTP\Response), Object(CodeIgniter\Log\Logger))
 2 SYSTEMPATH\CodeIgniter.php(498): CodeIgniter\CodeIgniter->createController()
 3 SYSTEMPATH\CodeIgniter.php(354): CodeIgniter\CodeIgniter->handleRequest(null, Object(Config\Cache), false)
 4 SYSTEMPATH\Boot.php(363): CodeIgniter\CodeIgniter->run()
 5 SYSTEMPATH\Boot.php(68): CodeIgniter\Boot::runCodeIgniter(Object(CodeIgniter\CodeIgniter))
 6 FCPATH\index.php(59): CodeIgniter\Boot::bootWeb(Object(Config\Paths))
 7 SYSTEMPATH\rewrite.php(44): require_once('C:\\Users\\Administrator\\Documents\\GITHUB\\KAPAL-FE-HTML\\home\\public\\index.php')
CRITICAL - 2025-08-12 07:57:33 --> CodeIgniter\View\Exceptions\ViewException: Invalid file: "about.php"
[Method: GET, Route: about]
in SYSTEMPATH\Exceptions\FrameworkException.php on line 39.
 1 SYSTEMPATH\View\View.php(214): CodeIgniter\Exceptions\FrameworkException::forInvalidFile('about.php')
 2 SYSTEMPATH\Common.php(1167): CodeIgniter\View\View->render('about', [], true)
 3 APPPATH\Controllers\BaseController.php(65): view('about', [...])
 4 APPPATH\Controllers\Home.php(22): App\Controllers\BaseController->render('about', [...])
 5 SYSTEMPATH\CodeIgniter.php(933): App\Controllers\Home->about()
 6 SYSTEMPATH\CodeIgniter.php(507): CodeIgniter\CodeIgniter->runController(Object(App\Controllers\Home))
 7 SYSTEMPATH\CodeIgniter.php(354): CodeIgniter\CodeIgniter->handleRequest(null, Object(Config\Cache), false)
 8 SYSTEMPATH\Boot.php(363): CodeIgniter\CodeIgniter->run()
 9 SYSTEMPATH\Boot.php(68): CodeIgniter\Boot::runCodeIgniter(Object(CodeIgniter\CodeIgniter))
10 FCPATH\index.php(59): CodeIgniter\Boot::bootWeb(Object(Config\Paths))
11 SYSTEMPATH\rewrite.php(44): require_once('C:\\Users\\Administrator\\Documents\\GITHUB\\KAPAL-FE-HTML\\home\\public\\index.php')
DEBUG - 2025-08-12 07:57:36 --> Session: Class initialized using 'CodeIgniter\Session\Handlers\FileHandler' driver.
WARNING - 2025-08-12 07:57:36 --> [DEPRECATED] Creation of dynamic property App\Controllers\Home::$session is deprecated in APPPATH\Controllers\BaseController.php on line 53.
 1 SYSTEMPATH\CodeIgniter.php(904): App\Controllers\BaseController->initController(Object(CodeIgniter\HTTP\IncomingRequest), Object(CodeIgniter\HTTP\Response), Object(CodeIgniter\Log\Logger))
 2 SYSTEMPATH\CodeIgniter.php(498): CodeIgniter\CodeIgniter->createController()
 3 SYSTEMPATH\CodeIgniter.php(354): CodeIgniter\CodeIgniter->handleRequest(null, Object(Config\Cache), false)
 4 SYSTEMPATH\Boot.php(363): CodeIgniter\CodeIgniter->run()
 5 SYSTEMPATH\Boot.php(68): CodeIgniter\Boot::runCodeIgniter(Object(CodeIgniter\CodeIgniter))
 6 FCPATH\index.php(59): CodeIgniter\Boot::bootWeb(Object(Config\Paths))
 7 SYSTEMPATH\rewrite.php(44): require_once('C:\\Users\\Administrator\\Documents\\GITHUB\\KAPAL-FE-HTML\\home\\public\\index.php')
DEBUG - 2025-08-12 07:57:37 --> Session: Class initialized using 'CodeIgniter\Session\Handlers\FileHandler' driver.
WARNING - 2025-08-12 07:57:37 --> [DEPRECATED] Creation of dynamic property App\Controllers\Home::$session is deprecated in APPPATH\Controllers\BaseController.php on line 53.
 1 SYSTEMPATH\CodeIgniter.php(904): App\Controllers\BaseController->initController(Object(CodeIgniter\HTTP\IncomingRequest), Object(CodeIgniter\HTTP\Response), Object(CodeIgniter\Log\Logger))
 2 SYSTEMPATH\CodeIgniter.php(498): CodeIgniter\CodeIgniter->createController()
 3 SYSTEMPATH\CodeIgniter.php(354): CodeIgniter\CodeIgniter->handleRequest(null, Object(Config\Cache), false)
 4 SYSTEMPATH\Boot.php(363): CodeIgniter\CodeIgniter->run()
 5 SYSTEMPATH\Boot.php(68): CodeIgniter\Boot::runCodeIgniter(Object(CodeIgniter\CodeIgniter))
 6 FCPATH\index.php(59): CodeIgniter\Boot::bootWeb(Object(Config\Paths))
 7 SYSTEMPATH\rewrite.php(44): require_once('C:\\Users\\Administrator\\Documents\\GITHUB\\KAPAL-FE-HTML\\home\\public\\index.php')
CRITICAL - 2025-08-12 07:57:37 --> CodeIgniter\View\Exceptions\ViewException: Invalid file: "blog.php"
[Method: GET, Route: blog]
in SYSTEMPATH\Exceptions\FrameworkException.php on line 39.
 1 SYSTEMPATH\View\View.php(214): CodeIgniter\Exceptions\FrameworkException::forInvalidFile('blog.php')
 2 SYSTEMPATH\Common.php(1167): CodeIgniter\View\View->render('blog', [], true)
 3 APPPATH\Controllers\BaseController.php(65): view('blog', [...])
 4 APPPATH\Controllers\Home.php(32): App\Controllers\BaseController->render('blog', [...])
 5 SYSTEMPATH\CodeIgniter.php(933): App\Controllers\Home->blog()
 6 SYSTEMPATH\CodeIgniter.php(507): CodeIgniter\CodeIgniter->runController(Object(App\Controllers\Home))
 7 SYSTEMPATH\CodeIgniter.php(354): CodeIgniter\CodeIgniter->handleRequest(null, Object(Config\Cache), false)
 8 SYSTEMPATH\Boot.php(363): CodeIgniter\CodeIgniter->run()
 9 SYSTEMPATH\Boot.php(68): CodeIgniter\Boot::runCodeIgniter(Object(CodeIgniter\CodeIgniter))
10 FCPATH\index.php(59): CodeIgniter\Boot::bootWeb(Object(Config\Paths))
11 SYSTEMPATH\rewrite.php(44): require_once('C:\\Users\\Administrator\\Documents\\GITHUB\\KAPAL-FE-HTML\\home\\public\\index.php')
DEBUG - 2025-08-12 08:15:40 --> Session: Class initialized using 'CodeIgniter\Session\Handlers\FileHandler' driver.
WARNING - 2025-08-12 08:15:40 --> [DEPRECATED] Creation of dynamic property App\Controllers\Home::$session is deprecated in APPPATH\Controllers\BaseController.php on line 53.
 1 SYSTEMPATH\CodeIgniter.php(904): App\Controllers\BaseController->initController(Object(CodeIgniter\HTTP\IncomingRequest), Object(CodeIgniter\HTTP\Response), Object(CodeIgniter\Log\Logger))
 2 SYSTEMPATH\CodeIgniter.php(498): CodeIgniter\CodeIgniter->createController()
 3 SYSTEMPATH\CodeIgniter.php(354): CodeIgniter\CodeIgniter->handleRequest(null, Object(Config\Cache), false)
 4 SYSTEMPATH\Boot.php(363): CodeIgniter\CodeIgniter->run()
 5 SYSTEMPATH\Boot.php(68): CodeIgniter\Boot::runCodeIgniter(Object(CodeIgniter\CodeIgniter))
 6 FCPATH\index.php(59): CodeIgniter\Boot::bootWeb(Object(Config\Paths))
 7 SYSTEMPATH\rewrite.php(44): require_once('C:\\Users\\Administrator\\Documents\\GITHUB\\KAPAL-FE-HTML\\home\\public\\index.php')
CRITICAL - 2025-08-12 08:15:40 --> ParseError: syntax error, unexpected token ";"
[Method: GET, Route: /]
in APPPATH\Views\home.php on line 163.
 1 SYSTEMPATH\View\View.php(229): CodeIgniter\View\View->CodeIgniter\View\{closure}()
 2 SYSTEMPATH\Common.php(1167): CodeIgniter\View\View->render('home', [], true)
 3 APPPATH\Controllers\BaseController.php(65): view('home', [...])
 4 APPPATH\Controllers\Home.php(12): App\Controllers\BaseController->render('home', [...])
 5 SYSTEMPATH\CodeIgniter.php(933): App\Controllers\Home->index()
 6 SYSTEMPATH\CodeIgniter.php(507): CodeIgniter\CodeIgniter->runController(Object(App\Controllers\Home))
 7 SYSTEMPATH\CodeIgniter.php(354): CodeIgniter\CodeIgniter->handleRequest(null, Object(Config\Cache), false)
 8 SYSTEMPATH\Boot.php(363): CodeIgniter\CodeIgniter->run()
 9 SYSTEMPATH\Boot.php(68): CodeIgniter\Boot::runCodeIgniter(Object(CodeIgniter\CodeIgniter))
10 FCPATH\index.php(59): CodeIgniter\Boot::bootWeb(Object(Config\Paths))
11 SYSTEMPATH\rewrite.php(44): require_once('C:\\Users\\Administrator\\Documents\\GITHUB\\KAPAL-FE-HTML\\home\\public\\index.php')
DEBUG - 2025-08-12 08:16:31 --> Session: Class initialized using 'CodeIgniter\Session\Handlers\FileHandler' driver.
WARNING - 2025-08-12 08:16:31 --> [DEPRECATED] Creation of dynamic property App\Controllers\Home::$session is deprecated in APPPATH\Controllers\BaseController.php on line 53.
 1 SYSTEMPATH\CodeIgniter.php(904): App\Controllers\BaseController->initController(Object(CodeIgniter\HTTP\IncomingRequest), Object(CodeIgniter\HTTP\Response), Object(CodeIgniter\Log\Logger))
 2 SYSTEMPATH\CodeIgniter.php(498): CodeIgniter\CodeIgniter->createController()
 3 SYSTEMPATH\CodeIgniter.php(354): CodeIgniter\CodeIgniter->handleRequest(null, Object(Config\Cache), false)
 4 SYSTEMPATH\Boot.php(363): CodeIgniter\CodeIgniter->run()
 5 SYSTEMPATH\Boot.php(68): CodeIgniter\Boot::runCodeIgniter(Object(CodeIgniter\CodeIgniter))
 6 FCPATH\index.php(59): CodeIgniter\Boot::bootWeb(Object(Config\Paths))
 7 SYSTEMPATH\rewrite.php(44): require_once('C:\\Users\\Administrator\\Documents\\GITHUB\\KAPAL-FE-HTML\\home\\public\\index.php')
CRITICAL - 2025-08-12 08:16:31 --> ErrorException: Unparenthesized `a ? b : c ? d : e` is not supported. Use either `(a ? b : c) ? d : e` or `a ? b : (c ? d : e)`
[Method: GET, Route: /]
in APPPATH\Views\home.php on line 163.
 1 [internal function]: CodeIgniter\Debug\Exceptions->shutdownHandler()
DEBUG - 2025-08-12 08:18:26 --> Session: Class initialized using 'CodeIgniter\Session\Handlers\FileHandler' driver.
WARNING - 2025-08-12 08:18:26 --> [DEPRECATED] Creation of dynamic property App\Controllers\Home::$session is deprecated in APPPATH\Controllers\BaseController.php on line 53.
 1 SYSTEMPATH\CodeIgniter.php(904): App\Controllers\BaseController->initController(Object(CodeIgniter\HTTP\IncomingRequest), Object(CodeIgniter\HTTP\Response), Object(CodeIgniter\Log\Logger))
 2 SYSTEMPATH\CodeIgniter.php(498): CodeIgniter\CodeIgniter->createController()
 3 SYSTEMPATH\CodeIgniter.php(354): CodeIgniter\CodeIgniter->handleRequest(null, Object(Config\Cache), false)
 4 SYSTEMPATH\Boot.php(363): CodeIgniter\CodeIgniter->run()
 5 SYSTEMPATH\Boot.php(68): CodeIgniter\Boot::runCodeIgniter(Object(CodeIgniter\CodeIgniter))
 6 FCPATH\index.php(59): CodeIgniter\Boot::bootWeb(Object(Config\Paths))
 7 SYSTEMPATH\rewrite.php(44): require_once('C:\\Users\\Administrator\\Documents\\GITHUB\\KAPAL-FE-HTML\\home\\public\\index.php')
CRITICAL - 2025-08-12 08:18:26 --> ErrorException: Undefined variable $sliders
[Method: GET, Route: /]
in APPPATH\Views\home.php on line 15.
 1 APPPATH\Views\home.php(15): CodeIgniter\Debug\Exceptions->errorHandler(2, 'Undefined variable $sliders', 'C:\\Users\\Administrator\\Documents\\GITHUB\\KAPAL-FE-HTML\\home\\app\\Views\\home.php', 15)
 2 SYSTEMPATH\View\View.php(226): include('C:\\Users\\Administrator\\Documents\\GITHUB\\KAPAL-FE-HTML\\home\\app\\Views\\home.php')
 3 SYSTEMPATH\View\View.php(229): CodeIgniter\View\View->CodeIgniter\View\{closure}()
 4 SYSTEMPATH\Common.php(1167): CodeIgniter\View\View->render('home', [], true)
 5 APPPATH\Controllers\BaseController.php(65): view('home', [...])
 6 APPPATH\Controllers\Home.php(12): App\Controllers\BaseController->render('home', [...])
 7 SYSTEMPATH\CodeIgniter.php(933): App\Controllers\Home->index()
 8 SYSTEMPATH\CodeIgniter.php(507): CodeIgniter\CodeIgniter->runController(Object(App\Controllers\Home))
 9 SYSTEMPATH\CodeIgniter.php(354): CodeIgniter\CodeIgniter->handleRequest(null, Object(Config\Cache), false)
10 SYSTEMPATH\Boot.php(363): CodeIgniter\CodeIgniter->run()
11 SYSTEMPATH\Boot.php(68): CodeIgniter\Boot::runCodeIgniter(Object(CodeIgniter\CodeIgniter))
12 FCPATH\index.php(59): CodeIgniter\Boot::bootWeb(Object(Config\Paths))
13 SYSTEMPATH\rewrite.php(44): require_once('C:\\Users\\Administrator\\Documents\\GITHUB\\KAPAL-FE-HTML\\home\\public\\index.php')
DEBUG - 2025-08-12 08:22:32 --> Session: Class initialized using 'CodeIgniter\Session\Handlers\FileHandler' driver.
WARNING - 2025-08-12 08:22:32 --> [DEPRECATED] Creation of dynamic property App\Controllers\Home::$session is deprecated in APPPATH\Controllers\BaseController.php on line 53.
 1 SYSTEMPATH\CodeIgniter.php(904): App\Controllers\BaseController->initController(Object(CodeIgniter\HTTP\IncomingRequest), Object(CodeIgniter\HTTP\Response), Object(CodeIgniter\Log\Logger))
 2 SYSTEMPATH\CodeIgniter.php(498): CodeIgniter\CodeIgniter->createController()
 3 SYSTEMPATH\CodeIgniter.php(354): CodeIgniter\CodeIgniter->handleRequest(null, Object(Config\Cache), false)
 4 SYSTEMPATH\Boot.php(363): CodeIgniter\CodeIgniter->run()
 5 SYSTEMPATH\Boot.php(68): CodeIgniter\Boot::runCodeIgniter(Object(CodeIgniter\CodeIgniter))
 6 FCPATH\index.php(59): CodeIgniter\Boot::bootWeb(Object(Config\Paths))
 7 SYSTEMPATH\rewrite.php(44): require_once('C:\\Users\\Administrator\\Documents\\GITHUB\\KAPAL-FE-HTML\\home\\public\\index.php')
CRITICAL - 2025-08-12 08:22:32 --> Error: Class "App\Models\IslandModel" not found
[Method: GET, Route: /]
in APPPATH\Controllers\Home.php on line 13.
 1 SYSTEMPATH\CodeIgniter.php(933): App\Controllers\Home->index()
 2 SYSTEMPATH\CodeIgniter.php(507): CodeIgniter\CodeIgniter->runController(Object(App\Controllers\Home))
 3 SYSTEMPATH\CodeIgniter.php(354): CodeIgniter\CodeIgniter->handleRequest(null, Object(Config\Cache), false)
 4 SYSTEMPATH\Boot.php(363): CodeIgniter\CodeIgniter->run()
 5 SYSTEMPATH\Boot.php(68): CodeIgniter\Boot::runCodeIgniter(Object(CodeIgniter\CodeIgniter))
 6 FCPATH\index.php(59): CodeIgniter\Boot::bootWeb(Object(Config\Paths))
 7 SYSTEMPATH\rewrite.php(44): require_once('C:\\Users\\Administrator\\Documents\\GITHUB\\KAPAL-FE-HTML\\home\\public\\index.php')
DEBUG - 2025-08-12 08:22:33 --> Session: Class initialized using 'CodeIgniter\Session\Handlers\FileHandler' driver.
WARNING - 2025-08-12 08:22:33 --> [DEPRECATED] Creation of dynamic property App\Controllers\Home::$session is deprecated in APPPATH\Controllers\BaseController.php on line 53.
 1 SYSTEMPATH\CodeIgniter.php(904): App\Controllers\BaseController->initController(Object(CodeIgniter\HTTP\IncomingRequest), Object(CodeIgniter\HTTP\Response), Object(CodeIgniter\Log\Logger))
 2 SYSTEMPATH\CodeIgniter.php(498): CodeIgniter\CodeIgniter->createController()
 3 SYSTEMPATH\CodeIgniter.php(354): CodeIgniter\CodeIgniter->handleRequest(null, Object(Config\Cache), false)
 4 SYSTEMPATH\Boot.php(363): CodeIgniter\CodeIgniter->run()
 5 SYSTEMPATH\Boot.php(68): CodeIgniter\Boot::runCodeIgniter(Object(CodeIgniter\CodeIgniter))
 6 FCPATH\index.php(59): CodeIgniter\Boot::bootWeb(Object(Config\Paths))
 7 SYSTEMPATH\rewrite.php(44): require_once('C:\\Users\\Administrator\\Documents\\GITHUB\\KAPAL-FE-HTML\\home\\public\\index.php')
CRITICAL - 2025-08-12 08:22:33 --> Error: Class "App\Models\IslandModel" not found
[Method: GET, Route: /]
in APPPATH\Controllers\Home.php on line 13.
 1 SYSTEMPATH\CodeIgniter.php(933): App\Controllers\Home->index()
 2 SYSTEMPATH\CodeIgniter.php(507): CodeIgniter\CodeIgniter->runController(Object(App\Controllers\Home))
 3 SYSTEMPATH\CodeIgniter.php(354): CodeIgniter\CodeIgniter->handleRequest(null, Object(Config\Cache), false)
 4 SYSTEMPATH\Boot.php(363): CodeIgniter\CodeIgniter->run()
 5 SYSTEMPATH\Boot.php(68): CodeIgniter\Boot::runCodeIgniter(Object(CodeIgniter\CodeIgniter))
 6 FCPATH\index.php(59): CodeIgniter\Boot::bootWeb(Object(Config\Paths))
 7 SYSTEMPATH\rewrite.php(44): require_once('C:\\Users\\Administrator\\Documents\\GITHUB\\KAPAL-FE-HTML\\home\\public\\index.php')
DEBUG - 2025-08-12 08:41:13 --> Session: Class initialized using 'CodeIgniter\Session\Handlers\FileHandler' driver.
WARNING - 2025-08-12 08:41:13 --> [DEPRECATED] Creation of dynamic property App\Controllers\Home::$session is deprecated in APPPATH\Controllers\BaseController.php on line 53.
 1 SYSTEMPATH\CodeIgniter.php(904): App\Controllers\BaseController->initController(Object(CodeIgniter\HTTP\IncomingRequest), Object(CodeIgniter\HTTP\Response), Object(CodeIgniter\Log\Logger))
 2 SYSTEMPATH\CodeIgniter.php(498): CodeIgniter\CodeIgniter->createController()
 3 SYSTEMPATH\CodeIgniter.php(354): CodeIgniter\CodeIgniter->handleRequest(null, Object(Config\Cache), false)
 4 SYSTEMPATH\Boot.php(363): CodeIgniter\CodeIgniter->run()
 5 SYSTEMPATH\Boot.php(68): CodeIgniter\Boot::runCodeIgniter(Object(CodeIgniter\CodeIgniter))
 6 FCPATH\index.php(59): CodeIgniter\Boot::bootWeb(Object(Config\Paths))
 7 SYSTEMPATH\rewrite.php(44): require_once('C:\\Users\\Administrator\\Documents\\GITHUB\\KAPAL-FE-HTML\\home\\public\\index.php')
DEBUG - 2025-08-12 08:41:27 --> Session: Class initialized using 'CodeIgniter\Session\Handlers\FileHandler' driver.
WARNING - 2025-08-12 08:41:27 --> [DEPRECATED] Creation of dynamic property App\Controllers\Auth::$session is deprecated in APPPATH\Controllers\BaseController.php on line 53.
 1 SYSTEMPATH\CodeIgniter.php(904): App\Controllers\BaseController->initController(Object(CodeIgniter\HTTP\IncomingRequest), Object(CodeIgniter\HTTP\Response), Object(CodeIgniter\Log\Logger))
 2 SYSTEMPATH\CodeIgniter.php(498): CodeIgniter\CodeIgniter->createController()
 3 SYSTEMPATH\CodeIgniter.php(354): CodeIgniter\CodeIgniter->handleRequest(null, Object(Config\Cache), false)
 4 SYSTEMPATH\Boot.php(363): CodeIgniter\CodeIgniter->run()
 5 SYSTEMPATH\Boot.php(68): CodeIgniter\Boot::runCodeIgniter(Object(CodeIgniter\CodeIgniter))
 6 FCPATH\index.php(59): CodeIgniter\Boot::bootWeb(Object(Config\Paths))
 7 SYSTEMPATH\rewrite.php(44): require_once('C:\\Users\\Administrator\\Documents\\GITHUB\\KAPAL-FE-HTML\\home\\public\\index.php')
DEBUG - 2025-08-12 08:41:39 --> Session: Class initialized using 'CodeIgniter\Session\Handlers\FileHandler' driver.
WARNING - 2025-08-12 08:41:39 --> [DEPRECATED] Creation of dynamic property App\Controllers\Auth::$session is deprecated in APPPATH\Controllers\BaseController.php on line 53.
 1 SYSTEMPATH\CodeIgniter.php(904): App\Controllers\BaseController->initController(Object(CodeIgniter\HTTP\IncomingRequest), Object(CodeIgniter\HTTP\Response), Object(CodeIgniter\Log\Logger))
 2 SYSTEMPATH\CodeIgniter.php(498): CodeIgniter\CodeIgniter->createController()
 3 SYSTEMPATH\CodeIgniter.php(354): CodeIgniter\CodeIgniter->handleRequest(null, Object(Config\Cache), false)
 4 SYSTEMPATH\Boot.php(363): CodeIgniter\CodeIgniter->run()
 5 SYSTEMPATH\Boot.php(68): CodeIgniter\Boot::runCodeIgniter(Object(CodeIgniter\CodeIgniter))
 6 FCPATH\index.php(59): CodeIgniter\Boot::bootWeb(Object(Config\Paths))
 7 SYSTEMPATH\rewrite.php(44): require_once('C:\\Users\\Administrator\\Documents\\GITHUB\\KAPAL-FE-HTML\\home\\public\\index.php')
DEBUG - 2025-08-12 08:41:39 --> Session: Class initialized using 'CodeIgniter\Session\Handlers\FileHandler' driver.
WARNING - 2025-08-12 08:41:39 --> [DEPRECATED] Creation of dynamic property App\Controllers\Auth::$session is deprecated in APPPATH\Controllers\BaseController.php on line 53.
 1 SYSTEMPATH\CodeIgniter.php(904): App\Controllers\BaseController->initController(Object(CodeIgniter\HTTP\IncomingRequest), Object(CodeIgniter\HTTP\Response), Object(CodeIgniter\Log\Logger))
 2 SYSTEMPATH\CodeIgniter.php(498): CodeIgniter\CodeIgniter->createController()
 3 SYSTEMPATH\CodeIgniter.php(354): CodeIgniter\CodeIgniter->handleRequest(null, Object(Config\Cache), false)
 4 SYSTEMPATH\Boot.php(363): CodeIgniter\CodeIgniter->run()
 5 SYSTEMPATH\Boot.php(68): CodeIgniter\Boot::runCodeIgniter(Object(CodeIgniter\CodeIgniter))
 6 FCPATH\index.php(59): CodeIgniter\Boot::bootWeb(Object(Config\Paths))
 7 SYSTEMPATH\rewrite.php(44): require_once('C:\\Users\\Administrator\\Documents\\GITHUB\\KAPAL-FE-HTML\\home\\public\\index.php')
DEBUG - 2025-08-12 08:58:29 --> Session: Class initialized using 'CodeIgniter\Session\Handlers\FileHandler' driver.
WARNING - 2025-08-12 08:58:29 --> [DEPRECATED] Creation of dynamic property App\Controllers\Home::$session is deprecated in APPPATH\Controllers\BaseController.php on line 53.
 1 SYSTEMPATH\CodeIgniter.php(904): App\Controllers\BaseController->initController(Object(CodeIgniter\HTTP\IncomingRequest), Object(CodeIgniter\HTTP\Response), Object(CodeIgniter\Log\Logger))
 2 SYSTEMPATH\CodeIgniter.php(498): CodeIgniter\CodeIgniter->createController()
 3 SYSTEMPATH\CodeIgniter.php(354): CodeIgniter\CodeIgniter->handleRequest(null, Object(Config\Cache), false)
 4 SYSTEMPATH\Boot.php(363): CodeIgniter\CodeIgniter->run()
 5 SYSTEMPATH\Boot.php(68): CodeIgniter\Boot::runCodeIgniter(Object(CodeIgniter\CodeIgniter))
 6 FCPATH\index.php(59): CodeIgniter\Boot::bootWeb(Object(Config\Paths))
 7 SYSTEMPATH\rewrite.php(44): require_once('C:\\Users\\Administrator\\Documents\\GITHUB\\KAPAL-FE-HTML\\home\\public\\index.php')
DEBUG - 2025-08-12 08:58:32 --> Session: Class initialized using 'CodeIgniter\Session\Handlers\FileHandler' driver.
WARNING - 2025-08-12 08:58:32 --> [DEPRECATED] Creation of dynamic property App\Controllers\Tour::$session is deprecated in APPPATH\Controllers\BaseController.php on line 53.
 1 SYSTEMPATH\CodeIgniter.php(904): App\Controllers\BaseController->initController(Object(CodeIgniter\HTTP\IncomingRequest), Object(CodeIgniter\HTTP\Response), Object(CodeIgniter\Log\Logger))
 2 SYSTEMPATH\CodeIgniter.php(498): CodeIgniter\CodeIgniter->createController()
 3 SYSTEMPATH\CodeIgniter.php(354): CodeIgniter\CodeIgniter->handleRequest(null, Object(Config\Cache), false)
 4 SYSTEMPATH\Boot.php(363): CodeIgniter\CodeIgniter->run()
 5 SYSTEMPATH\Boot.php(68): CodeIgniter\Boot::runCodeIgniter(Object(CodeIgniter\CodeIgniter))
 6 FCPATH\index.php(59): CodeIgniter\Boot::bootWeb(Object(Config\Paths))
 7 SYSTEMPATH\rewrite.php(44): require_once('C:\\Users\\Administrator\\Documents\\GITHUB\\KAPAL-FE-HTML\\home\\public\\index.php')
ERROR - 2025-08-12 08:58:33 --> mysqli_sql_exception: Unknown column 'slug' in 'WHERE' in C:\Users\Administrator\Documents\GITHUB\KAPAL-FE-HTML\home\vendor\codeigniter4\framework\system\Database\MySQLi\Connection.php:327
Stack trace:
#0 C:\Users\Administrator\Documents\GITHUB\KAPAL-FE-HTML\home\vendor\codeigniter4\framework\system\Database\MySQLi\Connection.php(327): mysqli->query('SELECT *\nFROM `...', 0)
#1 C:\Users\Administrator\Documents\GITHUB\KAPAL-FE-HTML\home\vendor\codeigniter4\framework\system\Database\BaseConnection.php(729): CodeIgniter\Database\MySQLi\Connection->execute('SELECT *\nFROM `...')
#2 C:\Users\Administrator\Documents\GITHUB\KAPAL-FE-HTML\home\vendor\codeigniter4\framework\system\Database\BaseConnection.php(646): CodeIgniter\Database\BaseConnection->simpleQuery('SELECT *\nFROM `...')
#3 C:\Users\Administrator\Documents\GITHUB\KAPAL-FE-HTML\home\vendor\codeigniter4\framework\system\Database\BaseBuilder.php(1649): CodeIgniter\Database\BaseConnection->query('SELECT *\nFROM `...', Array, false)
#4 C:\Users\Administrator\Documents\GITHUB\KAPAL-FE-HTML\home\vendor\codeigniter4\framework\system\Model.php(330): CodeIgniter\Database\BaseBuilder->get()
#5 C:\Users\Administrator\Documents\GITHUB\KAPAL-FE-HTML\home\vendor\codeigniter4\framework\system\BaseModel.php(715): CodeIgniter\Model->doFirst()
#6 C:\Users\Administrator\Documents\GITHUB\KAPAL-FE-HTML\home\app\Controllers\Tour.php(16): CodeIgniter\BaseModel->first()
#7 C:\Users\Administrator\Documents\GITHUB\KAPAL-FE-HTML\home\app\Controllers\Tour.php(32): App\Controllers\Tour->index('waigeo')
#8 C:\Users\Administrator\Documents\GITHUB\KAPAL-FE-HTML\home\vendor\codeigniter4\framework\system\CodeIgniter.php(933): App\Controllers\Tour->waigeo()
#9 C:\Users\Administrator\Documents\GITHUB\KAPAL-FE-HTML\home\vendor\codeigniter4\framework\system\CodeIgniter.php(507): CodeIgniter\CodeIgniter->runController(Object(App\Controllers\Tour))
#10 C:\Users\Administrator\Documents\GITHUB\KAPAL-FE-HTML\home\vendor\codeigniter4\framework\system\CodeIgniter.php(354): CodeIgniter\CodeIgniter->handleRequest(NULL, Object(Config\Cache), false)
#11 C:\Users\Administrator\Documents\GITHUB\KAPAL-FE-HTML\home\vendor\codeigniter4\framework\system\Boot.php(363): CodeIgniter\CodeIgniter->run()
#12 C:\Users\Administrator\Documents\GITHUB\KAPAL-FE-HTML\home\vendor\codeigniter4\framework\system\Boot.php(68): CodeIgniter\Boot::runCodeIgniter(Object(CodeIgniter\CodeIgniter))
#13 C:\Users\Administrator\Documents\GITHUB\KAPAL-FE-HTML\home\public\index.php(59): CodeIgniter\Boot::bootWeb(Object(Config\Paths))
#14 C:\Users\Administrator\Documents\GITHUB\KAPAL-FE-HTML\home\vendor\codeigniter4\framework\system\rewrite.php(44): require_once('C:\\Users\\Admini...')
#15 {main}
CRITICAL - 2025-08-12 08:58:33 --> CodeIgniter\Database\Exceptions\DatabaseException: Unknown column 'slug' in 'WHERE'
[Method: GET, Route: tour/waigeo]
in SYSTEMPATH\Database\BaseConnection.php on line 684.
 1 SYSTEMPATH\Database\BaseBuilder.php(1649): CodeIgniter\Database\BaseConnection->query('SELECT *
FROM `islands`
WHERE `slug` = :slug:
 LIMIT 1', [...], false)
 2 SYSTEMPATH\Model.php(330): CodeIgniter\Database\BaseBuilder->get()
 3 SYSTEMPATH\BaseModel.php(715): CodeIgniter\Model->doFirst()
 4 APPPATH\Controllers\Tour.php(16): CodeIgniter\BaseModel->first()
 5 APPPATH\Controllers\Tour.php(32): App\Controllers\Tour->index('waigeo')
 6 SYSTEMPATH\CodeIgniter.php(933): App\Controllers\Tour->waigeo()
 7 SYSTEMPATH\CodeIgniter.php(507): CodeIgniter\CodeIgniter->runController(Object(App\Controllers\Tour))
 8 SYSTEMPATH\CodeIgniter.php(354): CodeIgniter\CodeIgniter->handleRequest(null, Object(Config\Cache), false)
 9 SYSTEMPATH\Boot.php(363): CodeIgniter\CodeIgniter->run()
10 SYSTEMPATH\Boot.php(68): CodeIgniter\Boot::runCodeIgniter(Object(CodeIgniter\CodeIgniter))
11 FCPATH\index.php(59): CodeIgniter\Boot::bootWeb(Object(Config\Paths))
12 SYSTEMPATH\rewrite.php(44): require_once('C:\\Users\\Administrator\\Documents\\GITHUB\\KAPAL-FE-HTML\\home\\public\\index.php')
CRITICAL - 2025-08-12 08:58:33 --> [Caused by] CodeIgniter\Database\Exceptions\DatabaseException: Unknown column 'slug' in 'WHERE'
in SYSTEMPATH\Database\MySQLi\Connection.php on line 332.
 1 SYSTEMPATH\Database\BaseConnection.php(729): CodeIgniter\Database\MySQLi\Connection->execute('SELECT *
FROM `islands`
WHERE `slug` = \'waigeo\'
 LIMIT 1')
 2 SYSTEMPATH\Database\BaseConnection.php(646): CodeIgniter\Database\BaseConnection->simpleQuery('SELECT *
FROM `islands`
WHERE `slug` = \'waigeo\'
 LIMIT 1')
 3 SYSTEMPATH\Database\BaseBuilder.php(1649): CodeIgniter\Database\BaseConnection->query('SELECT *
FROM `islands`
WHERE `slug` = :slug:
 LIMIT 1', [...], false)
 4 SYSTEMPATH\Model.php(330): CodeIgniter\Database\BaseBuilder->get()
 5 SYSTEMPATH\BaseModel.php(715): CodeIgniter\Model->doFirst()
 6 APPPATH\Controllers\Tour.php(16): CodeIgniter\BaseModel->first()
 7 APPPATH\Controllers\Tour.php(32): App\Controllers\Tour->index('waigeo')
 8 SYSTEMPATH\CodeIgniter.php(933): App\Controllers\Tour->waigeo()
 9 SYSTEMPATH\CodeIgniter.php(507): CodeIgniter\CodeIgniter->runController(Object(App\Controllers\Tour))
10 SYSTEMPATH\CodeIgniter.php(354): CodeIgniter\CodeIgniter->handleRequest(null, Object(Config\Cache), false)
11 SYSTEMPATH\Boot.php(363): CodeIgniter\CodeIgniter->run()
12 SYSTEMPATH\Boot.php(68): CodeIgniter\Boot::runCodeIgniter(Object(CodeIgniter\CodeIgniter))
13 FCPATH\index.php(59): CodeIgniter\Boot::bootWeb(Object(Config\Paths))
14 SYSTEMPATH\rewrite.php(44): require_once('C:\\Users\\Administrator\\Documents\\GITHUB\\KAPAL-FE-HTML\\home\\public\\index.php')
CRITICAL - 2025-08-12 08:58:33 --> [Caused by] mysqli_sql_exception: Unknown column 'slug' in 'WHERE'
in SYSTEMPATH\Database\MySQLi\Connection.php on line 327.
 1 SYSTEMPATH\Database\MySQLi\Connection.php(327): mysqli->query('SELECT *
FROM `islands`
WHERE `slug` = \'waigeo\'
 LIMIT 1', 0)
 2 SYSTEMPATH\Database\BaseConnection.php(729): CodeIgniter\Database\MySQLi\Connection->execute('SELECT *
FROM `islands`
WHERE `slug` = \'waigeo\'
 LIMIT 1')
 3 SYSTEMPATH\Database\BaseConnection.php(646): CodeIgniter\Database\BaseConnection->simpleQuery('SELECT *
FROM `islands`
WHERE `slug` = \'waigeo\'
 LIMIT 1')
 4 SYSTEMPATH\Database\BaseBuilder.php(1649): CodeIgniter\Database\BaseConnection->query('SELECT *
FROM `islands`
WHERE `slug` = :slug:
 LIMIT 1', [...], false)
 5 SYSTEMPATH\Model.php(330): CodeIgniter\Database\BaseBuilder->get()
 6 SYSTEMPATH\BaseModel.php(715): CodeIgniter\Model->doFirst()
 7 APPPATH\Controllers\Tour.php(16): CodeIgniter\BaseModel->first()
 8 APPPATH\Controllers\Tour.php(32): App\Controllers\Tour->index('waigeo')
 9 SYSTEMPATH\CodeIgniter.php(933): App\Controllers\Tour->waigeo()
10 SYSTEMPATH\CodeIgniter.php(507): CodeIgniter\CodeIgniter->runController(Object(App\Controllers\Tour))
11 SYSTEMPATH\CodeIgniter.php(354): CodeIgniter\CodeIgniter->handleRequest(null, Object(Config\Cache), false)
12 SYSTEMPATH\Boot.php(363): CodeIgniter\CodeIgniter->run()
13 SYSTEMPATH\Boot.php(68): CodeIgniter\Boot::runCodeIgniter(Object(CodeIgniter\CodeIgniter))
14 FCPATH\index.php(59): CodeIgniter\Boot::bootWeb(Object(Config\Paths))
15 SYSTEMPATH\rewrite.php(44): require_once('C:\\Users\\Administrator\\Documents\\GITHUB\\KAPAL-FE-HTML\\home\\public\\index.php')
DEBUG - 2025-08-12 08:58:35 --> Session: Class initialized using 'CodeIgniter\Session\Handlers\FileHandler' driver.
WARNING - 2025-08-12 08:58:35 --> [DEPRECATED] Creation of dynamic property App\Controllers\Home::$session is deprecated in APPPATH\Controllers\BaseController.php on line 53.
 1 SYSTEMPATH\CodeIgniter.php(904): App\Controllers\BaseController->initController(Object(CodeIgniter\HTTP\IncomingRequest), Object(CodeIgniter\HTTP\Response), Object(CodeIgniter\Log\Logger))
 2 SYSTEMPATH\CodeIgniter.php(498): CodeIgniter\CodeIgniter->createController()
 3 SYSTEMPATH\CodeIgniter.php(354): CodeIgniter\CodeIgniter->handleRequest(null, Object(Config\Cache), false)
 4 SYSTEMPATH\Boot.php(363): CodeIgniter\CodeIgniter->run()
 5 SYSTEMPATH\Boot.php(68): CodeIgniter\Boot::runCodeIgniter(Object(CodeIgniter\CodeIgniter))
 6 FCPATH\index.php(59): CodeIgniter\Boot::bootWeb(Object(Config\Paths))
 7 SYSTEMPATH\rewrite.php(44): require_once('C:\\Users\\Administrator\\Documents\\GITHUB\\KAPAL-FE-HTML\\home\\public\\index.php')
DEBUG - 2025-08-12 08:58:36 --> Session: Class initialized using 'CodeIgniter\Session\Handlers\FileHandler' driver.
WARNING - 2025-08-12 08:58:36 --> [DEPRECATED] Creation of dynamic property App\Controllers\Home::$session is deprecated in APPPATH\Controllers\BaseController.php on line 53.
 1 SYSTEMPATH\CodeIgniter.php(904): App\Controllers\BaseController->initController(Object(CodeIgniter\HTTP\IncomingRequest), Object(CodeIgniter\HTTP\Response), Object(CodeIgniter\Log\Logger))
 2 SYSTEMPATH\CodeIgniter.php(498): CodeIgniter\CodeIgniter->createController()
 3 SYSTEMPATH\CodeIgniter.php(354): CodeIgniter\CodeIgniter->handleRequest(null, Object(Config\Cache), false)
 4 SYSTEMPATH\Boot.php(363): CodeIgniter\CodeIgniter->run()
 5 SYSTEMPATH\Boot.php(68): CodeIgniter\Boot::runCodeIgniter(Object(CodeIgniter\CodeIgniter))
 6 FCPATH\index.php(59): CodeIgniter\Boot::bootWeb(Object(Config\Paths))
 7 SYSTEMPATH\rewrite.php(44): require_once('C:\\Users\\Administrator\\Documents\\GITHUB\\KAPAL-FE-HTML\\home\\public\\index.php')
CRITICAL - 2025-08-12 08:58:36 --> CodeIgniter\View\Exceptions\ViewException: Invalid file: "blog.php"
[Method: GET, Route: blog]
in SYSTEMPATH\Exceptions\FrameworkException.php on line 39.
 1 SYSTEMPATH\View\View.php(214): CodeIgniter\Exceptions\FrameworkException::forInvalidFile('blog.php')
 2 SYSTEMPATH\Common.php(1167): CodeIgniter\View\View->render('blog', [], true)
 3 APPPATH\Controllers\BaseController.php(65): view('blog', [...])
 4 APPPATH\Controllers\Home.php(49): App\Controllers\BaseController->render('blog', [...])
 5 SYSTEMPATH\CodeIgniter.php(933): App\Controllers\Home->blog()
 6 SYSTEMPATH\CodeIgniter.php(507): CodeIgniter\CodeIgniter->runController(Object(App\Controllers\Home))
 7 SYSTEMPATH\CodeIgniter.php(354): CodeIgniter\CodeIgniter->handleRequest(null, Object(Config\Cache), false)
 8 SYSTEMPATH\Boot.php(363): CodeIgniter\CodeIgniter->run()
 9 SYSTEMPATH\Boot.php(68): CodeIgniter\Boot::runCodeIgniter(Object(CodeIgniter\CodeIgniter))
10 FCPATH\index.php(59): CodeIgniter\Boot::bootWeb(Object(Config\Paths))
11 SYSTEMPATH\rewrite.php(44): require_once('C:\\Users\\Administrator\\Documents\\GITHUB\\KAPAL-FE-HTML\\home\\public\\index.php')
DEBUG - 2025-08-12 08:58:40 --> Session: Class initialized using 'CodeIgniter\Session\Handlers\FileHandler' driver.
WARNING - 2025-08-12 08:58:40 --> [DEPRECATED] Creation of dynamic property App\Controllers\Home::$session is deprecated in APPPATH\Controllers\BaseController.php on line 53.
 1 SYSTEMPATH\CodeIgniter.php(904): App\Controllers\BaseController->initController(Object(CodeIgniter\HTTP\IncomingRequest), Object(CodeIgniter\HTTP\Response), Object(CodeIgniter\Log\Logger))
 2 SYSTEMPATH\CodeIgniter.php(498): CodeIgniter\CodeIgniter->createController()
 3 SYSTEMPATH\CodeIgniter.php(354): CodeIgniter\CodeIgniter->handleRequest(null, Object(Config\Cache), false)
 4 SYSTEMPATH\Boot.php(363): CodeIgniter\CodeIgniter->run()
 5 SYSTEMPATH\Boot.php(68): CodeIgniter\Boot::runCodeIgniter(Object(CodeIgniter\CodeIgniter))
 6 FCPATH\index.php(59): CodeIgniter\Boot::bootWeb(Object(Config\Paths))
 7 SYSTEMPATH\rewrite.php(44): require_once('C:\\Users\\Administrator\\Documents\\GITHUB\\KAPAL-FE-HTML\\home\\public\\index.php')
CRITICAL - 2025-08-12 08:58:40 --> CodeIgniter\View\Exceptions\ViewException: Invalid file: "about.php"
[Method: GET, Route: about]
in SYSTEMPATH\Exceptions\FrameworkException.php on line 39.
 1 SYSTEMPATH\View\View.php(214): CodeIgniter\Exceptions\FrameworkException::forInvalidFile('about.php')
 2 SYSTEMPATH\Common.php(1167): CodeIgniter\View\View->render('about', [], true)
 3 APPPATH\Controllers\BaseController.php(65): view('about', [...])
 4 APPPATH\Controllers\Home.php(39): App\Controllers\BaseController->render('about', [...])
 5 SYSTEMPATH\CodeIgniter.php(933): App\Controllers\Home->about()
 6 SYSTEMPATH\CodeIgniter.php(507): CodeIgniter\CodeIgniter->runController(Object(App\Controllers\Home))
 7 SYSTEMPATH\CodeIgniter.php(354): CodeIgniter\CodeIgniter->handleRequest(null, Object(Config\Cache), false)
 8 SYSTEMPATH\Boot.php(363): CodeIgniter\CodeIgniter->run()
 9 SYSTEMPATH\Boot.php(68): CodeIgniter\Boot::runCodeIgniter(Object(CodeIgniter\CodeIgniter))
10 FCPATH\index.php(59): CodeIgniter\Boot::bootWeb(Object(Config\Paths))
11 SYSTEMPATH\rewrite.php(44): require_once('C:\\Users\\Administrator\\Documents\\GITHUB\\KAPAL-FE-HTML\\home\\public\\index.php')
DEBUG - 2025-08-12 08:58:43 --> Session: Class initialized using 'CodeIgniter\Session\Handlers\FileHandler' driver.
WARNING - 2025-08-12 08:58:43 --> [DEPRECATED] Creation of dynamic property App\Controllers\About::$session is deprecated in APPPATH\Controllers\BaseController.php on line 53.
 1 SYSTEMPATH\CodeIgniter.php(904): App\Controllers\BaseController->initController(Object(CodeIgniter\HTTP\IncomingRequest), Object(CodeIgniter\HTTP\Response), Object(CodeIgniter\Log\Logger))
 2 SYSTEMPATH\CodeIgniter.php(498): CodeIgniter\CodeIgniter->createController()
 3 SYSTEMPATH\CodeIgniter.php(354): CodeIgniter\CodeIgniter->handleRequest(null, Object(Config\Cache), false)
 4 SYSTEMPATH\Boot.php(363): CodeIgniter\CodeIgniter->run()
 5 SYSTEMPATH\Boot.php(68): CodeIgniter\Boot::runCodeIgniter(Object(CodeIgniter\CodeIgniter))
 6 FCPATH\index.php(59): CodeIgniter\Boot::bootWeb(Object(Config\Paths))
 7 SYSTEMPATH\rewrite.php(44): require_once('C:\\Users\\Administrator\\Documents\\GITHUB\\KAPAL-FE-HTML\\home\\public\\index.php')
ERROR - 2025-08-12 08:58:43 --> mysqli_sql_exception: Table 'raja_ampat_boats.team_members' doesn't exist in C:\Users\Administrator\Documents\GITHUB\KAPAL-FE-HTML\home\vendor\codeigniter4\framework\system\Database\MySQLi\Connection.php:327
Stack trace:
#0 C:\Users\Administrator\Documents\GITHUB\KAPAL-FE-HTML\home\vendor\codeigniter4\framework\system\Database\MySQLi\Connection.php(327): mysqli->query('SELECT *\nFROM `...', 0)
#1 C:\Users\Administrator\Documents\GITHUB\KAPAL-FE-HTML\home\vendor\codeigniter4\framework\system\Database\BaseConnection.php(729): CodeIgniter\Database\MySQLi\Connection->execute('SELECT *\nFROM `...')
#2 C:\Users\Administrator\Documents\GITHUB\KAPAL-FE-HTML\home\vendor\codeigniter4\framework\system\Database\BaseConnection.php(646): CodeIgniter\Database\BaseConnection->simpleQuery('SELECT *\nFROM `...')
#3 C:\Users\Administrator\Documents\GITHUB\KAPAL-FE-HTML\home\vendor\codeigniter4\framework\system\Database\BaseBuilder.php(1649): CodeIgniter\Database\BaseConnection->query('SELECT *\nFROM `...', Array, false)
#4 C:\Users\Administrator\Documents\GITHUB\KAPAL-FE-HTML\home\vendor\codeigniter4\framework\system\Model.php(286): CodeIgniter\Database\BaseBuilder->get()
#5 C:\Users\Administrator\Documents\GITHUB\KAPAL-FE-HTML\home\vendor\codeigniter4\framework\system\BaseModel.php(677): CodeIgniter\Model->doFindAll(0, 0)
#6 C:\Users\Administrator\Documents\GITHUB\KAPAL-FE-HTML\home\app\Controllers\About.php(24): CodeIgniter\BaseModel->findAll()
#7 C:\Users\Administrator\Documents\GITHUB\KAPAL-FE-HTML\home\vendor\codeigniter4\framework\system\CodeIgniter.php(933): App\Controllers\About->team()
#8 C:\Users\Administrator\Documents\GITHUB\KAPAL-FE-HTML\home\vendor\codeigniter4\framework\system\CodeIgniter.php(507): CodeIgniter\CodeIgniter->runController(Object(App\Controllers\About))
#9 C:\Users\Administrator\Documents\GITHUB\KAPAL-FE-HTML\home\vendor\codeigniter4\framework\system\CodeIgniter.php(354): CodeIgniter\CodeIgniter->handleRequest(NULL, Object(Config\Cache), false)
#10 C:\Users\Administrator\Documents\GITHUB\KAPAL-FE-HTML\home\vendor\codeigniter4\framework\system\Boot.php(363): CodeIgniter\CodeIgniter->run()
#11 C:\Users\Administrator\Documents\GITHUB\KAPAL-FE-HTML\home\vendor\codeigniter4\framework\system\Boot.php(68): CodeIgniter\Boot::runCodeIgniter(Object(CodeIgniter\CodeIgniter))
#12 C:\Users\Administrator\Documents\GITHUB\KAPAL-FE-HTML\home\public\index.php(59): CodeIgniter\Boot::bootWeb(Object(Config\Paths))
#13 C:\Users\Administrator\Documents\GITHUB\KAPAL-FE-HTML\home\vendor\codeigniter4\framework\system\rewrite.php(44): require_once('C:\\Users\\Admini...')
#14 {main}
CRITICAL - 2025-08-12 08:58:43 --> CodeIgniter\Database\Exceptions\DatabaseException: Table 'raja_ampat_boats.team_members' doesn't exist
[Method: GET, Route: about/team]
in SYSTEMPATH\Database\BaseConnection.php on line 684.
 1 SYSTEMPATH\Database\BaseBuilder.php(1649): CodeIgniter\Database\BaseConnection->query('SELECT *
FROM `team_members`', [], false)
 2 SYSTEMPATH\Model.php(286): CodeIgniter\Database\BaseBuilder->get()
 3 SYSTEMPATH\BaseModel.php(677): CodeIgniter\Model->doFindAll(0, 0)
 4 APPPATH\Controllers\About.php(24): CodeIgniter\BaseModel->findAll()
 5 SYSTEMPATH\CodeIgniter.php(933): App\Controllers\About->team()
 6 SYSTEMPATH\CodeIgniter.php(507): CodeIgniter\CodeIgniter->runController(Object(App\Controllers\About))
 7 SYSTEMPATH\CodeIgniter.php(354): CodeIgniter\CodeIgniter->handleRequest(null, Object(Config\Cache), false)
 8 SYSTEMPATH\Boot.php(363): CodeIgniter\CodeIgniter->run()
 9 SYSTEMPATH\Boot.php(68): CodeIgniter\Boot::runCodeIgniter(Object(CodeIgniter\CodeIgniter))
10 FCPATH\index.php(59): CodeIgniter\Boot::bootWeb(Object(Config\Paths))
11 SYSTEMPATH\rewrite.php(44): require_once('C:\\Users\\Administrator\\Documents\\GITHUB\\KAPAL-FE-HTML\\home\\public\\index.php')
CRITICAL - 2025-08-12 08:58:43 --> [Caused by] CodeIgniter\Database\Exceptions\DatabaseException: Table 'raja_ampat_boats.team_members' doesn't exist
in SYSTEMPATH\Database\MySQLi\Connection.php on line 332.
 1 SYSTEMPATH\Database\BaseConnection.php(729): CodeIgniter\Database\MySQLi\Connection->execute('SELECT *
FROM `team_members`')
 2 SYSTEMPATH\Database\BaseConnection.php(646): CodeIgniter\Database\BaseConnection->simpleQuery('SELECT *
FROM `team_members`')
 3 SYSTEMPATH\Database\BaseBuilder.php(1649): CodeIgniter\Database\BaseConnection->query('SELECT *
FROM `team_members`', [], false)
 4 SYSTEMPATH\Model.php(286): CodeIgniter\Database\BaseBuilder->get()
 5 SYSTEMPATH\BaseModel.php(677): CodeIgniter\Model->doFindAll(0, 0)
 6 APPPATH\Controllers\About.php(24): CodeIgniter\BaseModel->findAll()
 7 SYSTEMPATH\CodeIgniter.php(933): App\Controllers\About->team()
 8 SYSTEMPATH\CodeIgniter.php(507): CodeIgniter\CodeIgniter->runController(Object(App\Controllers\About))
 9 SYSTEMPATH\CodeIgniter.php(354): CodeIgniter\CodeIgniter->handleRequest(null, Object(Config\Cache), false)
10 SYSTEMPATH\Boot.php(363): CodeIgniter\CodeIgniter->run()
11 SYSTEMPATH\Boot.php(68): CodeIgniter\Boot::runCodeIgniter(Object(CodeIgniter\CodeIgniter))
12 FCPATH\index.php(59): CodeIgniter\Boot::bootWeb(Object(Config\Paths))
13 SYSTEMPATH\rewrite.php(44): require_once('C:\\Users\\Administrator\\Documents\\GITHUB\\KAPAL-FE-HTML\\home\\public\\index.php')
CRITICAL - 2025-08-12 08:58:43 --> [Caused by] mysqli_sql_exception: Table 'raja_ampat_boats.team_members' doesn't exist
in SYSTEMPATH\Database\MySQLi\Connection.php on line 327.
 1 SYSTEMPATH\Database\MySQLi\Connection.php(327): mysqli->query('SELECT *
FROM `team_members`', 0)
 2 SYSTEMPATH\Database\BaseConnection.php(729): CodeIgniter\Database\MySQLi\Connection->execute('SELECT *
FROM `team_members`')
 3 SYSTEMPATH\Database\BaseConnection.php(646): CodeIgniter\Database\BaseConnection->simpleQuery('SELECT *
FROM `team_members`')
 4 SYSTEMPATH\Database\BaseBuilder.php(1649): CodeIgniter\Database\BaseConnection->query('SELECT *
FROM `team_members`', [], false)
 5 SYSTEMPATH\Model.php(286): CodeIgniter\Database\BaseBuilder->get()
 6 SYSTEMPATH\BaseModel.php(677): CodeIgniter\Model->doFindAll(0, 0)
 7 APPPATH\Controllers\About.php(24): CodeIgniter\BaseModel->findAll()
 8 SYSTEMPATH\CodeIgniter.php(933): App\Controllers\About->team()
 9 SYSTEMPATH\CodeIgniter.php(507): CodeIgniter\CodeIgniter->runController(Object(App\Controllers\About))
10 SYSTEMPATH\CodeIgniter.php(354): CodeIgniter\CodeIgniter->handleRequest(null, Object(Config\Cache), false)
11 SYSTEMPATH\Boot.php(363): CodeIgniter\CodeIgniter->run()
12 SYSTEMPATH\Boot.php(68): CodeIgniter\Boot::runCodeIgniter(Object(CodeIgniter\CodeIgniter))
13 FCPATH\index.php(59): CodeIgniter\Boot::bootWeb(Object(Config\Paths))
14 SYSTEMPATH\rewrite.php(44): require_once('C:\\Users\\Administrator\\Documents\\GITHUB\\KAPAL-FE-HTML\\home\\public\\index.php')
DEBUG - 2025-08-12 08:58:46 --> Session: Class initialized using 'CodeIgniter\Session\Handlers\FileHandler' driver.
WARNING - 2025-08-12 08:58:46 --> [DEPRECATED] Creation of dynamic property App\Controllers\About::$session is deprecated in APPPATH\Controllers\BaseController.php on line 53.
 1 SYSTEMPATH\CodeIgniter.php(904): App\Controllers\BaseController->initController(Object(CodeIgniter\HTTP\IncomingRequest), Object(CodeIgniter\HTTP\Response), Object(CodeIgniter\Log\Logger))
 2 SYSTEMPATH\CodeIgniter.php(498): CodeIgniter\CodeIgniter->createController()
 3 SYSTEMPATH\CodeIgniter.php(354): CodeIgniter\CodeIgniter->handleRequest(null, Object(Config\Cache), false)
 4 SYSTEMPATH\Boot.php(363): CodeIgniter\CodeIgniter->run()
 5 SYSTEMPATH\Boot.php(68): CodeIgniter\Boot::runCodeIgniter(Object(CodeIgniter\CodeIgniter))
 6 FCPATH\index.php(59): CodeIgniter\Boot::bootWeb(Object(Config\Paths))
 7 SYSTEMPATH\rewrite.php(44): require_once('C:\\Users\\Administrator\\Documents\\GITHUB\\KAPAL-FE-HTML\\home\\public\\index.php')
ERROR - 2025-08-12 08:58:46 --> mysqli_sql_exception: Table 'raja_ampat_boats.team_members' doesn't exist in C:\Users\Administrator\Documents\GITHUB\KAPAL-FE-HTML\home\vendor\codeigniter4\framework\system\Database\MySQLi\Connection.php:327
Stack trace:
#0 C:\Users\Administrator\Documents\GITHUB\KAPAL-FE-HTML\home\vendor\codeigniter4\framework\system\Database\MySQLi\Connection.php(327): mysqli->query('SELECT *\nFROM `...', 0)
#1 C:\Users\Administrator\Documents\GITHUB\KAPAL-FE-HTML\home\vendor\codeigniter4\framework\system\Database\BaseConnection.php(729): CodeIgniter\Database\MySQLi\Connection->execute('SELECT *\nFROM `...')
#2 C:\Users\Administrator\Documents\GITHUB\KAPAL-FE-HTML\home\vendor\codeigniter4\framework\system\Database\BaseConnection.php(646): CodeIgniter\Database\BaseConnection->simpleQuery('SELECT *\nFROM `...')
#3 C:\Users\Administrator\Documents\GITHUB\KAPAL-FE-HTML\home\vendor\codeigniter4\framework\system\Database\BaseBuilder.php(1649): CodeIgniter\Database\BaseConnection->query('SELECT *\nFROM `...', Array, false)
#4 C:\Users\Administrator\Documents\GITHUB\KAPAL-FE-HTML\home\vendor\codeigniter4\framework\system\Model.php(286): CodeIgniter\Database\BaseBuilder->get()
#5 C:\Users\Administrator\Documents\GITHUB\KAPAL-FE-HTML\home\vendor\codeigniter4\framework\system\BaseModel.php(677): CodeIgniter\Model->doFindAll(0, 0)
#6 C:\Users\Administrator\Documents\GITHUB\KAPAL-FE-HTML\home\app\Controllers\About.php(24): CodeIgniter\BaseModel->findAll()
#7 C:\Users\Administrator\Documents\GITHUB\KAPAL-FE-HTML\home\vendor\codeigniter4\framework\system\CodeIgniter.php(933): App\Controllers\About->team()
#8 C:\Users\Administrator\Documents\GITHUB\KAPAL-FE-HTML\home\vendor\codeigniter4\framework\system\CodeIgniter.php(507): CodeIgniter\CodeIgniter->runController(Object(App\Controllers\About))
#9 C:\Users\Administrator\Documents\GITHUB\KAPAL-FE-HTML\home\vendor\codeigniter4\framework\system\CodeIgniter.php(354): CodeIgniter\CodeIgniter->handleRequest(NULL, Object(Config\Cache), false)
#10 C:\Users\Administrator\Documents\GITHUB\KAPAL-FE-HTML\home\vendor\codeigniter4\framework\system\Boot.php(363): CodeIgniter\CodeIgniter->run()
#11 C:\Users\Administrator\Documents\GITHUB\KAPAL-FE-HTML\home\vendor\codeigniter4\framework\system\Boot.php(68): CodeIgniter\Boot::runCodeIgniter(Object(CodeIgniter\CodeIgniter))
#12 C:\Users\Administrator\Documents\GITHUB\KAPAL-FE-HTML\home\public\index.php(59): CodeIgniter\Boot::bootWeb(Object(Config\Paths))
#13 C:\Users\Administrator\Documents\GITHUB\KAPAL-FE-HTML\home\vendor\codeigniter4\framework\system\rewrite.php(44): require_once('C:\\Users\\Admini...')
#14 {main}
CRITICAL - 2025-08-12 08:58:46 --> CodeIgniter\Database\Exceptions\DatabaseException: Table 'raja_ampat_boats.team_members' doesn't exist
[Method: GET, Route: about/team]
in SYSTEMPATH\Database\BaseConnection.php on line 684.
 1 SYSTEMPATH\Database\BaseBuilder.php(1649): CodeIgniter\Database\BaseConnection->query('SELECT *
FROM `team_members`', [], false)
 2 SYSTEMPATH\Model.php(286): CodeIgniter\Database\BaseBuilder->get()
 3 SYSTEMPATH\BaseModel.php(677): CodeIgniter\Model->doFindAll(0, 0)
 4 APPPATH\Controllers\About.php(24): CodeIgniter\BaseModel->findAll()
 5 SYSTEMPATH\CodeIgniter.php(933): App\Controllers\About->team()
 6 SYSTEMPATH\CodeIgniter.php(507): CodeIgniter\CodeIgniter->runController(Object(App\Controllers\About))
 7 SYSTEMPATH\CodeIgniter.php(354): CodeIgniter\CodeIgniter->handleRequest(null, Object(Config\Cache), false)
 8 SYSTEMPATH\Boot.php(363): CodeIgniter\CodeIgniter->run()
 9 SYSTEMPATH\Boot.php(68): CodeIgniter\Boot::runCodeIgniter(Object(CodeIgniter\CodeIgniter))
10 FCPATH\index.php(59): CodeIgniter\Boot::bootWeb(Object(Config\Paths))
11 SYSTEMPATH\rewrite.php(44): require_once('C:\\Users\\Administrator\\Documents\\GITHUB\\KAPAL-FE-HTML\\home\\public\\index.php')
CRITICAL - 2025-08-12 08:58:46 --> [Caused by] CodeIgniter\Database\Exceptions\DatabaseException: Table 'raja_ampat_boats.team_members' doesn't exist
in SYSTEMPATH\Database\MySQLi\Connection.php on line 332.
 1 SYSTEMPATH\Database\BaseConnection.php(729): CodeIgniter\Database\MySQLi\Connection->execute('SELECT *
FROM `team_members`')
 2 SYSTEMPATH\Database\BaseConnection.php(646): CodeIgniter\Database\BaseConnection->simpleQuery('SELECT *
FROM `team_members`')
 3 SYSTEMPATH\Database\BaseBuilder.php(1649): CodeIgniter\Database\BaseConnection->query('SELECT *
FROM `team_members`', [], false)
 4 SYSTEMPATH\Model.php(286): CodeIgniter\Database\BaseBuilder->get()
 5 SYSTEMPATH\BaseModel.php(677): CodeIgniter\Model->doFindAll(0, 0)
 6 APPPATH\Controllers\About.php(24): CodeIgniter\BaseModel->findAll()
 7 SYSTEMPATH\CodeIgniter.php(933): App\Controllers\About->team()
 8 SYSTEMPATH\CodeIgniter.php(507): CodeIgniter\CodeIgniter->runController(Object(App\Controllers\About))
 9 SYSTEMPATH\CodeIgniter.php(354): CodeIgniter\CodeIgniter->handleRequest(null, Object(Config\Cache), false)
10 SYSTEMPATH\Boot.php(363): CodeIgniter\CodeIgniter->run()
11 SYSTEMPATH\Boot.php(68): CodeIgniter\Boot::runCodeIgniter(Object(CodeIgniter\CodeIgniter))
12 FCPATH\index.php(59): CodeIgniter\Boot::bootWeb(Object(Config\Paths))
13 SYSTEMPATH\rewrite.php(44): require_once('C:\\Users\\Administrator\\Documents\\GITHUB\\KAPAL-FE-HTML\\home\\public\\index.php')
CRITICAL - 2025-08-12 08:58:46 --> [Caused by] mysqli_sql_exception: Table 'raja_ampat_boats.team_members' doesn't exist
in SYSTEMPATH\Database\MySQLi\Connection.php on line 327.
 1 SYSTEMPATH\Database\MySQLi\Connection.php(327): mysqli->query('SELECT *
FROM `team_members`', 0)
 2 SYSTEMPATH\Database\BaseConnection.php(729): CodeIgniter\Database\MySQLi\Connection->execute('SELECT *
FROM `team_members`')
 3 SYSTEMPATH\Database\BaseConnection.php(646): CodeIgniter\Database\BaseConnection->simpleQuery('SELECT *
FROM `team_members`')
 4 SYSTEMPATH\Database\BaseBuilder.php(1649): CodeIgniter\Database\BaseConnection->query('SELECT *
FROM `team_members`', [], false)
 5 SYSTEMPATH\Model.php(286): CodeIgniter\Database\BaseBuilder->get()
 6 SYSTEMPATH\BaseModel.php(677): CodeIgniter\Model->doFindAll(0, 0)
 7 APPPATH\Controllers\About.php(24): CodeIgniter\BaseModel->findAll()
 8 SYSTEMPATH\CodeIgniter.php(933): App\Controllers\About->team()
 9 SYSTEMPATH\CodeIgniter.php(507): CodeIgniter\CodeIgniter->runController(Object(App\Controllers\About))
10 SYSTEMPATH\CodeIgniter.php(354): CodeIgniter\CodeIgniter->handleRequest(null, Object(Config\Cache), false)
11 SYSTEMPATH\Boot.php(363): CodeIgniter\CodeIgniter->run()
12 SYSTEMPATH\Boot.php(68): CodeIgniter\Boot::runCodeIgniter(Object(CodeIgniter\CodeIgniter))
13 FCPATH\index.php(59): CodeIgniter\Boot::bootWeb(Object(Config\Paths))
14 SYSTEMPATH\rewrite.php(44): require_once('C:\\Users\\Administrator\\Documents\\GITHUB\\KAPAL-FE-HTML\\home\\public\\index.php')
DEBUG - 2025-08-12 08:58:47 --> Session: Class initialized using 'CodeIgniter\Session\Handlers\FileHandler' driver.
WARNING - 2025-08-12 08:58:47 --> [DEPRECATED] Creation of dynamic property App\Controllers\Home::$session is deprecated in APPPATH\Controllers\BaseController.php on line 53.
 1 SYSTEMPATH\CodeIgniter.php(904): App\Controllers\BaseController->initController(Object(CodeIgniter\HTTP\IncomingRequest), Object(CodeIgniter\HTTP\Response), Object(CodeIgniter\Log\Logger))
 2 SYSTEMPATH\CodeIgniter.php(498): CodeIgniter\CodeIgniter->createController()
 3 SYSTEMPATH\CodeIgniter.php(354): CodeIgniter\CodeIgniter->handleRequest(null, Object(Config\Cache), false)
 4 SYSTEMPATH\Boot.php(363): CodeIgniter\CodeIgniter->run()
 5 SYSTEMPATH\Boot.php(68): CodeIgniter\Boot::runCodeIgniter(Object(CodeIgniter\CodeIgniter))
 6 FCPATH\index.php(59): CodeIgniter\Boot::bootWeb(Object(Config\Paths))
 7 SYSTEMPATH\rewrite.php(44): require_once('C:\\Users\\Administrator\\Documents\\GITHUB\\KAPAL-FE-HTML\\home\\public\\index.php')
CRITICAL - 2025-08-12 08:58:47 --> CodeIgniter\View\Exceptions\ViewException: Invalid file: "contact.php"
[Method: GET, Route: contact]
in SYSTEMPATH\Exceptions\FrameworkException.php on line 39.
 1 SYSTEMPATH\View\View.php(214): CodeIgniter\Exceptions\FrameworkException::forInvalidFile('contact.php')
 2 SYSTEMPATH\Common.php(1167): CodeIgniter\View\View->render('contact', [], true)
 3 APPPATH\Controllers\BaseController.php(65): view('contact', [...])
 4 APPPATH\Controllers\Home.php(83): App\Controllers\BaseController->render('contact', [...])
 5 SYSTEMPATH\CodeIgniter.php(933): App\Controllers\Home->contact()
 6 SYSTEMPATH\CodeIgniter.php(507): CodeIgniter\CodeIgniter->runController(Object(App\Controllers\Home))
 7 SYSTEMPATH\CodeIgniter.php(354): CodeIgniter\CodeIgniter->handleRequest(null, Object(Config\Cache), false)
 8 SYSTEMPATH\Boot.php(363): CodeIgniter\CodeIgniter->run()
 9 SYSTEMPATH\Boot.php(68): CodeIgniter\Boot::runCodeIgniter(Object(CodeIgniter\CodeIgniter))
10 FCPATH\index.php(59): CodeIgniter\Boot::bootWeb(Object(Config\Paths))
11 SYSTEMPATH\rewrite.php(44): require_once('C:\\Users\\Administrator\\Documents\\GITHUB\\KAPAL-FE-HTML\\home\\public\\index.php')
DEBUG - 2025-08-12 08:58:55 --> Session: Class initialized using 'CodeIgniter\Session\Handlers\FileHandler' driver.
WARNING - 2025-08-12 08:58:55 --> [DEPRECATED] Creation of dynamic property App\Controllers\Home::$session is deprecated in APPPATH\Controllers\BaseController.php on line 53.
 1 SYSTEMPATH\CodeIgniter.php(904): App\Controllers\BaseController->initController(Object(CodeIgniter\HTTP\IncomingRequest), Object(CodeIgniter\HTTP\Response), Object(CodeIgniter\Log\Logger))
 2 SYSTEMPATH\CodeIgniter.php(498): CodeIgniter\CodeIgniter->createController()
 3 SYSTEMPATH\CodeIgniter.php(354): CodeIgniter\CodeIgniter->handleRequest(null, Object(Config\Cache), false)
 4 SYSTEMPATH\Boot.php(363): CodeIgniter\CodeIgniter->run()
 5 SYSTEMPATH\Boot.php(68): CodeIgniter\Boot::runCodeIgniter(Object(CodeIgniter\CodeIgniter))
 6 FCPATH\index.php(59): CodeIgniter\Boot::bootWeb(Object(Config\Paths))
 7 SYSTEMPATH\rewrite.php(44): require_once('C:\\Users\\Administrator\\Documents\\GITHUB\\KAPAL-FE-HTML\\home\\public\\index.php')
CRITICAL - 2025-08-12 08:58:55 --> CodeIgniter\View\Exceptions\ViewException: Invalid file: "faq.php"
[Method: GET, Route: faq]
in SYSTEMPATH\Exceptions\FrameworkException.php on line 39.
 1 SYSTEMPATH\View\View.php(214): CodeIgniter\Exceptions\FrameworkException::forInvalidFile('faq.php')
 2 SYSTEMPATH\Common.php(1167): CodeIgniter\View\View->render('faq', [], true)
 3 APPPATH\Controllers\BaseController.php(65): view('faq', [...])
 4 APPPATH\Controllers\Home.php(93): App\Controllers\BaseController->render('faq', [...])
 5 SYSTEMPATH\CodeIgniter.php(933): App\Controllers\Home->faq()
 6 SYSTEMPATH\CodeIgniter.php(507): CodeIgniter\CodeIgniter->runController(Object(App\Controllers\Home))
 7 SYSTEMPATH\CodeIgniter.php(354): CodeIgniter\CodeIgniter->handleRequest(null, Object(Config\Cache), false)
 8 SYSTEMPATH\Boot.php(363): CodeIgniter\CodeIgniter->run()
 9 SYSTEMPATH\Boot.php(68): CodeIgniter\Boot::runCodeIgniter(Object(CodeIgniter\CodeIgniter))
10 FCPATH\index.php(59): CodeIgniter\Boot::bootWeb(Object(Config\Paths))
11 SYSTEMPATH\rewrite.php(44): require_once('C:\\Users\\Administrator\\Documents\\GITHUB\\KAPAL-FE-HTML\\home\\public\\index.php')
DEBUG - 2025-08-12 09:02:40 --> Session: Class initialized using 'CodeIgniter\Session\Handlers\FileHandler' driver.
WARNING - 2025-08-12 09:02:40 --> [DEPRECATED] Creation of dynamic property App\Controllers\Home::$session is deprecated in APPPATH\Controllers\BaseController.php on line 53.
 1 SYSTEMPATH\CodeIgniter.php(904): App\Controllers\BaseController->initController(Object(CodeIgniter\HTTP\IncomingRequest), Object(CodeIgniter\HTTP\Response), Object(CodeIgniter\Log\Logger))
 2 SYSTEMPATH\CodeIgniter.php(498): CodeIgniter\CodeIgniter->createController()
 3 SYSTEMPATH\CodeIgniter.php(354): CodeIgniter\CodeIgniter->handleRequest(null, Object(Config\Cache), false)
 4 SYSTEMPATH\Boot.php(363): CodeIgniter\CodeIgniter->run()
 5 SYSTEMPATH\Boot.php(68): CodeIgniter\Boot::runCodeIgniter(Object(CodeIgniter\CodeIgniter))
 6 FCPATH\index.php(59): CodeIgniter\Boot::bootWeb(Object(Config\Paths))
 7 SYSTEMPATH\rewrite.php(44): require_once('C:\\Users\\Administrator\\Documents\\GITHUB\\KAPAL-FE-HTML\\home\\public\\index.php')
CRITICAL - 2025-08-12 09:02:40 --> CodeIgniter\View\Exceptions\ViewException: Invalid file: "faq.php"
[Method: GET, Route: faq]
in SYSTEMPATH\Exceptions\FrameworkException.php on line 39.
 1 SYSTEMPATH\View\View.php(214): CodeIgniter\Exceptions\FrameworkException::forInvalidFile('faq.php')
 2 SYSTEMPATH\Common.php(1167): CodeIgniter\View\View->render('faq', [], true)
 3 APPPATH\Controllers\BaseController.php(65): view('faq', [...])
 4 APPPATH\Controllers\Home.php(93): App\Controllers\BaseController->render('faq', [...])
 5 SYSTEMPATH\CodeIgniter.php(933): App\Controllers\Home->faq()
 6 SYSTEMPATH\CodeIgniter.php(507): CodeIgniter\CodeIgniter->runController(Object(App\Controllers\Home))
 7 SYSTEMPATH\CodeIgniter.php(354): CodeIgniter\CodeIgniter->handleRequest(null, Object(Config\Cache), false)
 8 SYSTEMPATH\Boot.php(363): CodeIgniter\CodeIgniter->run()
 9 SYSTEMPATH\Boot.php(68): CodeIgniter\Boot::runCodeIgniter(Object(CodeIgniter\CodeIgniter))
10 FCPATH\index.php(59): CodeIgniter\Boot::bootWeb(Object(Config\Paths))
11 SYSTEMPATH\rewrite.php(44): require_once('C:\\Users\\Administrator\\Documents\\GITHUB\\KAPAL-FE-HTML\\home\\public\\index.php')
DEBUG - 2025-08-12 09:02:42 --> Session: Class initialized using 'CodeIgniter\Session\Handlers\FileHandler' driver.
WARNING - 2025-08-12 09:02:42 --> [DEPRECATED] Creation of dynamic property App\Controllers\Home::$session is deprecated in APPPATH\Controllers\BaseController.php on line 53.
 1 SYSTEMPATH\CodeIgniter.php(904): App\Controllers\BaseController->initController(Object(CodeIgniter\HTTP\IncomingRequest), Object(CodeIgniter\HTTP\Response), Object(CodeIgniter\Log\Logger))
 2 SYSTEMPATH\CodeIgniter.php(498): CodeIgniter\CodeIgniter->createController()
 3 SYSTEMPATH\CodeIgniter.php(354): CodeIgniter\CodeIgniter->handleRequest(null, Object(Config\Cache), false)
 4 SYSTEMPATH\Boot.php(363): CodeIgniter\CodeIgniter->run()
 5 SYSTEMPATH\Boot.php(68): CodeIgniter\Boot::runCodeIgniter(Object(CodeIgniter\CodeIgniter))
 6 FCPATH\index.php(59): CodeIgniter\Boot::bootWeb(Object(Config\Paths))
 7 SYSTEMPATH\rewrite.php(44): require_once('C:\\Users\\Administrator\\Documents\\GITHUB\\KAPAL-FE-HTML\\home\\public\\index.php')
CRITICAL - 2025-08-12 09:02:42 --> CodeIgniter\View\Exceptions\ViewException: Invalid file: "faq.php"
[Method: GET, Route: faq]
in SYSTEMPATH\Exceptions\FrameworkException.php on line 39.
 1 SYSTEMPATH\View\View.php(214): CodeIgniter\Exceptions\FrameworkException::forInvalidFile('faq.php')
 2 SYSTEMPATH\Common.php(1167): CodeIgniter\View\View->render('faq', [], true)
 3 APPPATH\Controllers\BaseController.php(65): view('faq', [...])
 4 APPPATH\Controllers\Home.php(93): App\Controllers\BaseController->render('faq', [...])
 5 SYSTEMPATH\CodeIgniter.php(933): App\Controllers\Home->faq()
 6 SYSTEMPATH\CodeIgniter.php(507): CodeIgniter\CodeIgniter->runController(Object(App\Controllers\Home))
 7 SYSTEMPATH\CodeIgniter.php(354): CodeIgniter\CodeIgniter->handleRequest(null, Object(Config\Cache), false)
 8 SYSTEMPATH\Boot.php(363): CodeIgniter\CodeIgniter->run()
 9 SYSTEMPATH\Boot.php(68): CodeIgniter\Boot::runCodeIgniter(Object(CodeIgniter\CodeIgniter))
10 FCPATH\index.php(59): CodeIgniter\Boot::bootWeb(Object(Config\Paths))
11 SYSTEMPATH\rewrite.php(44): require_once('C:\\Users\\Administrator\\Documents\\GITHUB\\KAPAL-FE-HTML\\home\\public\\index.php')
DEBUG - 2025-08-12 09:03:35 --> Session: Class initialized using 'CodeIgniter\Session\Handlers\FileHandler' driver.
WARNING - 2025-08-12 09:03:35 --> [DEPRECATED] Creation of dynamic property App\Controllers\Home::$session is deprecated in APPPATH\Controllers\BaseController.php on line 53.
 1 SYSTEMPATH\CodeIgniter.php(904): App\Controllers\BaseController->initController(Object(CodeIgniter\HTTP\IncomingRequest), Object(CodeIgniter\HTTP\Response), Object(CodeIgniter\Log\Logger))
 2 SYSTEMPATH\CodeIgniter.php(498): CodeIgniter\CodeIgniter->createController()
 3 SYSTEMPATH\CodeIgniter.php(354): CodeIgniter\CodeIgniter->handleRequest(null, Object(Config\Cache), false)
 4 SYSTEMPATH\Boot.php(363): CodeIgniter\CodeIgniter->run()
 5 SYSTEMPATH\Boot.php(68): CodeIgniter\Boot::runCodeIgniter(Object(CodeIgniter\CodeIgniter))
 6 FCPATH\index.php(59): CodeIgniter\Boot::bootWeb(Object(Config\Paths))
 7 SYSTEMPATH\rewrite.php(44): require_once('C:\\Users\\Administrator\\Documents\\GITHUB\\KAPAL-FE-HTML\\home\\public\\index.php')
CRITICAL - 2025-08-12 09:03:35 --> CodeIgniter\View\Exceptions\ViewException: Invalid file: "faq.php"
[Method: GET, Route: faq]
in SYSTEMPATH\Exceptions\FrameworkException.php on line 39.
 1 SYSTEMPATH\View\View.php(214): CodeIgniter\Exceptions\FrameworkException::forInvalidFile('faq.php')
 2 SYSTEMPATH\Common.php(1167): CodeIgniter\View\View->render('faq', [], true)
 3 APPPATH\Controllers\BaseController.php(65): view('faq', [...])
 4 APPPATH\Controllers\Home.php(93): App\Controllers\BaseController->render('faq', [...])
 5 SYSTEMPATH\CodeIgniter.php(933): App\Controllers\Home->faq()
 6 SYSTEMPATH\CodeIgniter.php(507): CodeIgniter\CodeIgniter->runController(Object(App\Controllers\Home))
 7 SYSTEMPATH\CodeIgniter.php(354): CodeIgniter\CodeIgniter->handleRequest(null, Object(Config\Cache), false)
 8 SYSTEMPATH\Boot.php(363): CodeIgniter\CodeIgniter->run()
 9 SYSTEMPATH\Boot.php(68): CodeIgniter\Boot::runCodeIgniter(Object(CodeIgniter\CodeIgniter))
10 FCPATH\index.php(59): CodeIgniter\Boot::bootWeb(Object(Config\Paths))
11 SYSTEMPATH\rewrite.php(44): require_once('C:\\Users\\Administrator\\Documents\\GITHUB\\KAPAL-FE-HTML\\home\\public\\index.php')
DEBUG - 2025-08-12 09:03:36 --> Session: Class initialized using 'CodeIgniter\Session\Handlers\FileHandler' driver.
WARNING - 2025-08-12 09:03:36 --> [DEPRECATED] Creation of dynamic property App\Controllers\Home::$session is deprecated in APPPATH\Controllers\BaseController.php on line 53.
 1 SYSTEMPATH\CodeIgniter.php(904): App\Controllers\BaseController->initController(Object(CodeIgniter\HTTP\IncomingRequest), Object(CodeIgniter\HTTP\Response), Object(CodeIgniter\Log\Logger))
 2 SYSTEMPATH\CodeIgniter.php(498): CodeIgniter\CodeIgniter->createController()
 3 SYSTEMPATH\CodeIgniter.php(354): CodeIgniter\CodeIgniter->handleRequest(null, Object(Config\Cache), false)
 4 SYSTEMPATH\Boot.php(363): CodeIgniter\CodeIgniter->run()
 5 SYSTEMPATH\Boot.php(68): CodeIgniter\Boot::runCodeIgniter(Object(CodeIgniter\CodeIgniter))
 6 FCPATH\index.php(59): CodeIgniter\Boot::bootWeb(Object(Config\Paths))
 7 SYSTEMPATH\rewrite.php(44): require_once('C:\\Users\\Administrator\\Documents\\GITHUB\\KAPAL-FE-HTML\\home\\public\\index.php')
CRITICAL - 2025-08-12 09:03:36 --> CodeIgniter\View\Exceptions\ViewException: Invalid file: "faq.php"
[Method: GET, Route: faq]
in SYSTEMPATH\Exceptions\FrameworkException.php on line 39.
 1 SYSTEMPATH\View\View.php(214): CodeIgniter\Exceptions\FrameworkException::forInvalidFile('faq.php')
 2 SYSTEMPATH\Common.php(1167): CodeIgniter\View\View->render('faq', [], true)
 3 APPPATH\Controllers\BaseController.php(65): view('faq', [...])
 4 APPPATH\Controllers\Home.php(93): App\Controllers\BaseController->render('faq', [...])
 5 SYSTEMPATH\CodeIgniter.php(933): App\Controllers\Home->faq()
 6 SYSTEMPATH\CodeIgniter.php(507): CodeIgniter\CodeIgniter->runController(Object(App\Controllers\Home))
 7 SYSTEMPATH\CodeIgniter.php(354): CodeIgniter\CodeIgniter->handleRequest(null, Object(Config\Cache), false)
 8 SYSTEMPATH\Boot.php(363): CodeIgniter\CodeIgniter->run()
 9 SYSTEMPATH\Boot.php(68): CodeIgniter\Boot::runCodeIgniter(Object(CodeIgniter\CodeIgniter))
10 FCPATH\index.php(59): CodeIgniter\Boot::bootWeb(Object(Config\Paths))
11 SYSTEMPATH\rewrite.php(44): require_once('C:\\Users\\Administrator\\Documents\\GITHUB\\KAPAL-FE-HTML\\home\\public\\index.php')
DEBUG - 2025-08-12 09:03:36 --> Session: Class initialized using 'CodeIgniter\Session\Handlers\FileHandler' driver.
WARNING - 2025-08-12 09:03:36 --> [DEPRECATED] Creation of dynamic property App\Controllers\Home::$session is deprecated in APPPATH\Controllers\BaseController.php on line 53.
 1 SYSTEMPATH\CodeIgniter.php(904): App\Controllers\BaseController->initController(Object(CodeIgniter\HTTP\IncomingRequest), Object(CodeIgniter\HTTP\Response), Object(CodeIgniter\Log\Logger))
 2 SYSTEMPATH\CodeIgniter.php(498): CodeIgniter\CodeIgniter->createController()
 3 SYSTEMPATH\CodeIgniter.php(354): CodeIgniter\CodeIgniter->handleRequest(null, Object(Config\Cache), false)
 4 SYSTEMPATH\Boot.php(363): CodeIgniter\CodeIgniter->run()
 5 SYSTEMPATH\Boot.php(68): CodeIgniter\Boot::runCodeIgniter(Object(CodeIgniter\CodeIgniter))
 6 FCPATH\index.php(59): CodeIgniter\Boot::bootWeb(Object(Config\Paths))
 7 SYSTEMPATH\rewrite.php(44): require_once('C:\\Users\\Administrator\\Documents\\GITHUB\\KAPAL-FE-HTML\\home\\public\\index.php')
CRITICAL - 2025-08-12 09:03:36 --> CodeIgniter\View\Exceptions\ViewException: Invalid file: "faq.php"
[Method: GET, Route: faq]
in SYSTEMPATH\Exceptions\FrameworkException.php on line 39.
 1 SYSTEMPATH\View\View.php(214): CodeIgniter\Exceptions\FrameworkException::forInvalidFile('faq.php')
 2 SYSTEMPATH\Common.php(1167): CodeIgniter\View\View->render('faq', [], true)
 3 APPPATH\Controllers\BaseController.php(65): view('faq', [...])
 4 APPPATH\Controllers\Home.php(93): App\Controllers\BaseController->render('faq', [...])
 5 SYSTEMPATH\CodeIgniter.php(933): App\Controllers\Home->faq()
 6 SYSTEMPATH\CodeIgniter.php(507): CodeIgniter\CodeIgniter->runController(Object(App\Controllers\Home))
 7 SYSTEMPATH\CodeIgniter.php(354): CodeIgniter\CodeIgniter->handleRequest(null, Object(Config\Cache), false)
 8 SYSTEMPATH\Boot.php(363): CodeIgniter\CodeIgniter->run()
 9 SYSTEMPATH\Boot.php(68): CodeIgniter\Boot::runCodeIgniter(Object(CodeIgniter\CodeIgniter))
10 FCPATH\index.php(59): CodeIgniter\Boot::bootWeb(Object(Config\Paths))
11 SYSTEMPATH\rewrite.php(44): require_once('C:\\Users\\Administrator\\Documents\\GITHUB\\KAPAL-FE-HTML\\home\\public\\index.php')
DEBUG - 2025-08-12 09:03:50 --> Session: Class initialized using 'CodeIgniter\Session\Handlers\FileHandler' driver.
WARNING - 2025-08-12 09:03:50 --> [DEPRECATED] Creation of dynamic property App\Controllers\Home::$session is deprecated in APPPATH\Controllers\BaseController.php on line 53.
 1 SYSTEMPATH\CodeIgniter.php(904): App\Controllers\BaseController->initController(Object(CodeIgniter\HTTP\IncomingRequest), Object(CodeIgniter\HTTP\Response), Object(CodeIgniter\Log\Logger))
 2 SYSTEMPATH\CodeIgniter.php(498): CodeIgniter\CodeIgniter->createController()
 3 SYSTEMPATH\CodeIgniter.php(354): CodeIgniter\CodeIgniter->handleRequest(null, Object(Config\Cache), false)
 4 SYSTEMPATH\Boot.php(363): CodeIgniter\CodeIgniter->run()
 5 SYSTEMPATH\Boot.php(68): CodeIgniter\Boot::runCodeIgniter(Object(CodeIgniter\CodeIgniter))
 6 FCPATH\index.php(59): CodeIgniter\Boot::bootWeb(Object(Config\Paths))
 7 SYSTEMPATH\rewrite.php(44): require_once('C:\\Users\\Administrator\\Documents\\GITHUB\\KAPAL-FE-HTML\\home\\public\\index.php')
CRITICAL - 2025-08-12 09:03:50 --> CodeIgniter\View\Exceptions\ViewException: Invalid file: "faq.php"
[Method: GET, Route: faq]
in SYSTEMPATH\Exceptions\FrameworkException.php on line 39.
 1 SYSTEMPATH\View\View.php(214): CodeIgniter\Exceptions\FrameworkException::forInvalidFile('faq.php')
 2 SYSTEMPATH\Common.php(1167): CodeIgniter\View\View->render('faq', [], true)
 3 APPPATH\Controllers\BaseController.php(65): view('faq', [...])
 4 APPPATH\Controllers\Home.php(93): App\Controllers\BaseController->render('faq', [...])
 5 SYSTEMPATH\CodeIgniter.php(933): App\Controllers\Home->faq()
 6 SYSTEMPATH\CodeIgniter.php(507): CodeIgniter\CodeIgniter->runController(Object(App\Controllers\Home))
 7 SYSTEMPATH\CodeIgniter.php(354): CodeIgniter\CodeIgniter->handleRequest(null, Object(Config\Cache), false)
 8 SYSTEMPATH\Boot.php(363): CodeIgniter\CodeIgniter->run()
 9 SYSTEMPATH\Boot.php(68): CodeIgniter\Boot::runCodeIgniter(Object(CodeIgniter\CodeIgniter))
10 FCPATH\index.php(59): CodeIgniter\Boot::bootWeb(Object(Config\Paths))
11 SYSTEMPATH\rewrite.php(44): require_once('C:\\Users\\Administrator\\Documents\\GITHUB\\KAPAL-FE-HTML\\home\\public\\index.php')
DEBUG - 2025-08-12 09:03:50 --> Session: Class initialized using 'CodeIgniter\Session\Handlers\FileHandler' driver.
WARNING - 2025-08-12 09:03:50 --> [DEPRECATED] Creation of dynamic property App\Controllers\Home::$session is deprecated in APPPATH\Controllers\BaseController.php on line 53.
 1 SYSTEMPATH\CodeIgniter.php(904): App\Controllers\BaseController->initController(Object(CodeIgniter\HTTP\IncomingRequest), Object(CodeIgniter\HTTP\Response), Object(CodeIgniter\Log\Logger))
 2 SYSTEMPATH\CodeIgniter.php(498): CodeIgniter\CodeIgniter->createController()
 3 SYSTEMPATH\CodeIgniter.php(354): CodeIgniter\CodeIgniter->handleRequest(null, Object(Config\Cache), false)
 4 SYSTEMPATH\Boot.php(363): CodeIgniter\CodeIgniter->run()
 5 SYSTEMPATH\Boot.php(68): CodeIgniter\Boot::runCodeIgniter(Object(CodeIgniter\CodeIgniter))
 6 FCPATH\index.php(59): CodeIgniter\Boot::bootWeb(Object(Config\Paths))
 7 SYSTEMPATH\rewrite.php(44): require_once('C:\\Users\\Administrator\\Documents\\GITHUB\\KAPAL-FE-HTML\\home\\public\\index.php')
CRITICAL - 2025-08-12 09:03:50 --> CodeIgniter\View\Exceptions\ViewException: Invalid file: "faq.php"
[Method: GET, Route: faq]
in SYSTEMPATH\Exceptions\FrameworkException.php on line 39.
 1 SYSTEMPATH\View\View.php(214): CodeIgniter\Exceptions\FrameworkException::forInvalidFile('faq.php')
 2 SYSTEMPATH\Common.php(1167): CodeIgniter\View\View->render('faq', [], true)
 3 APPPATH\Controllers\BaseController.php(65): view('faq', [...])
 4 APPPATH\Controllers\Home.php(93): App\Controllers\BaseController->render('faq', [...])
 5 SYSTEMPATH\CodeIgniter.php(933): App\Controllers\Home->faq()
 6 SYSTEMPATH\CodeIgniter.php(507): CodeIgniter\CodeIgniter->runController(Object(App\Controllers\Home))
 7 SYSTEMPATH\CodeIgniter.php(354): CodeIgniter\CodeIgniter->handleRequest(null, Object(Config\Cache), false)
 8 SYSTEMPATH\Boot.php(363): CodeIgniter\CodeIgniter->run()
 9 SYSTEMPATH\Boot.php(68): CodeIgniter\Boot::runCodeIgniter(Object(CodeIgniter\CodeIgniter))
10 FCPATH\index.php(59): CodeIgniter\Boot::bootWeb(Object(Config\Paths))
11 SYSTEMPATH\rewrite.php(44): require_once('C:\\Users\\Administrator\\Documents\\GITHUB\\KAPAL-FE-HTML\\home\\public\\index.php')
DEBUG - 2025-08-12 09:04:57 --> Session: Class initialized using 'CodeIgniter\Session\Handlers\FileHandler' driver.
WARNING - 2025-08-12 09:04:57 --> [DEPRECATED] Creation of dynamic property App\Controllers\Home::$session is deprecated in APPPATH\Controllers\BaseController.php on line 53.
 1 SYSTEMPATH\CodeIgniter.php(904): App\Controllers\BaseController->initController(Object(CodeIgniter\HTTP\IncomingRequest), Object(CodeIgniter\HTTP\Response), Object(CodeIgniter\Log\Logger))
 2 SYSTEMPATH\CodeIgniter.php(498): CodeIgniter\CodeIgniter->createController()
 3 SYSTEMPATH\CodeIgniter.php(354): CodeIgniter\CodeIgniter->handleRequest(null, Object(Config\Cache), false)
 4 SYSTEMPATH\Boot.php(363): CodeIgniter\CodeIgniter->run()
 5 SYSTEMPATH\Boot.php(68): CodeIgniter\Boot::runCodeIgniter(Object(CodeIgniter\CodeIgniter))
 6 FCPATH\index.php(59): CodeIgniter\Boot::bootWeb(Object(Config\Paths))
 7 SYSTEMPATH\rewrite.php(44): require_once('C:\\Users\\Administrator\\Documents\\GITHUB\\KAPAL-FE-HTML\\home\\public\\index.php')
CRITICAL - 2025-08-12 09:04:57 --> CodeIgniter\View\Exceptions\ViewException: Invalid file: "faq.php"
[Method: GET, Route: faq]
in SYSTEMPATH\Exceptions\FrameworkException.php on line 39.
 1 SYSTEMPATH\View\View.php(214): CodeIgniter\Exceptions\FrameworkException::forInvalidFile('faq.php')
 2 SYSTEMPATH\Common.php(1167): CodeIgniter\View\View->render('faq', [], true)
 3 APPPATH\Controllers\BaseController.php(65): view('faq', [...])
 4 APPPATH\Controllers\Home.php(93): App\Controllers\BaseController->render('faq', [...])
 5 SYSTEMPATH\CodeIgniter.php(933): App\Controllers\Home->faq()
 6 SYSTEMPATH\CodeIgniter.php(507): CodeIgniter\CodeIgniter->runController(Object(App\Controllers\Home))
 7 SYSTEMPATH\CodeIgniter.php(354): CodeIgniter\CodeIgniter->handleRequest(null, Object(Config\Cache), false)
 8 SYSTEMPATH\Boot.php(363): CodeIgniter\CodeIgniter->run()
 9 SYSTEMPATH\Boot.php(68): CodeIgniter\Boot::runCodeIgniter(Object(CodeIgniter\CodeIgniter))
10 FCPATH\index.php(59): CodeIgniter\Boot::bootWeb(Object(Config\Paths))
11 SYSTEMPATH\rewrite.php(44): require_once('C:\\Users\\Administrator\\Documents\\GITHUB\\KAPAL-FE-HTML\\home\\public\\index.php')
DEBUG - 2025-08-12 09:04:58 --> Session: Class initialized using 'CodeIgniter\Session\Handlers\FileHandler' driver.
WARNING - 2025-08-12 09:04:58 --> [DEPRECATED] Creation of dynamic property App\Controllers\Home::$session is deprecated in APPPATH\Controllers\BaseController.php on line 53.
 1 SYSTEMPATH\CodeIgniter.php(904): App\Controllers\BaseController->initController(Object(CodeIgniter\HTTP\IncomingRequest), Object(CodeIgniter\HTTP\Response), Object(CodeIgniter\Log\Logger))
 2 SYSTEMPATH\CodeIgniter.php(498): CodeIgniter\CodeIgniter->createController()
 3 SYSTEMPATH\CodeIgniter.php(354): CodeIgniter\CodeIgniter->handleRequest(null, Object(Config\Cache), false)
 4 SYSTEMPATH\Boot.php(363): CodeIgniter\CodeIgniter->run()
 5 SYSTEMPATH\Boot.php(68): CodeIgniter\Boot::runCodeIgniter(Object(CodeIgniter\CodeIgniter))
 6 FCPATH\index.php(59): CodeIgniter\Boot::bootWeb(Object(Config\Paths))
 7 SYSTEMPATH\rewrite.php(44): require_once('C:\\Users\\Administrator\\Documents\\GITHUB\\KAPAL-FE-HTML\\home\\public\\index.php')
CRITICAL - 2025-08-12 09:04:58 --> CodeIgniter\View\Exceptions\ViewException: Invalid file: "faq.php"
[Method: GET, Route: faq]
in SYSTEMPATH\Exceptions\FrameworkException.php on line 39.
 1 SYSTEMPATH\View\View.php(214): CodeIgniter\Exceptions\FrameworkException::forInvalidFile('faq.php')
 2 SYSTEMPATH\Common.php(1167): CodeIgniter\View\View->render('faq', [], true)
 3 APPPATH\Controllers\BaseController.php(65): view('faq', [...])
 4 APPPATH\Controllers\Home.php(93): App\Controllers\BaseController->render('faq', [...])
 5 SYSTEMPATH\CodeIgniter.php(933): App\Controllers\Home->faq()
 6 SYSTEMPATH\CodeIgniter.php(507): CodeIgniter\CodeIgniter->runController(Object(App\Controllers\Home))
 7 SYSTEMPATH\CodeIgniter.php(354): CodeIgniter\CodeIgniter->handleRequest(null, Object(Config\Cache), false)
 8 SYSTEMPATH\Boot.php(363): CodeIgniter\CodeIgniter->run()
 9 SYSTEMPATH\Boot.php(68): CodeIgniter\Boot::runCodeIgniter(Object(CodeIgniter\CodeIgniter))
10 FCPATH\index.php(59): CodeIgniter\Boot::bootWeb(Object(Config\Paths))
11 SYSTEMPATH\rewrite.php(44): require_once('C:\\Users\\Administrator\\Documents\\GITHUB\\KAPAL-FE-HTML\\home\\public\\index.php')
DEBUG - 2025-08-12 09:04:58 --> Session: Class initialized using 'CodeIgniter\Session\Handlers\FileHandler' driver.
WARNING - 2025-08-12 09:04:58 --> [DEPRECATED] Creation of dynamic property App\Controllers\Home::$session is deprecated in APPPATH\Controllers\BaseController.php on line 53.
 1 SYSTEMPATH\CodeIgniter.php(904): App\Controllers\BaseController->initController(Object(CodeIgniter\HTTP\IncomingRequest), Object(CodeIgniter\HTTP\Response), Object(CodeIgniter\Log\Logger))
 2 SYSTEMPATH\CodeIgniter.php(498): CodeIgniter\CodeIgniter->createController()
 3 SYSTEMPATH\CodeIgniter.php(354): CodeIgniter\CodeIgniter->handleRequest(null, Object(Config\Cache), false)
 4 SYSTEMPATH\Boot.php(363): CodeIgniter\CodeIgniter->run()
 5 SYSTEMPATH\Boot.php(68): CodeIgniter\Boot::runCodeIgniter(Object(CodeIgniter\CodeIgniter))
 6 FCPATH\index.php(59): CodeIgniter\Boot::bootWeb(Object(Config\Paths))
 7 SYSTEMPATH\rewrite.php(44): require_once('C:\\Users\\Administrator\\Documents\\GITHUB\\KAPAL-FE-HTML\\home\\public\\index.php')
CRITICAL - 2025-08-12 09:04:58 --> CodeIgniter\View\Exceptions\ViewException: Invalid file: "faq.php"
[Method: GET, Route: faq]
in SYSTEMPATH\Exceptions\FrameworkException.php on line 39.
 1 SYSTEMPATH\View\View.php(214): CodeIgniter\Exceptions\FrameworkException::forInvalidFile('faq.php')
 2 SYSTEMPATH\Common.php(1167): CodeIgniter\View\View->render('faq', [], true)
 3 APPPATH\Controllers\BaseController.php(65): view('faq', [...])
 4 APPPATH\Controllers\Home.php(93): App\Controllers\BaseController->render('faq', [...])
 5 SYSTEMPATH\CodeIgniter.php(933): App\Controllers\Home->faq()
 6 SYSTEMPATH\CodeIgniter.php(507): CodeIgniter\CodeIgniter->runController(Object(App\Controllers\Home))
 7 SYSTEMPATH\CodeIgniter.php(354): CodeIgniter\CodeIgniter->handleRequest(null, Object(Config\Cache), false)
 8 SYSTEMPATH\Boot.php(363): CodeIgniter\CodeIgniter->run()
 9 SYSTEMPATH\Boot.php(68): CodeIgniter\Boot::runCodeIgniter(Object(CodeIgniter\CodeIgniter))
10 FCPATH\index.php(59): CodeIgniter\Boot::bootWeb(Object(Config\Paths))
11 SYSTEMPATH\rewrite.php(44): require_once('C:\\Users\\Administrator\\Documents\\GITHUB\\KAPAL-FE-HTML\\home\\public\\index.php')
DEBUG - 2025-08-12 09:04:59 --> Session: Class initialized using 'CodeIgniter\Session\Handlers\FileHandler' driver.
WARNING - 2025-08-12 09:04:59 --> [DEPRECATED] Creation of dynamic property App\Controllers\Home::$session is deprecated in APPPATH\Controllers\BaseController.php on line 53.
 1 SYSTEMPATH\CodeIgniter.php(904): App\Controllers\BaseController->initController(Object(CodeIgniter\HTTP\IncomingRequest), Object(CodeIgniter\HTTP\Response), Object(CodeIgniter\Log\Logger))
 2 SYSTEMPATH\CodeIgniter.php(498): CodeIgniter\CodeIgniter->createController()
 3 SYSTEMPATH\CodeIgniter.php(354): CodeIgniter\CodeIgniter->handleRequest(null, Object(Config\Cache), false)
 4 SYSTEMPATH\Boot.php(363): CodeIgniter\CodeIgniter->run()
 5 SYSTEMPATH\Boot.php(68): CodeIgniter\Boot::runCodeIgniter(Object(CodeIgniter\CodeIgniter))
 6 FCPATH\index.php(59): CodeIgniter\Boot::bootWeb(Object(Config\Paths))
 7 SYSTEMPATH\rewrite.php(44): require_once('C:\\Users\\Administrator\\Documents\\GITHUB\\KAPAL-FE-HTML\\home\\public\\index.php')
CRITICAL - 2025-08-12 09:04:59 --> CodeIgniter\View\Exceptions\ViewException: Invalid file: "faq.php"
[Method: GET, Route: faq]
in SYSTEMPATH\Exceptions\FrameworkException.php on line 39.
 1 SYSTEMPATH\View\View.php(214): CodeIgniter\Exceptions\FrameworkException::forInvalidFile('faq.php')
 2 SYSTEMPATH\Common.php(1167): CodeIgniter\View\View->render('faq', [], true)
 3 APPPATH\Controllers\BaseController.php(65): view('faq', [...])
 4 APPPATH\Controllers\Home.php(93): App\Controllers\BaseController->render('faq', [...])
 5 SYSTEMPATH\CodeIgniter.php(933): App\Controllers\Home->faq()
 6 SYSTEMPATH\CodeIgniter.php(507): CodeIgniter\CodeIgniter->runController(Object(App\Controllers\Home))
 7 SYSTEMPATH\CodeIgniter.php(354): CodeIgniter\CodeIgniter->handleRequest(null, Object(Config\Cache), false)
 8 SYSTEMPATH\Boot.php(363): CodeIgniter\CodeIgniter->run()
 9 SYSTEMPATH\Boot.php(68): CodeIgniter\Boot::runCodeIgniter(Object(CodeIgniter\CodeIgniter))
10 FCPATH\index.php(59): CodeIgniter\Boot::bootWeb(Object(Config\Paths))
11 SYSTEMPATH\rewrite.php(44): require_once('C:\\Users\\Administrator\\Documents\\GITHUB\\KAPAL-FE-HTML\\home\\public\\index.php')
DEBUG - 2025-08-12 09:04:59 --> Session: Class initialized using 'CodeIgniter\Session\Handlers\FileHandler' driver.
WARNING - 2025-08-12 09:04:59 --> [DEPRECATED] Creation of dynamic property App\Controllers\Home::$session is deprecated in APPPATH\Controllers\BaseController.php on line 53.
 1 SYSTEMPATH\CodeIgniter.php(904): App\Controllers\BaseController->initController(Object(CodeIgniter\HTTP\IncomingRequest), Object(CodeIgniter\HTTP\Response), Object(CodeIgniter\Log\Logger))
 2 SYSTEMPATH\CodeIgniter.php(498): CodeIgniter\CodeIgniter->createController()
 3 SYSTEMPATH\CodeIgniter.php(354): CodeIgniter\CodeIgniter->handleRequest(null, Object(Config\Cache), false)
 4 SYSTEMPATH\Boot.php(363): CodeIgniter\CodeIgniter->run()
 5 SYSTEMPATH\Boot.php(68): CodeIgniter\Boot::runCodeIgniter(Object(CodeIgniter\CodeIgniter))
 6 FCPATH\index.php(59): CodeIgniter\Boot::bootWeb(Object(Config\Paths))
 7 SYSTEMPATH\rewrite.php(44): require_once('C:\\Users\\Administrator\\Documents\\GITHUB\\KAPAL-FE-HTML\\home\\public\\index.php')
CRITICAL - 2025-08-12 09:04:59 --> CodeIgniter\View\Exceptions\ViewException: Invalid file: "faq.php"
[Method: GET, Route: faq]
in SYSTEMPATH\Exceptions\FrameworkException.php on line 39.
 1 SYSTEMPATH\View\View.php(214): CodeIgniter\Exceptions\FrameworkException::forInvalidFile('faq.php')
 2 SYSTEMPATH\Common.php(1167): CodeIgniter\View\View->render('faq', [], true)
 3 APPPATH\Controllers\BaseController.php(65): view('faq', [...])
 4 APPPATH\Controllers\Home.php(93): App\Controllers\BaseController->render('faq', [...])
 5 SYSTEMPATH\CodeIgniter.php(933): App\Controllers\Home->faq()
 6 SYSTEMPATH\CodeIgniter.php(507): CodeIgniter\CodeIgniter->runController(Object(App\Controllers\Home))
 7 SYSTEMPATH\CodeIgniter.php(354): CodeIgniter\CodeIgniter->handleRequest(null, Object(Config\Cache), false)
 8 SYSTEMPATH\Boot.php(363): CodeIgniter\CodeIgniter->run()
 9 SYSTEMPATH\Boot.php(68): CodeIgniter\Boot::runCodeIgniter(Object(CodeIgniter\CodeIgniter))
10 FCPATH\index.php(59): CodeIgniter\Boot::bootWeb(Object(Config\Paths))
11 SYSTEMPATH\rewrite.php(44): require_once('C:\\Users\\Administrator\\Documents\\GITHUB\\KAPAL-FE-HTML\\home\\public\\index.php')
DEBUG - 2025-08-12 09:05:01 --> Session: Class initialized using 'CodeIgniter\Session\Handlers\FileHandler' driver.
WARNING - 2025-08-12 09:05:01 --> [DEPRECATED] Creation of dynamic property App\Controllers\Home::$session is deprecated in APPPATH\Controllers\BaseController.php on line 53.
 1 SYSTEMPATH\CodeIgniter.php(904): App\Controllers\BaseController->initController(Object(CodeIgniter\HTTP\IncomingRequest), Object(CodeIgniter\HTTP\Response), Object(CodeIgniter\Log\Logger))
 2 SYSTEMPATH\CodeIgniter.php(498): CodeIgniter\CodeIgniter->createController()
 3 SYSTEMPATH\CodeIgniter.php(354): CodeIgniter\CodeIgniter->handleRequest(null, Object(Config\Cache), false)
 4 SYSTEMPATH\Boot.php(363): CodeIgniter\CodeIgniter->run()
 5 SYSTEMPATH\Boot.php(68): CodeIgniter\Boot::runCodeIgniter(Object(CodeIgniter\CodeIgniter))
 6 FCPATH\index.php(59): CodeIgniter\Boot::bootWeb(Object(Config\Paths))
 7 SYSTEMPATH\rewrite.php(44): require_once('C:\\Users\\Administrator\\Documents\\GITHUB\\KAPAL-FE-HTML\\home\\public\\index.php')
CRITICAL - 2025-08-12 09:05:01 --> CodeIgniter\View\Exceptions\ViewException: Invalid file: "faq.php"
[Method: GET, Route: faq]
in SYSTEMPATH\Exceptions\FrameworkException.php on line 39.
 1 SYSTEMPATH\View\View.php(214): CodeIgniter\Exceptions\FrameworkException::forInvalidFile('faq.php')
 2 SYSTEMPATH\Common.php(1167): CodeIgniter\View\View->render('faq', [], true)
 3 APPPATH\Controllers\BaseController.php(65): view('faq', [...])
 4 APPPATH\Controllers\Home.php(93): App\Controllers\BaseController->render('faq', [...])
 5 SYSTEMPATH\CodeIgniter.php(933): App\Controllers\Home->faq()
 6 SYSTEMPATH\CodeIgniter.php(507): CodeIgniter\CodeIgniter->runController(Object(App\Controllers\Home))
 7 SYSTEMPATH\CodeIgniter.php(354): CodeIgniter\CodeIgniter->handleRequest(null, Object(Config\Cache), false)
 8 SYSTEMPATH\Boot.php(363): CodeIgniter\CodeIgniter->run()
 9 SYSTEMPATH\Boot.php(68): CodeIgniter\Boot::runCodeIgniter(Object(CodeIgniter\CodeIgniter))
10 FCPATH\index.php(59): CodeIgniter\Boot::bootWeb(Object(Config\Paths))
11 SYSTEMPATH\rewrite.php(44): require_once('C:\\Users\\Administrator\\Documents\\GITHUB\\KAPAL-FE-HTML\\home\\public\\index.php')
DEBUG - 2025-08-12 09:05:02 --> Session: Class initialized using 'CodeIgniter\Session\Handlers\FileHandler' driver.
WARNING - 2025-08-12 09:05:02 --> [DEPRECATED] Creation of dynamic property App\Controllers\Home::$session is deprecated in APPPATH\Controllers\BaseController.php on line 53.
 1 SYSTEMPATH\CodeIgniter.php(904): App\Controllers\BaseController->initController(Object(CodeIgniter\HTTP\IncomingRequest), Object(CodeIgniter\HTTP\Response), Object(CodeIgniter\Log\Logger))
 2 SYSTEMPATH\CodeIgniter.php(498): CodeIgniter\CodeIgniter->createController()
 3 SYSTEMPATH\CodeIgniter.php(354): CodeIgniter\CodeIgniter->handleRequest(null, Object(Config\Cache), false)
 4 SYSTEMPATH\Boot.php(363): CodeIgniter\CodeIgniter->run()
 5 SYSTEMPATH\Boot.php(68): CodeIgniter\Boot::runCodeIgniter(Object(CodeIgniter\CodeIgniter))
 6 FCPATH\index.php(59): CodeIgniter\Boot::bootWeb(Object(Config\Paths))
 7 SYSTEMPATH\rewrite.php(44): require_once('C:\\Users\\Administrator\\Documents\\GITHUB\\KAPAL-FE-HTML\\home\\public\\index.php')
CRITICAL - 2025-08-12 09:05:02 --> CodeIgniter\View\Exceptions\ViewException: Invalid file: "faq.php"
[Method: GET, Route: faq]
in SYSTEMPATH\Exceptions\FrameworkException.php on line 39.
 1 SYSTEMPATH\View\View.php(214): CodeIgniter\Exceptions\FrameworkException::forInvalidFile('faq.php')
 2 SYSTEMPATH\Common.php(1167): CodeIgniter\View\View->render('faq', [], true)
 3 APPPATH\Controllers\BaseController.php(65): view('faq', [...])
 4 APPPATH\Controllers\Home.php(93): App\Controllers\BaseController->render('faq', [...])
 5 SYSTEMPATH\CodeIgniter.php(933): App\Controllers\Home->faq()
 6 SYSTEMPATH\CodeIgniter.php(507): CodeIgniter\CodeIgniter->runController(Object(App\Controllers\Home))
 7 SYSTEMPATH\CodeIgniter.php(354): CodeIgniter\CodeIgniter->handleRequest(null, Object(Config\Cache), false)
 8 SYSTEMPATH\Boot.php(363): CodeIgniter\CodeIgniter->run()
 9 SYSTEMPATH\Boot.php(68): CodeIgniter\Boot::runCodeIgniter(Object(CodeIgniter\CodeIgniter))
10 FCPATH\index.php(59): CodeIgniter\Boot::bootWeb(Object(Config\Paths))
11 SYSTEMPATH\rewrite.php(44): require_once('C:\\Users\\Administrator\\Documents\\GITHUB\\KAPAL-FE-HTML\\home\\public\\index.php')
DEBUG - 2025-08-12 09:05:03 --> Session: Class initialized using 'CodeIgniter\Session\Handlers\FileHandler' driver.
WARNING - 2025-08-12 09:05:03 --> [DEPRECATED] Creation of dynamic property App\Controllers\Home::$session is deprecated in APPPATH\Controllers\BaseController.php on line 53.
 1 SYSTEMPATH\CodeIgniter.php(904): App\Controllers\BaseController->initController(Object(CodeIgniter\HTTP\IncomingRequest), Object(CodeIgniter\HTTP\Response), Object(CodeIgniter\Log\Logger))
 2 SYSTEMPATH\CodeIgniter.php(498): CodeIgniter\CodeIgniter->createController()
 3 SYSTEMPATH\CodeIgniter.php(354): CodeIgniter\CodeIgniter->handleRequest(null, Object(Config\Cache), false)
 4 SYSTEMPATH\Boot.php(363): CodeIgniter\CodeIgniter->run()
 5 SYSTEMPATH\Boot.php(68): CodeIgniter\Boot::runCodeIgniter(Object(CodeIgniter\CodeIgniter))
 6 FCPATH\index.php(59): CodeIgniter\Boot::bootWeb(Object(Config\Paths))
 7 SYSTEMPATH\rewrite.php(44): require_once('C:\\Users\\Administrator\\Documents\\GITHUB\\KAPAL-FE-HTML\\home\\public\\index.php')
CRITICAL - 2025-08-12 09:05:03 --> CodeIgniter\View\Exceptions\ViewException: Invalid file: "faq.php"
[Method: GET, Route: faq]
in SYSTEMPATH\Exceptions\FrameworkException.php on line 39.
 1 SYSTEMPATH\View\View.php(214): CodeIgniter\Exceptions\FrameworkException::forInvalidFile('faq.php')
 2 SYSTEMPATH\Common.php(1167): CodeIgniter\View\View->render('faq', [], true)
 3 APPPATH\Controllers\BaseController.php(65): view('faq', [...])
 4 APPPATH\Controllers\Home.php(93): App\Controllers\BaseController->render('faq', [...])
 5 SYSTEMPATH\CodeIgniter.php(933): App\Controllers\Home->faq()
 6 SYSTEMPATH\CodeIgniter.php(507): CodeIgniter\CodeIgniter->runController(Object(App\Controllers\Home))
 7 SYSTEMPATH\CodeIgniter.php(354): CodeIgniter\CodeIgniter->handleRequest(null, Object(Config\Cache), false)
 8 SYSTEMPATH\Boot.php(363): CodeIgniter\CodeIgniter->run()
 9 SYSTEMPATH\Boot.php(68): CodeIgniter\Boot::runCodeIgniter(Object(CodeIgniter\CodeIgniter))
10 FCPATH\index.php(59): CodeIgniter\Boot::bootWeb(Object(Config\Paths))
11 SYSTEMPATH\rewrite.php(44): require_once('C:\\Users\\Administrator\\Documents\\GITHUB\\KAPAL-FE-HTML\\home\\public\\index.php')
DEBUG - 2025-08-12 09:05:03 --> Session: Class initialized using 'CodeIgniter\Session\Handlers\FileHandler' driver.
WARNING - 2025-08-12 09:05:03 --> [DEPRECATED] Creation of dynamic property App\Controllers\Home::$session is deprecated in APPPATH\Controllers\BaseController.php on line 53.
 1 SYSTEMPATH\CodeIgniter.php(904): App\Controllers\BaseController->initController(Object(CodeIgniter\HTTP\IncomingRequest), Object(CodeIgniter\HTTP\Response), Object(CodeIgniter\Log\Logger))
 2 SYSTEMPATH\CodeIgniter.php(498): CodeIgniter\CodeIgniter->createController()
 3 SYSTEMPATH\CodeIgniter.php(354): CodeIgniter\CodeIgniter->handleRequest(null, Object(Config\Cache), false)
 4 SYSTEMPATH\Boot.php(363): CodeIgniter\CodeIgniter->run()
 5 SYSTEMPATH\Boot.php(68): CodeIgniter\Boot::runCodeIgniter(Object(CodeIgniter\CodeIgniter))
 6 FCPATH\index.php(59): CodeIgniter\Boot::bootWeb(Object(Config\Paths))
 7 SYSTEMPATH\rewrite.php(44): require_once('C:\\Users\\Administrator\\Documents\\GITHUB\\KAPAL-FE-HTML\\home\\public\\index.php')
CRITICAL - 2025-08-12 09:05:03 --> CodeIgniter\View\Exceptions\ViewException: Invalid file: "faq.php"
[Method: GET, Route: faq]
in SYSTEMPATH\Exceptions\FrameworkException.php on line 39.
 1 SYSTEMPATH\View\View.php(214): CodeIgniter\Exceptions\FrameworkException::forInvalidFile('faq.php')
 2 SYSTEMPATH\Common.php(1167): CodeIgniter\View\View->render('faq', [], true)
 3 APPPATH\Controllers\BaseController.php(65): view('faq', [...])
 4 APPPATH\Controllers\Home.php(93): App\Controllers\BaseController->render('faq', [...])
 5 SYSTEMPATH\CodeIgniter.php(933): App\Controllers\Home->faq()
 6 SYSTEMPATH\CodeIgniter.php(507): CodeIgniter\CodeIgniter->runController(Object(App\Controllers\Home))
 7 SYSTEMPATH\CodeIgniter.php(354): CodeIgniter\CodeIgniter->handleRequest(null, Object(Config\Cache), false)
 8 SYSTEMPATH\Boot.php(363): CodeIgniter\CodeIgniter->run()
 9 SYSTEMPATH\Boot.php(68): CodeIgniter\Boot::runCodeIgniter(Object(CodeIgniter\CodeIgniter))
10 FCPATH\index.php(59): CodeIgniter\Boot::bootWeb(Object(Config\Paths))
11 SYSTEMPATH\rewrite.php(44): require_once('C:\\Users\\Administrator\\Documents\\GITHUB\\KAPAL-FE-HTML\\home\\public\\index.php')
DEBUG - 2025-08-12 09:05:03 --> Session: Class initialized using 'CodeIgniter\Session\Handlers\FileHandler' driver.
WARNING - 2025-08-12 09:05:03 --> [DEPRECATED] Creation of dynamic property App\Controllers\Home::$session is deprecated in APPPATH\Controllers\BaseController.php on line 53.
 1 SYSTEMPATH\CodeIgniter.php(904): App\Controllers\BaseController->initController(Object(CodeIgniter\HTTP\IncomingRequest), Object(CodeIgniter\HTTP\Response), Object(CodeIgniter\Log\Logger))
 2 SYSTEMPATH\CodeIgniter.php(498): CodeIgniter\CodeIgniter->createController()
 3 SYSTEMPATH\CodeIgniter.php(354): CodeIgniter\CodeIgniter->handleRequest(null, Object(Config\Cache), false)
 4 SYSTEMPATH\Boot.php(363): CodeIgniter\CodeIgniter->run()
 5 SYSTEMPATH\Boot.php(68): CodeIgniter\Boot::runCodeIgniter(Object(CodeIgniter\CodeIgniter))
 6 FCPATH\index.php(59): CodeIgniter\Boot::bootWeb(Object(Config\Paths))
 7 SYSTEMPATH\rewrite.php(44): require_once('C:\\Users\\Administrator\\Documents\\GITHUB\\KAPAL-FE-HTML\\home\\public\\index.php')
CRITICAL - 2025-08-12 09:05:03 --> CodeIgniter\View\Exceptions\ViewException: Invalid file: "faq.php"
[Method: GET, Route: faq]
in SYSTEMPATH\Exceptions\FrameworkException.php on line 39.
 1 SYSTEMPATH\View\View.php(214): CodeIgniter\Exceptions\FrameworkException::forInvalidFile('faq.php')
 2 SYSTEMPATH\Common.php(1167): CodeIgniter\View\View->render('faq', [], true)
 3 APPPATH\Controllers\BaseController.php(65): view('faq', [...])
 4 APPPATH\Controllers\Home.php(93): App\Controllers\BaseController->render('faq', [...])
 5 SYSTEMPATH\CodeIgniter.php(933): App\Controllers\Home->faq()
 6 SYSTEMPATH\CodeIgniter.php(507): CodeIgniter\CodeIgniter->runController(Object(App\Controllers\Home))
 7 SYSTEMPATH\CodeIgniter.php(354): CodeIgniter\CodeIgniter->handleRequest(null, Object(Config\Cache), false)
 8 SYSTEMPATH\Boot.php(363): CodeIgniter\CodeIgniter->run()
 9 SYSTEMPATH\Boot.php(68): CodeIgniter\Boot::runCodeIgniter(Object(CodeIgniter\CodeIgniter))
10 FCPATH\index.php(59): CodeIgniter\Boot::bootWeb(Object(Config\Paths))
11 SYSTEMPATH\rewrite.php(44): require_once('C:\\Users\\Administrator\\Documents\\GITHUB\\KAPAL-FE-HTML\\home\\public\\index.php')
DEBUG - 2025-08-12 09:05:21 --> Session: Class initialized using 'CodeIgniter\Session\Handlers\FileHandler' driver.
WARNING - 2025-08-12 09:05:21 --> [DEPRECATED] Creation of dynamic property App\Controllers\Home::$session is deprecated in APPPATH\Controllers\BaseController.php on line 53.
 1 SYSTEMPATH\CodeIgniter.php(904): App\Controllers\BaseController->initController(Object(CodeIgniter\HTTP\IncomingRequest), Object(CodeIgniter\HTTP\Response), Object(CodeIgniter\Log\Logger))
 2 SYSTEMPATH\CodeIgniter.php(498): CodeIgniter\CodeIgniter->createController()
 3 SYSTEMPATH\CodeIgniter.php(354): CodeIgniter\CodeIgniter->handleRequest(null, Object(Config\Cache), false)
 4 SYSTEMPATH\Boot.php(363): CodeIgniter\CodeIgniter->run()
 5 SYSTEMPATH\Boot.php(68): CodeIgniter\Boot::runCodeIgniter(Object(CodeIgniter\CodeIgniter))
 6 FCPATH\index.php(59): CodeIgniter\Boot::bootWeb(Object(Config\Paths))
 7 SYSTEMPATH\rewrite.php(44): require_once('C:\\Users\\Administrator\\Documents\\GITHUB\\KAPAL-FE-HTML\\home\\public\\index.php')
DEBUG - 2025-08-12 09:05:23 --> Session: Class initialized using 'CodeIgniter\Session\Handlers\FileHandler' driver.
WARNING - 2025-08-12 09:05:23 --> [DEPRECATED] Creation of dynamic property App\Controllers\Home::$session is deprecated in APPPATH\Controllers\BaseController.php on line 53.
 1 SYSTEMPATH\CodeIgniter.php(904): App\Controllers\BaseController->initController(Object(CodeIgniter\HTTP\IncomingRequest), Object(CodeIgniter\HTTP\Response), Object(CodeIgniter\Log\Logger))
 2 SYSTEMPATH\CodeIgniter.php(498): CodeIgniter\CodeIgniter->createController()
 3 SYSTEMPATH\CodeIgniter.php(354): CodeIgniter\CodeIgniter->handleRequest(null, Object(Config\Cache), false)
 4 SYSTEMPATH\Boot.php(363): CodeIgniter\CodeIgniter->run()
 5 SYSTEMPATH\Boot.php(68): CodeIgniter\Boot::runCodeIgniter(Object(CodeIgniter\CodeIgniter))
 6 FCPATH\index.php(59): CodeIgniter\Boot::bootWeb(Object(Config\Paths))
 7 SYSTEMPATH\rewrite.php(44): require_once('C:\\Users\\Administrator\\Documents\\GITHUB\\KAPAL-FE-HTML\\home\\public\\index.php')
DEBUG - 2025-08-12 09:05:24 --> Session: Class initialized using 'CodeIgniter\Session\Handlers\FileHandler' driver.
WARNING - 2025-08-12 09:05:24 --> [DEPRECATED] Creation of dynamic property App\Controllers\Home::$session is deprecated in APPPATH\Controllers\BaseController.php on line 53.
 1 SYSTEMPATH\CodeIgniter.php(904): App\Controllers\BaseController->initController(Object(CodeIgniter\HTTP\IncomingRequest), Object(CodeIgniter\HTTP\Response), Object(CodeIgniter\Log\Logger))
 2 SYSTEMPATH\CodeIgniter.php(498): CodeIgniter\CodeIgniter->createController()
 3 SYSTEMPATH\CodeIgniter.php(354): CodeIgniter\CodeIgniter->handleRequest(null, Object(Config\Cache), false)
 4 SYSTEMPATH\Boot.php(363): CodeIgniter\CodeIgniter->run()
 5 SYSTEMPATH\Boot.php(68): CodeIgniter\Boot::runCodeIgniter(Object(CodeIgniter\CodeIgniter))
 6 FCPATH\index.php(59): CodeIgniter\Boot::bootWeb(Object(Config\Paths))
 7 SYSTEMPATH\rewrite.php(44): require_once('C:\\Users\\Administrator\\Documents\\GITHUB\\KAPAL-FE-HTML\\home\\public\\index.php')
CRITICAL - 2025-08-12 09:05:24 --> CodeIgniter\View\Exceptions\ViewException: Invalid file: "contact.php"
[Method: GET, Route: contact]
in SYSTEMPATH\Exceptions\FrameworkException.php on line 39.
 1 SYSTEMPATH\View\View.php(214): CodeIgniter\Exceptions\FrameworkException::forInvalidFile('contact.php')
 2 SYSTEMPATH\Common.php(1167): CodeIgniter\View\View->render('contact', [], true)
 3 APPPATH\Controllers\BaseController.php(65): view('contact', [...])
 4 APPPATH\Controllers\Home.php(83): App\Controllers\BaseController->render('contact', [...])
 5 SYSTEMPATH\CodeIgniter.php(933): App\Controllers\Home->contact()
 6 SYSTEMPATH\CodeIgniter.php(507): CodeIgniter\CodeIgniter->runController(Object(App\Controllers\Home))
 7 SYSTEMPATH\CodeIgniter.php(354): CodeIgniter\CodeIgniter->handleRequest(null, Object(Config\Cache), false)
 8 SYSTEMPATH\Boot.php(363): CodeIgniter\CodeIgniter->run()
 9 SYSTEMPATH\Boot.php(68): CodeIgniter\Boot::runCodeIgniter(Object(CodeIgniter\CodeIgniter))
10 FCPATH\index.php(59): CodeIgniter\Boot::bootWeb(Object(Config\Paths))
11 SYSTEMPATH\rewrite.php(44): require_once('C:\\Users\\Administrator\\Documents\\GITHUB\\KAPAL-FE-HTML\\home\\public\\index.php')
DEBUG - 2025-08-12 09:05:28 --> Session: Class initialized using 'CodeIgniter\Session\Handlers\FileHandler' driver.
WARNING - 2025-08-12 09:05:28 --> [DEPRECATED] Creation of dynamic property App\Controllers\Home::$session is deprecated in APPPATH\Controllers\BaseController.php on line 53.
 1 SYSTEMPATH\CodeIgniter.php(904): App\Controllers\BaseController->initController(Object(CodeIgniter\HTTP\IncomingRequest), Object(CodeIgniter\HTTP\Response), Object(CodeIgniter\Log\Logger))
 2 SYSTEMPATH\CodeIgniter.php(498): CodeIgniter\CodeIgniter->createController()
 3 SYSTEMPATH\CodeIgniter.php(354): CodeIgniter\CodeIgniter->handleRequest(null, Object(Config\Cache), false)
 4 SYSTEMPATH\Boot.php(363): CodeIgniter\CodeIgniter->run()
 5 SYSTEMPATH\Boot.php(68): CodeIgniter\Boot::runCodeIgniter(Object(CodeIgniter\CodeIgniter))
 6 FCPATH\index.php(59): CodeIgniter\Boot::bootWeb(Object(Config\Paths))
 7 SYSTEMPATH\rewrite.php(44): require_once('C:\\Users\\Administrator\\Documents\\GITHUB\\KAPAL-FE-HTML\\home\\public\\index.php')
CRITICAL - 2025-08-12 09:05:28 --> CodeIgniter\View\Exceptions\ViewException: Invalid file: "faq.php"
[Method: GET, Route: faq]
in SYSTEMPATH\Exceptions\FrameworkException.php on line 39.
 1 SYSTEMPATH\View\View.php(214): CodeIgniter\Exceptions\FrameworkException::forInvalidFile('faq.php')
 2 SYSTEMPATH\Common.php(1167): CodeIgniter\View\View->render('faq', [], true)
 3 APPPATH\Controllers\BaseController.php(65): view('faq', [...])
 4 APPPATH\Controllers\Home.php(93): App\Controllers\BaseController->render('faq', [...])
 5 SYSTEMPATH\CodeIgniter.php(933): App\Controllers\Home->faq()
 6 SYSTEMPATH\CodeIgniter.php(507): CodeIgniter\CodeIgniter->runController(Object(App\Controllers\Home))
 7 SYSTEMPATH\CodeIgniter.php(354): CodeIgniter\CodeIgniter->handleRequest(null, Object(Config\Cache), false)
 8 SYSTEMPATH\Boot.php(363): CodeIgniter\CodeIgniter->run()
 9 SYSTEMPATH\Boot.php(68): CodeIgniter\Boot::runCodeIgniter(Object(CodeIgniter\CodeIgniter))
10 FCPATH\index.php(59): CodeIgniter\Boot::bootWeb(Object(Config\Paths))
11 SYSTEMPATH\rewrite.php(44): require_once('C:\\Users\\Administrator\\Documents\\GITHUB\\KAPAL-FE-HTML\\home\\public\\index.php')
DEBUG - 2025-08-12 09:05:55 --> Session: Class initialized using 'CodeIgniter\Session\Handlers\FileHandler' driver.
WARNING - 2025-08-12 09:05:55 --> [DEPRECATED] Creation of dynamic property App\Controllers\Faq::$session is deprecated in APPPATH\Controllers\BaseController.php on line 53.
 1 SYSTEMPATH\CodeIgniter.php(904): App\Controllers\BaseController->initController(Object(CodeIgniter\HTTP\IncomingRequest), Object(CodeIgniter\HTTP\Response), Object(CodeIgniter\Log\Logger))
 2 SYSTEMPATH\CodeIgniter.php(498): CodeIgniter\CodeIgniter->createController()
 3 SYSTEMPATH\CodeIgniter.php(354): CodeIgniter\CodeIgniter->handleRequest(null, Object(Config\Cache), false)
 4 SYSTEMPATH\Boot.php(363): CodeIgniter\CodeIgniter->run()
 5 SYSTEMPATH\Boot.php(68): CodeIgniter\Boot::runCodeIgniter(Object(CodeIgniter\CodeIgniter))
 6 FCPATH\index.php(59): CodeIgniter\Boot::bootWeb(Object(Config\Paths))
 7 SYSTEMPATH\rewrite.php(44): require_once('C:\\Users\\Administrator\\Documents\\GITHUB\\KAPAL-FE-HTML\\home\\public\\index.php')
CRITICAL - 2025-08-12 09:05:55 --> Error: Class "App\Models\FaqModel" not found
[Method: GET, Route: faq]
in APPPATH\Controllers\Faq.php on line 9.
 1 SYSTEMPATH\CodeIgniter.php(933): App\Controllers\Faq->index()
 2 SYSTEMPATH\CodeIgniter.php(507): CodeIgniter\CodeIgniter->runController(Object(App\Controllers\Faq))
 3 SYSTEMPATH\CodeIgniter.php(354): CodeIgniter\CodeIgniter->handleRequest(null, Object(Config\Cache), false)
 4 SYSTEMPATH\Boot.php(363): CodeIgniter\CodeIgniter->run()
 5 SYSTEMPATH\Boot.php(68): CodeIgniter\Boot::runCodeIgniter(Object(CodeIgniter\CodeIgniter))
 6 FCPATH\index.php(59): CodeIgniter\Boot::bootWeb(Object(Config\Paths))
 7 SYSTEMPATH\rewrite.php(44): require_once('C:\\Users\\Administrator\\Documents\\GITHUB\\KAPAL-FE-HTML\\home\\public\\index.php')
DEBUG - 2025-08-12 09:05:56 --> Session: Class initialized using 'CodeIgniter\Session\Handlers\FileHandler' driver.
WARNING - 2025-08-12 09:05:56 --> [DEPRECATED] Creation of dynamic property App\Controllers\Faq::$session is deprecated in APPPATH\Controllers\BaseController.php on line 53.
 1 SYSTEMPATH\CodeIgniter.php(904): App\Controllers\BaseController->initController(Object(CodeIgniter\HTTP\IncomingRequest), Object(CodeIgniter\HTTP\Response), Object(CodeIgniter\Log\Logger))
 2 SYSTEMPATH\CodeIgniter.php(498): CodeIgniter\CodeIgniter->createController()
 3 SYSTEMPATH\CodeIgniter.php(354): CodeIgniter\CodeIgniter->handleRequest(null, Object(Config\Cache), false)
 4 SYSTEMPATH\Boot.php(363): CodeIgniter\CodeIgniter->run()
 5 SYSTEMPATH\Boot.php(68): CodeIgniter\Boot::runCodeIgniter(Object(CodeIgniter\CodeIgniter))
 6 FCPATH\index.php(59): CodeIgniter\Boot::bootWeb(Object(Config\Paths))
 7 SYSTEMPATH\rewrite.php(44): require_once('C:\\Users\\Administrator\\Documents\\GITHUB\\KAPAL-FE-HTML\\home\\public\\index.php')
CRITICAL - 2025-08-12 09:05:56 --> Error: Class "App\Models\FaqModel" not found
[Method: GET, Route: faq]
in APPPATH\Controllers\Faq.php on line 9.
 1 SYSTEMPATH\CodeIgniter.php(933): App\Controllers\Faq->index()
 2 SYSTEMPATH\CodeIgniter.php(507): CodeIgniter\CodeIgniter->runController(Object(App\Controllers\Faq))
 3 SYSTEMPATH\CodeIgniter.php(354): CodeIgniter\CodeIgniter->handleRequest(null, Object(Config\Cache), false)
 4 SYSTEMPATH\Boot.php(363): CodeIgniter\CodeIgniter->run()
 5 SYSTEMPATH\Boot.php(68): CodeIgniter\Boot::runCodeIgniter(Object(CodeIgniter\CodeIgniter))
 6 FCPATH\index.php(59): CodeIgniter\Boot::bootWeb(Object(Config\Paths))
 7 SYSTEMPATH\rewrite.php(44): require_once('C:\\Users\\Administrator\\Documents\\GITHUB\\KAPAL-FE-HTML\\home\\public\\index.php')
DEBUG - 2025-08-12 09:08:58 --> Session: Class initialized using 'CodeIgniter\Session\Handlers\FileHandler' driver.
WARNING - 2025-08-12 09:08:58 --> [DEPRECATED] Creation of dynamic property App\Controllers\Faq::$session is deprecated in APPPATH\Controllers\BaseController.php on line 53.
 1 SYSTEMPATH\CodeIgniter.php(904): App\Controllers\BaseController->initController(Object(CodeIgniter\HTTP\IncomingRequest), Object(CodeIgniter\HTTP\Response), Object(CodeIgniter\Log\Logger))
 2 SYSTEMPATH\CodeIgniter.php(498): CodeIgniter\CodeIgniter->createController()
 3 SYSTEMPATH\CodeIgniter.php(354): CodeIgniter\CodeIgniter->handleRequest(null, Object(Config\Cache), false)
 4 SYSTEMPATH\Boot.php(363): CodeIgniter\CodeIgniter->run()
 5 SYSTEMPATH\Boot.php(68): CodeIgniter\Boot::runCodeIgniter(Object(CodeIgniter\CodeIgniter))
 6 FCPATH\index.php(59): CodeIgniter\Boot::bootWeb(Object(Config\Paths))
 7 SYSTEMPATH\rewrite.php(44): require_once('C:\\Users\\Administrator\\Documents\\GITHUB\\KAPAL-FE-HTML\\home\\public\\index.php')
DEBUG - 2025-08-12 09:09:11 --> Session: Class initialized using 'CodeIgniter\Session\Handlers\FileHandler' driver.
WARNING - 2025-08-12 09:09:11 --> [DEPRECATED] Creation of dynamic property App\Controllers\Contact::$session is deprecated in APPPATH\Controllers\BaseController.php on line 53.
 1 SYSTEMPATH\CodeIgniter.php(904): App\Controllers\BaseController->initController(Object(CodeIgniter\HTTP\IncomingRequest), Object(CodeIgniter\HTTP\Response), Object(CodeIgniter\Log\Logger))
 2 SYSTEMPATH\CodeIgniter.php(498): CodeIgniter\CodeIgniter->createController()
 3 SYSTEMPATH\CodeIgniter.php(354): CodeIgniter\CodeIgniter->handleRequest(null, Object(Config\Cache), false)
 4 SYSTEMPATH\Boot.php(363): CodeIgniter\CodeIgniter->run()
 5 SYSTEMPATH\Boot.php(68): CodeIgniter\Boot::runCodeIgniter(Object(CodeIgniter\CodeIgniter))
 6 FCPATH\index.php(59): CodeIgniter\Boot::bootWeb(Object(Config\Paths))
 7 SYSTEMPATH\rewrite.php(44): require_once('C:\\Users\\Administrator\\Documents\\GITHUB\\KAPAL-FE-HTML\\home\\public\\index.php')
DEBUG - 2025-08-12 09:09:16 --> Session: Class initialized using 'CodeIgniter\Session\Handlers\FileHandler' driver.
WARNING - 2025-08-12 09:09:16 --> [DEPRECATED] Creation of dynamic property App\Controllers\Home::$session is deprecated in APPPATH\Controllers\BaseController.php on line 53.
 1 SYSTEMPATH\CodeIgniter.php(904): App\Controllers\BaseController->initController(Object(CodeIgniter\HTTP\IncomingRequest), Object(CodeIgniter\HTTP\Response), Object(CodeIgniter\Log\Logger))
 2 SYSTEMPATH\CodeIgniter.php(498): CodeIgniter\CodeIgniter->createController()
 3 SYSTEMPATH\CodeIgniter.php(354): CodeIgniter\CodeIgniter->handleRequest(null, Object(Config\Cache), false)
 4 SYSTEMPATH\Boot.php(363): CodeIgniter\CodeIgniter->run()
 5 SYSTEMPATH\Boot.php(68): CodeIgniter\Boot::runCodeIgniter(Object(CodeIgniter\CodeIgniter))
 6 FCPATH\index.php(59): CodeIgniter\Boot::bootWeb(Object(Config\Paths))
 7 SYSTEMPATH\rewrite.php(44): require_once('C:\\Users\\Administrator\\Documents\\GITHUB\\KAPAL-FE-HTML\\home\\public\\index.php')
CRITICAL - 2025-08-12 09:09:16 --> CodeIgniter\View\Exceptions\ViewException: Invalid file: "about.php"
[Method: GET, Route: about]
in SYSTEMPATH\Exceptions\FrameworkException.php on line 39.
 1 SYSTEMPATH\View\View.php(214): CodeIgniter\Exceptions\FrameworkException::forInvalidFile('about.php')
 2 SYSTEMPATH\Common.php(1167): CodeIgniter\View\View->render('about', [], true)
 3 APPPATH\Controllers\BaseController.php(65): view('about', [...])
 4 APPPATH\Controllers\Home.php(39): App\Controllers\BaseController->render('about', [...])
 5 SYSTEMPATH\CodeIgniter.php(933): App\Controllers\Home->about()
 6 SYSTEMPATH\CodeIgniter.php(507): CodeIgniter\CodeIgniter->runController(Object(App\Controllers\Home))
 7 SYSTEMPATH\CodeIgniter.php(354): CodeIgniter\CodeIgniter->handleRequest(null, Object(Config\Cache), false)
 8 SYSTEMPATH\Boot.php(363): CodeIgniter\CodeIgniter->run()
 9 SYSTEMPATH\Boot.php(68): CodeIgniter\Boot::runCodeIgniter(Object(CodeIgniter\CodeIgniter))
10 FCPATH\index.php(59): CodeIgniter\Boot::bootWeb(Object(Config\Paths))
11 SYSTEMPATH\rewrite.php(44): require_once('C:\\Users\\Administrator\\Documents\\GITHUB\\KAPAL-FE-HTML\\home\\public\\index.php')
DEBUG - 2025-08-12 09:09:20 --> Session: Class initialized using 'CodeIgniter\Session\Handlers\FileHandler' driver.
WARNING - 2025-08-12 09:09:20 --> [DEPRECATED] Creation of dynamic property App\Controllers\Contact::$session is deprecated in APPPATH\Controllers\BaseController.php on line 53.
 1 SYSTEMPATH\CodeIgniter.php(904): App\Controllers\BaseController->initController(Object(CodeIgniter\HTTP\IncomingRequest), Object(CodeIgniter\HTTP\Response), Object(CodeIgniter\Log\Logger))
 2 SYSTEMPATH\CodeIgniter.php(498): CodeIgniter\CodeIgniter->createController()
 3 SYSTEMPATH\CodeIgniter.php(354): CodeIgniter\CodeIgniter->handleRequest(null, Object(Config\Cache), false)
 4 SYSTEMPATH\Boot.php(363): CodeIgniter\CodeIgniter->run()
 5 SYSTEMPATH\Boot.php(68): CodeIgniter\Boot::runCodeIgniter(Object(CodeIgniter\CodeIgniter))
 6 FCPATH\index.php(59): CodeIgniter\Boot::bootWeb(Object(Config\Paths))
 7 SYSTEMPATH\rewrite.php(44): require_once('C:\\Users\\Administrator\\Documents\\GITHUB\\KAPAL-FE-HTML\\home\\public\\index.php')
DEBUG - 2025-08-12 09:09:28 --> Session: Class initialized using 'CodeIgniter\Session\Handlers\FileHandler' driver.
WARNING - 2025-08-12 09:09:28 --> [DEPRECATED] Creation of dynamic property App\Controllers\Home::$session is deprecated in APPPATH\Controllers\BaseController.php on line 53.
 1 SYSTEMPATH\CodeIgniter.php(904): App\Controllers\BaseController->initController(Object(CodeIgniter\HTTP\IncomingRequest), Object(CodeIgniter\HTTP\Response), Object(CodeIgniter\Log\Logger))
 2 SYSTEMPATH\CodeIgniter.php(498): CodeIgniter\CodeIgniter->createController()
 3 SYSTEMPATH\CodeIgniter.php(354): CodeIgniter\CodeIgniter->handleRequest(null, Object(Config\Cache), false)
 4 SYSTEMPATH\Boot.php(363): CodeIgniter\CodeIgniter->run()
 5 SYSTEMPATH\Boot.php(68): CodeIgniter\Boot::runCodeIgniter(Object(CodeIgniter\CodeIgniter))
 6 FCPATH\index.php(59): CodeIgniter\Boot::bootWeb(Object(Config\Paths))
 7 SYSTEMPATH\rewrite.php(44): require_once('C:\\Users\\Administrator\\Documents\\GITHUB\\KAPAL-FE-HTML\\home\\public\\index.php')
DEBUG - 2025-08-12 09:09:33 --> Session: Class initialized using 'CodeIgniter\Session\Handlers\FileHandler' driver.
WARNING - 2025-08-12 09:09:33 --> [DEPRECATED] Creation of dynamic property App\Controllers\Tour::$session is deprecated in APPPATH\Controllers\BaseController.php on line 53.
 1 SYSTEMPATH\CodeIgniter.php(904): App\Controllers\BaseController->initController(Object(CodeIgniter\HTTP\IncomingRequest), Object(CodeIgniter\HTTP\Response), Object(CodeIgniter\Log\Logger))
 2 SYSTEMPATH\CodeIgniter.php(498): CodeIgniter\CodeIgniter->createController()
 3 SYSTEMPATH\CodeIgniter.php(354): CodeIgniter\CodeIgniter->handleRequest(null, Object(Config\Cache), false)
 4 SYSTEMPATH\Boot.php(363): CodeIgniter\CodeIgniter->run()
 5 SYSTEMPATH\Boot.php(68): CodeIgniter\Boot::runCodeIgniter(Object(CodeIgniter\CodeIgniter))
 6 FCPATH\index.php(59): CodeIgniter\Boot::bootWeb(Object(Config\Paths))
 7 SYSTEMPATH\rewrite.php(44): require_once('C:\\Users\\Administrator\\Documents\\GITHUB\\KAPAL-FE-HTML\\home\\public\\index.php')
ERROR - 2025-08-12 09:09:33 --> mysqli_sql_exception: Unknown column 'slug' in 'WHERE' in C:\Users\Administrator\Documents\GITHUB\KAPAL-FE-HTML\home\vendor\codeigniter4\framework\system\Database\MySQLi\Connection.php:327
Stack trace:
#0 C:\Users\Administrator\Documents\GITHUB\KAPAL-FE-HTML\home\vendor\codeigniter4\framework\system\Database\MySQLi\Connection.php(327): mysqli->query('SELECT *\nFROM `...', 0)
#1 C:\Users\Administrator\Documents\GITHUB\KAPAL-FE-HTML\home\vendor\codeigniter4\framework\system\Database\BaseConnection.php(729): CodeIgniter\Database\MySQLi\Connection->execute('SELECT *\nFROM `...')
#2 C:\Users\Administrator\Documents\GITHUB\KAPAL-FE-HTML\home\vendor\codeigniter4\framework\system\Database\BaseConnection.php(646): CodeIgniter\Database\BaseConnection->simpleQuery('SELECT *\nFROM `...')
#3 C:\Users\Administrator\Documents\GITHUB\KAPAL-FE-HTML\home\vendor\codeigniter4\framework\system\Database\BaseBuilder.php(1649): CodeIgniter\Database\BaseConnection->query('SELECT *\nFROM `...', Array, false)
#4 C:\Users\Administrator\Documents\GITHUB\KAPAL-FE-HTML\home\vendor\codeigniter4\framework\system\Model.php(330): CodeIgniter\Database\BaseBuilder->get()
#5 C:\Users\Administrator\Documents\GITHUB\KAPAL-FE-HTML\home\vendor\codeigniter4\framework\system\BaseModel.php(715): CodeIgniter\Model->doFirst()
#6 C:\Users\Administrator\Documents\GITHUB\KAPAL-FE-HTML\home\app\Controllers\Tour.php(16): CodeIgniter\BaseModel->first()
#7 C:\Users\Administrator\Documents\GITHUB\KAPAL-FE-HTML\home\app\Controllers\Tour.php(32): App\Controllers\Tour->index('waigeo')
#8 C:\Users\Administrator\Documents\GITHUB\KAPAL-FE-HTML\home\vendor\codeigniter4\framework\system\CodeIgniter.php(933): App\Controllers\Tour->waigeo()
#9 C:\Users\Administrator\Documents\GITHUB\KAPAL-FE-HTML\home\vendor\codeigniter4\framework\system\CodeIgniter.php(507): CodeIgniter\CodeIgniter->runController(Object(App\Controllers\Tour))
#10 C:\Users\Administrator\Documents\GITHUB\KAPAL-FE-HTML\home\vendor\codeigniter4\framework\system\CodeIgniter.php(354): CodeIgniter\CodeIgniter->handleRequest(NULL, Object(Config\Cache), false)
#11 C:\Users\Administrator\Documents\GITHUB\KAPAL-FE-HTML\home\vendor\codeigniter4\framework\system\Boot.php(363): CodeIgniter\CodeIgniter->run()
#12 C:\Users\Administrator\Documents\GITHUB\KAPAL-FE-HTML\home\vendor\codeigniter4\framework\system\Boot.php(68): CodeIgniter\Boot::runCodeIgniter(Object(CodeIgniter\CodeIgniter))
#13 C:\Users\Administrator\Documents\GITHUB\KAPAL-FE-HTML\home\public\index.php(59): CodeIgniter\Boot::bootWeb(Object(Config\Paths))
#14 C:\Users\Administrator\Documents\GITHUB\KAPAL-FE-HTML\home\vendor\codeigniter4\framework\system\rewrite.php(44): require_once('C:\\Users\\Admini...')
#15 {main}
CRITICAL - 2025-08-12 09:09:33 --> CodeIgniter\Database\Exceptions\DatabaseException: Unknown column 'slug' in 'WHERE'
[Method: GET, Route: tour/waigeo]
in SYSTEMPATH\Database\BaseConnection.php on line 684.
 1 SYSTEMPATH\Database\BaseBuilder.php(1649): CodeIgniter\Database\BaseConnection->query('SELECT *
FROM `islands`
WHERE `slug` = :slug:
 LIMIT 1', [...], false)
 2 SYSTEMPATH\Model.php(330): CodeIgniter\Database\BaseBuilder->get()
 3 SYSTEMPATH\BaseModel.php(715): CodeIgniter\Model->doFirst()
 4 APPPATH\Controllers\Tour.php(16): CodeIgniter\BaseModel->first()
 5 APPPATH\Controllers\Tour.php(32): App\Controllers\Tour->index('waigeo')
 6 SYSTEMPATH\CodeIgniter.php(933): App\Controllers\Tour->waigeo()
 7 SYSTEMPATH\CodeIgniter.php(507): CodeIgniter\CodeIgniter->runController(Object(App\Controllers\Tour))
 8 SYSTEMPATH\CodeIgniter.php(354): CodeIgniter\CodeIgniter->handleRequest(null, Object(Config\Cache), false)
 9 SYSTEMPATH\Boot.php(363): CodeIgniter\CodeIgniter->run()
10 SYSTEMPATH\Boot.php(68): CodeIgniter\Boot::runCodeIgniter(Object(CodeIgniter\CodeIgniter))
11 FCPATH\index.php(59): CodeIgniter\Boot::bootWeb(Object(Config\Paths))
12 SYSTEMPATH\rewrite.php(44): require_once('C:\\Users\\Administrator\\Documents\\GITHUB\\KAPAL-FE-HTML\\home\\public\\index.php')
CRITICAL - 2025-08-12 09:09:33 --> [Caused by] CodeIgniter\Database\Exceptions\DatabaseException: Unknown column 'slug' in 'WHERE'
in SYSTEMPATH\Database\MySQLi\Connection.php on line 332.
 1 SYSTEMPATH\Database\BaseConnection.php(729): CodeIgniter\Database\MySQLi\Connection->execute('SELECT *
FROM `islands`
WHERE `slug` = \'waigeo\'
 LIMIT 1')
 2 SYSTEMPATH\Database\BaseConnection.php(646): CodeIgniter\Database\BaseConnection->simpleQuery('SELECT *
FROM `islands`
WHERE `slug` = \'waigeo\'
 LIMIT 1')
 3 SYSTEMPATH\Database\BaseBuilder.php(1649): CodeIgniter\Database\BaseConnection->query('SELECT *
FROM `islands`
WHERE `slug` = :slug:
 LIMIT 1', [...], false)
 4 SYSTEMPATH\Model.php(330): CodeIgniter\Database\BaseBuilder->get()
 5 SYSTEMPATH\BaseModel.php(715): CodeIgniter\Model->doFirst()
 6 APPPATH\Controllers\Tour.php(16): CodeIgniter\BaseModel->first()
 7 APPPATH\Controllers\Tour.php(32): App\Controllers\Tour->index('waigeo')
 8 SYSTEMPATH\CodeIgniter.php(933): App\Controllers\Tour->waigeo()
 9 SYSTEMPATH\CodeIgniter.php(507): CodeIgniter\CodeIgniter->runController(Object(App\Controllers\Tour))
10 SYSTEMPATH\CodeIgniter.php(354): CodeIgniter\CodeIgniter->handleRequest(null, Object(Config\Cache), false)
11 SYSTEMPATH\Boot.php(363): CodeIgniter\CodeIgniter->run()
12 SYSTEMPATH\Boot.php(68): CodeIgniter\Boot::runCodeIgniter(Object(CodeIgniter\CodeIgniter))
13 FCPATH\index.php(59): CodeIgniter\Boot::bootWeb(Object(Config\Paths))
14 SYSTEMPATH\rewrite.php(44): require_once('C:\\Users\\Administrator\\Documents\\GITHUB\\KAPAL-FE-HTML\\home\\public\\index.php')
CRITICAL - 2025-08-12 09:09:33 --> [Caused by] mysqli_sql_exception: Unknown column 'slug' in 'WHERE'
in SYSTEMPATH\Database\MySQLi\Connection.php on line 327.
 1 SYSTEMPATH\Database\MySQLi\Connection.php(327): mysqli->query('SELECT *
FROM `islands`
WHERE `slug` = \'waigeo\'
 LIMIT 1', 0)
 2 SYSTEMPATH\Database\BaseConnection.php(729): CodeIgniter\Database\MySQLi\Connection->execute('SELECT *
FROM `islands`
WHERE `slug` = \'waigeo\'
 LIMIT 1')
 3 SYSTEMPATH\Database\BaseConnection.php(646): CodeIgniter\Database\BaseConnection->simpleQuery('SELECT *
FROM `islands`
WHERE `slug` = \'waigeo\'
 LIMIT 1')
 4 SYSTEMPATH\Database\BaseBuilder.php(1649): CodeIgniter\Database\BaseConnection->query('SELECT *
FROM `islands`
WHERE `slug` = :slug:
 LIMIT 1', [...], false)
 5 SYSTEMPATH\Model.php(330): CodeIgniter\Database\BaseBuilder->get()
 6 SYSTEMPATH\BaseModel.php(715): CodeIgniter\Model->doFirst()
 7 APPPATH\Controllers\Tour.php(16): CodeIgniter\BaseModel->first()
 8 APPPATH\Controllers\Tour.php(32): App\Controllers\Tour->index('waigeo')
 9 SYSTEMPATH\CodeIgniter.php(933): App\Controllers\Tour->waigeo()
10 SYSTEMPATH\CodeIgniter.php(507): CodeIgniter\CodeIgniter->runController(Object(App\Controllers\Tour))
11 SYSTEMPATH\CodeIgniter.php(354): CodeIgniter\CodeIgniter->handleRequest(null, Object(Config\Cache), false)
12 SYSTEMPATH\Boot.php(363): CodeIgniter\CodeIgniter->run()
13 SYSTEMPATH\Boot.php(68): CodeIgniter\Boot::runCodeIgniter(Object(CodeIgniter\CodeIgniter))
14 FCPATH\index.php(59): CodeIgniter\Boot::bootWeb(Object(Config\Paths))
15 SYSTEMPATH\rewrite.php(44): require_once('C:\\Users\\Administrator\\Documents\\GITHUB\\KAPAL-FE-HTML\\home\\public\\index.php')
DEBUG - 2025-08-12 09:19:13 --> Session: Class initialized using 'CodeIgniter\Session\Handlers\FileHandler' driver.
WARNING - 2025-08-12 09:19:13 --> [DEPRECATED] Creation of dynamic property App\Controllers\Home::$session is deprecated in APPPATH\Controllers\BaseController.php on line 53.
 1 SYSTEMPATH\CodeIgniter.php(904): App\Controllers\BaseController->initController(Object(CodeIgniter\HTTP\IncomingRequest), Object(CodeIgniter\HTTP\Response), Object(CodeIgniter\Log\Logger))
 2 SYSTEMPATH\CodeIgniter.php(498): CodeIgniter\CodeIgniter->createController()
 3 SYSTEMPATH\CodeIgniter.php(354): CodeIgniter\CodeIgniter->handleRequest(null, Object(Config\Cache), false)
 4 SYSTEMPATH\Boot.php(363): CodeIgniter\CodeIgniter->run()
 5 SYSTEMPATH\Boot.php(68): CodeIgniter\Boot::runCodeIgniter(Object(CodeIgniter\CodeIgniter))
 6 FCPATH\index.php(59): CodeIgniter\Boot::bootWeb(Object(Config\Paths))
 7 SYSTEMPATH\rewrite.php(44): require_once('C:\\Users\\Administrator\\Documents\\GITHUB\\KAPAL-FE-HTML\\home\\public\\index.php')
DEBUG - 2025-08-12 09:19:50 --> Session: Class initialized using 'CodeIgniter\Session\Handlers\FileHandler' driver.
WARNING - 2025-08-12 09:19:50 --> [DEPRECATED] Creation of dynamic property App\Controllers\Auth::$session is deprecated in APPPATH\Controllers\BaseController.php on line 53.
 1 SYSTEMPATH\CodeIgniter.php(904): App\Controllers\BaseController->initController(Object(CodeIgniter\HTTP\IncomingRequest), Object(CodeIgniter\HTTP\Response), Object(CodeIgniter\Log\Logger))
 2 SYSTEMPATH\CodeIgniter.php(498): CodeIgniter\CodeIgniter->createController()
 3 SYSTEMPATH\CodeIgniter.php(354): CodeIgniter\CodeIgniter->handleRequest(null, Object(Config\Cache), false)
 4 SYSTEMPATH\Boot.php(363): CodeIgniter\CodeIgniter->run()
 5 SYSTEMPATH\Boot.php(68): CodeIgniter\Boot::runCodeIgniter(Object(CodeIgniter\CodeIgniter))
 6 FCPATH\index.php(59): CodeIgniter\Boot::bootWeb(Object(Config\Paths))
 7 SYSTEMPATH\rewrite.php(44): require_once('C:\\Users\\Administrator\\Documents\\GITHUB\\KAPAL-FE-HTML\\home\\public\\index.php')
DEBUG - 2025-08-12 09:19:53 --> Session: Class initialized using 'CodeIgniter\Session\Handlers\FileHandler' driver.
WARNING - 2025-08-12 09:19:53 --> [DEPRECATED] Creation of dynamic property App\Controllers\Auth::$session is deprecated in APPPATH\Controllers\BaseController.php on line 53.
 1 SYSTEMPATH\CodeIgniter.php(904): App\Controllers\BaseController->initController(Object(CodeIgniter\HTTP\IncomingRequest), Object(CodeIgniter\HTTP\Response), Object(CodeIgniter\Log\Logger))
 2 SYSTEMPATH\CodeIgniter.php(498): CodeIgniter\CodeIgniter->createController()
 3 SYSTEMPATH\CodeIgniter.php(354): CodeIgniter\CodeIgniter->handleRequest(null, Object(Config\Cache), false)
 4 SYSTEMPATH\Boot.php(363): CodeIgniter\CodeIgniter->run()
 5 SYSTEMPATH\Boot.php(68): CodeIgniter\Boot::runCodeIgniter(Object(CodeIgniter\CodeIgniter))
 6 FCPATH\index.php(59): CodeIgniter\Boot::bootWeb(Object(Config\Paths))
 7 SYSTEMPATH\rewrite.php(44): require_once('C:\\Users\\Administrator\\Documents\\GITHUB\\KAPAL-FE-HTML\\home\\public\\index.php')
DEBUG - 2025-08-12 09:20:03 --> Session: Class initialized using 'CodeIgniter\Session\Handlers\FileHandler' driver.
WARNING - 2025-08-12 09:20:03 --> [DEPRECATED] Creation of dynamic property App\Controllers\Auth::$session is deprecated in APPPATH\Controllers\BaseController.php on line 53.
 1 SYSTEMPATH\CodeIgniter.php(904): App\Controllers\BaseController->initController(Object(CodeIgniter\HTTP\IncomingRequest), Object(CodeIgniter\HTTP\Response), Object(CodeIgniter\Log\Logger))
 2 SYSTEMPATH\CodeIgniter.php(498): CodeIgniter\CodeIgniter->createController()
 3 SYSTEMPATH\CodeIgniter.php(354): CodeIgniter\CodeIgniter->handleRequest(null, Object(Config\Cache), false)
 4 SYSTEMPATH\Boot.php(363): CodeIgniter\CodeIgniter->run()
 5 SYSTEMPATH\Boot.php(68): CodeIgniter\Boot::runCodeIgniter(Object(CodeIgniter\CodeIgniter))
 6 FCPATH\index.php(59): CodeIgniter\Boot::bootWeb(Object(Config\Paths))
 7 SYSTEMPATH\rewrite.php(44): require_once('C:\\Users\\Administrator\\Documents\\GITHUB\\KAPAL-FE-HTML\\home\\public\\index.php')
DEBUG - 2025-08-12 09:20:03 --> Session: Class initialized using 'CodeIgniter\Session\Handlers\FileHandler' driver.
WARNING - 2025-08-12 09:20:03 --> [DEPRECATED] Creation of dynamic property App\Controllers\Auth::$session is deprecated in APPPATH\Controllers\BaseController.php on line 53.
 1 SYSTEMPATH\CodeIgniter.php(904): App\Controllers\BaseController->initController(Object(CodeIgniter\HTTP\IncomingRequest), Object(CodeIgniter\HTTP\Response), Object(CodeIgniter\Log\Logger))
 2 SYSTEMPATH\CodeIgniter.php(498): CodeIgniter\CodeIgniter->createController()
 3 SYSTEMPATH\CodeIgniter.php(354): CodeIgniter\CodeIgniter->handleRequest(null, Object(Config\Cache), false)
 4 SYSTEMPATH\Boot.php(363): CodeIgniter\CodeIgniter->run()
 5 SYSTEMPATH\Boot.php(68): CodeIgniter\Boot::runCodeIgniter(Object(CodeIgniter\CodeIgniter))
 6 FCPATH\index.php(59): CodeIgniter\Boot::bootWeb(Object(Config\Paths))
 7 SYSTEMPATH\rewrite.php(44): require_once('C:\\Users\\Administrator\\Documents\\GITHUB\\KAPAL-FE-HTML\\home\\public\\index.php')
DEBUG - 2025-08-12 09:20:21 --> Session: Class initialized using 'CodeIgniter\Session\Handlers\FileHandler' driver.
WARNING - 2025-08-12 09:20:21 --> [DEPRECATED] Creation of dynamic property App\Controllers\Auth::$session is deprecated in APPPATH\Controllers\BaseController.php on line 53.
 1 SYSTEMPATH\CodeIgniter.php(904): App\Controllers\BaseController->initController(Object(CodeIgniter\HTTP\IncomingRequest), Object(CodeIgniter\HTTP\Response), Object(CodeIgniter\Log\Logger))
 2 SYSTEMPATH\CodeIgniter.php(498): CodeIgniter\CodeIgniter->createController()
 3 SYSTEMPATH\CodeIgniter.php(354): CodeIgniter\CodeIgniter->handleRequest(null, Object(Config\Cache), false)
 4 SYSTEMPATH\Boot.php(363): CodeIgniter\CodeIgniter->run()
 5 SYSTEMPATH\Boot.php(68): CodeIgniter\Boot::runCodeIgniter(Object(CodeIgniter\CodeIgniter))
 6 FCPATH\index.php(59): CodeIgniter\Boot::bootWeb(Object(Config\Paths))
 7 SYSTEMPATH\rewrite.php(44): require_once('C:\\Users\\Administrator\\Documents\\GITHUB\\KAPAL-FE-HTML\\home\\public\\index.php')
CRITICAL - 2025-08-12 09:20:21 --> Error: Class "App\Models\UserModel" not found
[Method: POST, Route: auth/register]
in APPPATH\Controllers\Auth.php on line 83.
 1 SYSTEMPATH\CodeIgniter.php(933): App\Controllers\Auth->attemptRegister()
 2 SYSTEMPATH\CodeIgniter.php(507): CodeIgniter\CodeIgniter->runController(Object(App\Controllers\Auth))
 3 SYSTEMPATH\CodeIgniter.php(354): CodeIgniter\CodeIgniter->handleRequest(null, Object(Config\Cache), false)
 4 SYSTEMPATH\Boot.php(363): CodeIgniter\CodeIgniter->run()
 5 SYSTEMPATH\Boot.php(68): CodeIgniter\Boot::runCodeIgniter(Object(CodeIgniter\CodeIgniter))
 6 FCPATH\index.php(59): CodeIgniter\Boot::bootWeb(Object(Config\Paths))
 7 SYSTEMPATH\rewrite.php(44): require_once('C:\\Users\\Administrator\\Documents\\GITHUB\\KAPAL-FE-HTML\\home\\public\\index.php')
DEBUG - 2025-08-12 09:21:11 --> Session: Class initialized using 'CodeIgniter\Session\Handlers\FileHandler' driver.
WARNING - 2025-08-12 09:21:11 --> [DEPRECATED] Creation of dynamic property App\Controllers\Auth::$session is deprecated in APPPATH\Controllers\BaseController.php on line 53.
 1 SYSTEMPATH\CodeIgniter.php(904): App\Controllers\BaseController->initController(Object(CodeIgniter\HTTP\IncomingRequest), Object(CodeIgniter\HTTP\Response), Object(CodeIgniter\Log\Logger))
 2 SYSTEMPATH\CodeIgniter.php(498): CodeIgniter\CodeIgniter->createController()
 3 SYSTEMPATH\CodeIgniter.php(354): CodeIgniter\CodeIgniter->handleRequest(null, Object(Config\Cache), false)
 4 SYSTEMPATH\Boot.php(363): CodeIgniter\CodeIgniter->run()
 5 SYSTEMPATH\Boot.php(68): CodeIgniter\Boot::runCodeIgniter(Object(CodeIgniter\CodeIgniter))
 6 FCPATH\index.php(59): CodeIgniter\Boot::bootWeb(Object(Config\Paths))
 7 SYSTEMPATH\rewrite.php(44): require_once('C:\\Users\\Administrator\\Documents\\GITHUB\\KAPAL-FE-HTML\\home\\public\\index.php')
DEBUG - 2025-08-12 09:21:12 --> Session: Class initialized using 'CodeIgniter\Session\Handlers\FileHandler' driver.
WARNING - 2025-08-12 09:21:12 --> [DEPRECATED] Creation of dynamic property App\Controllers\Home::$session is deprecated in APPPATH\Controllers\BaseController.php on line 53.
 1 SYSTEMPATH\CodeIgniter.php(904): App\Controllers\BaseController->initController(Object(CodeIgniter\HTTP\IncomingRequest), Object(CodeIgniter\HTTP\Response), Object(CodeIgniter\Log\Logger))
 2 SYSTEMPATH\CodeIgniter.php(498): CodeIgniter\CodeIgniter->createController()
 3 SYSTEMPATH\CodeIgniter.php(354): CodeIgniter\CodeIgniter->handleRequest(null, Object(Config\Cache), false)
 4 SYSTEMPATH\Boot.php(363): CodeIgniter\CodeIgniter->run()
 5 SYSTEMPATH\Boot.php(68): CodeIgniter\Boot::runCodeIgniter(Object(CodeIgniter\CodeIgniter))
 6 FCPATH\index.php(59): CodeIgniter\Boot::bootWeb(Object(Config\Paths))
 7 SYSTEMPATH\rewrite.php(44): require_once('C:\\Users\\Administrator\\Documents\\GITHUB\\KAPAL-FE-HTML\\home\\public\\index.php')
DEBUG - 2025-08-12 09:21:14 --> Session: Class initialized using 'CodeIgniter\Session\Handlers\FileHandler' driver.
WARNING - 2025-08-12 09:21:14 --> [DEPRECATED] Creation of dynamic property App\Controllers\Auth::$session is deprecated in APPPATH\Controllers\BaseController.php on line 53.
 1 SYSTEMPATH\CodeIgniter.php(904): App\Controllers\BaseController->initController(Object(CodeIgniter\HTTP\IncomingRequest), Object(CodeIgniter\HTTP\Response), Object(CodeIgniter\Log\Logger))
 2 SYSTEMPATH\CodeIgniter.php(498): CodeIgniter\CodeIgniter->createController()
 3 SYSTEMPATH\CodeIgniter.php(354): CodeIgniter\CodeIgniter->handleRequest(null, Object(Config\Cache), false)
 4 SYSTEMPATH\Boot.php(363): CodeIgniter\CodeIgniter->run()
 5 SYSTEMPATH\Boot.php(68): CodeIgniter\Boot::runCodeIgniter(Object(CodeIgniter\CodeIgniter))
 6 FCPATH\index.php(59): CodeIgniter\Boot::bootWeb(Object(Config\Paths))
 7 SYSTEMPATH\rewrite.php(44): require_once('C:\\Users\\Administrator\\Documents\\GITHUB\\KAPAL-FE-HTML\\home\\public\\index.php')
DEBUG - 2025-08-12 09:21:24 --> Session: Class initialized using 'CodeIgniter\Session\Handlers\FileHandler' driver.
WARNING - 2025-08-12 09:21:24 --> [DEPRECATED] Creation of dynamic property App\Controllers\Home::$session is deprecated in APPPATH\Controllers\BaseController.php on line 53.
 1 SYSTEMPATH\CodeIgniter.php(904): App\Controllers\BaseController->initController(Object(CodeIgniter\HTTP\IncomingRequest), Object(CodeIgniter\HTTP\Response), Object(CodeIgniter\Log\Logger))
 2 SYSTEMPATH\CodeIgniter.php(498): CodeIgniter\CodeIgniter->createController()
 3 SYSTEMPATH\CodeIgniter.php(354): CodeIgniter\CodeIgniter->handleRequest(null, Object(Config\Cache), false)
 4 SYSTEMPATH\Boot.php(363): CodeIgniter\CodeIgniter->run()
 5 SYSTEMPATH\Boot.php(68): CodeIgniter\Boot::runCodeIgniter(Object(CodeIgniter\CodeIgniter))
 6 FCPATH\index.php(59): CodeIgniter\Boot::bootWeb(Object(Config\Paths))
 7 SYSTEMPATH\rewrite.php(44): require_once('C:\\Users\\Administrator\\Documents\\GITHUB\\KAPAL-FE-HTML\\home\\public\\index.php')
DEBUG - 2025-08-12 09:21:26 --> Session: Class initialized using 'CodeIgniter\Session\Handlers\FileHandler' driver.
WARNING - 2025-08-12 09:21:26 --> [DEPRECATED] Creation of dynamic property App\Controllers\Auth::$session is deprecated in APPPATH\Controllers\BaseController.php on line 53.
 1 SYSTEMPATH\CodeIgniter.php(904): App\Controllers\BaseController->initController(Object(CodeIgniter\HTTP\IncomingRequest), Object(CodeIgniter\HTTP\Response), Object(CodeIgniter\Log\Logger))
 2 SYSTEMPATH\CodeIgniter.php(498): CodeIgniter\CodeIgniter->createController()
 3 SYSTEMPATH\CodeIgniter.php(354): CodeIgniter\CodeIgniter->handleRequest(null, Object(Config\Cache), false)
 4 SYSTEMPATH\Boot.php(363): CodeIgniter\CodeIgniter->run()
 5 SYSTEMPATH\Boot.php(68): CodeIgniter\Boot::runCodeIgniter(Object(CodeIgniter\CodeIgniter))
 6 FCPATH\index.php(59): CodeIgniter\Boot::bootWeb(Object(Config\Paths))
 7 SYSTEMPATH\rewrite.php(44): require_once('C:\\Users\\Administrator\\Documents\\GITHUB\\KAPAL-FE-HTML\\home\\public\\index.php')
DEBUG - 2025-08-12 09:21:34 --> Session: Class initialized using 'CodeIgniter\Session\Handlers\FileHandler' driver.
WARNING - 2025-08-12 09:21:34 --> [DEPRECATED] Creation of dynamic property App\Controllers\Home::$session is deprecated in APPPATH\Controllers\BaseController.php on line 53.
 1 SYSTEMPATH\CodeIgniter.php(904): App\Controllers\BaseController->initController(Object(CodeIgniter\HTTP\IncomingRequest), Object(CodeIgniter\HTTP\Response), Object(CodeIgniter\Log\Logger))
 2 SYSTEMPATH\CodeIgniter.php(498): CodeIgniter\CodeIgniter->createController()
 3 SYSTEMPATH\CodeIgniter.php(354): CodeIgniter\CodeIgniter->handleRequest(null, Object(Config\Cache), false)
 4 SYSTEMPATH\Boot.php(363): CodeIgniter\CodeIgniter->run()
 5 SYSTEMPATH\Boot.php(68): CodeIgniter\Boot::runCodeIgniter(Object(CodeIgniter\CodeIgniter))
 6 FCPATH\index.php(59): CodeIgniter\Boot::bootWeb(Object(Config\Paths))
 7 SYSTEMPATH\rewrite.php(44): require_once('C:\\Users\\Administrator\\Documents\\GITHUB\\KAPAL-FE-HTML\\home\\public\\index.php')
CRITICAL - 2025-08-12 09:21:34 --> CodeIgniter\View\Exceptions\ViewException: Invalid file: "blog.php"
[Method: GET, Route: blog]
in SYSTEMPATH\Exceptions\FrameworkException.php on line 39.
 1 SYSTEMPATH\View\View.php(214): CodeIgniter\Exceptions\FrameworkException::forInvalidFile('blog.php')
 2 SYSTEMPATH\Common.php(1167): CodeIgniter\View\View->render('blog', [], true)
 3 APPPATH\Controllers\BaseController.php(65): view('blog', [...])
 4 APPPATH\Controllers\Home.php(49): App\Controllers\BaseController->render('blog', [...])
 5 SYSTEMPATH\CodeIgniter.php(933): App\Controllers\Home->blog()
 6 SYSTEMPATH\CodeIgniter.php(507): CodeIgniter\CodeIgniter->runController(Object(App\Controllers\Home))
 7 SYSTEMPATH\CodeIgniter.php(354): CodeIgniter\CodeIgniter->handleRequest(null, Object(Config\Cache), false)
 8 SYSTEMPATH\Boot.php(363): CodeIgniter\CodeIgniter->run()
 9 SYSTEMPATH\Boot.php(68): CodeIgniter\Boot::runCodeIgniter(Object(CodeIgniter\CodeIgniter))
10 FCPATH\index.php(59): CodeIgniter\Boot::bootWeb(Object(Config\Paths))
11 SYSTEMPATH\rewrite.php(44): require_once('C:\\Users\\Administrator\\Documents\\GITHUB\\KAPAL-FE-HTML\\home\\public\\index.php')
DEBUG - 2025-08-12 09:21:39 --> Session: Class initialized using 'CodeIgniter\Session\Handlers\FileHandler' driver.
WARNING - 2025-08-12 09:21:39 --> [DEPRECATED] Creation of dynamic property App\Controllers\Contact::$session is deprecated in APPPATH\Controllers\BaseController.php on line 53.
 1 SYSTEMPATH\CodeIgniter.php(904): App\Controllers\BaseController->initController(Object(CodeIgniter\HTTP\IncomingRequest), Object(CodeIgniter\HTTP\Response), Object(CodeIgniter\Log\Logger))
 2 SYSTEMPATH\CodeIgniter.php(498): CodeIgniter\CodeIgniter->createController()
 3 SYSTEMPATH\CodeIgniter.php(354): CodeIgniter\CodeIgniter->handleRequest(null, Object(Config\Cache), false)
 4 SYSTEMPATH\Boot.php(363): CodeIgniter\CodeIgniter->run()
 5 SYSTEMPATH\Boot.php(68): CodeIgniter\Boot::runCodeIgniter(Object(CodeIgniter\CodeIgniter))
 6 FCPATH\index.php(59): CodeIgniter\Boot::bootWeb(Object(Config\Paths))
 7 SYSTEMPATH\rewrite.php(44): require_once('C:\\Users\\Administrator\\Documents\\GITHUB\\KAPAL-FE-HTML\\home\\public\\index.php')
DEBUG - 2025-08-12 09:21:40 --> Session: Class initialized using 'CodeIgniter\Session\Handlers\FileHandler' driver.
WARNING - 2025-08-12 09:21:40 --> [DEPRECATED] Creation of dynamic property App\Controllers\Faq::$session is deprecated in APPPATH\Controllers\BaseController.php on line 53.
 1 SYSTEMPATH\CodeIgniter.php(904): App\Controllers\BaseController->initController(Object(CodeIgniter\HTTP\IncomingRequest), Object(CodeIgniter\HTTP\Response), Object(CodeIgniter\Log\Logger))
 2 SYSTEMPATH\CodeIgniter.php(498): CodeIgniter\CodeIgniter->createController()
 3 SYSTEMPATH\CodeIgniter.php(354): CodeIgniter\CodeIgniter->handleRequest(null, Object(Config\Cache), false)
 4 SYSTEMPATH\Boot.php(363): CodeIgniter\CodeIgniter->run()
 5 SYSTEMPATH\Boot.php(68): CodeIgniter\Boot::runCodeIgniter(Object(CodeIgniter\CodeIgniter))
 6 FCPATH\index.php(59): CodeIgniter\Boot::bootWeb(Object(Config\Paths))
 7 SYSTEMPATH\rewrite.php(44): require_once('C:\\Users\\Administrator\\Documents\\GITHUB\\KAPAL-FE-HTML\\home\\public\\index.php')
DEBUG - 2025-08-12 09:21:46 --> Session: Class initialized using 'CodeIgniter\Session\Handlers\FileHandler' driver.
WARNING - 2025-08-12 09:21:46 --> [DEPRECATED] Creation of dynamic property App\Controllers\Home::$session is deprecated in APPPATH\Controllers\BaseController.php on line 53.
 1 SYSTEMPATH\CodeIgniter.php(904): App\Controllers\BaseController->initController(Object(CodeIgniter\HTTP\IncomingRequest), Object(CodeIgniter\HTTP\Response), Object(CodeIgniter\Log\Logger))
 2 SYSTEMPATH\CodeIgniter.php(498): CodeIgniter\CodeIgniter->createController()
 3 SYSTEMPATH\CodeIgniter.php(354): CodeIgniter\CodeIgniter->handleRequest(null, Object(Config\Cache), false)
 4 SYSTEMPATH\Boot.php(363): CodeIgniter\CodeIgniter->run()
 5 SYSTEMPATH\Boot.php(68): CodeIgniter\Boot::runCodeIgniter(Object(CodeIgniter\CodeIgniter))
 6 FCPATH\index.php(59): CodeIgniter\Boot::bootWeb(Object(Config\Paths))
 7 SYSTEMPATH\rewrite.php(44): require_once('C:\\Users\\Administrator\\Documents\\GITHUB\\KAPAL-FE-HTML\\home\\public\\index.php')
DEBUG - 2025-08-12 09:22:07 --> Session: Class initialized using 'CodeIgniter\Session\Handlers\FileHandler' driver.
WARNING - 2025-08-12 09:22:07 --> [DEPRECATED] Creation of dynamic property App\Controllers\Home::$session is deprecated in APPPATH\Controllers\BaseController.php on line 53.
 1 SYSTEMPATH\CodeIgniter.php(904): App\Controllers\BaseController->initController(Object(CodeIgniter\HTTP\IncomingRequest), Object(CodeIgniter\HTTP\Response), Object(CodeIgniter\Log\Logger))
 2 SYSTEMPATH\CodeIgniter.php(498): CodeIgniter\CodeIgniter->createController()
 3 SYSTEMPATH\CodeIgniter.php(354): CodeIgniter\CodeIgniter->handleRequest(null, Object(Config\Cache), false)
 4 SYSTEMPATH\Boot.php(363): CodeIgniter\CodeIgniter->run()
 5 SYSTEMPATH\Boot.php(68): CodeIgniter\Boot::runCodeIgniter(Object(CodeIgniter\CodeIgniter))
 6 FCPATH\index.php(59): CodeIgniter\Boot::bootWeb(Object(Config\Paths))
 7 SYSTEMPATH\rewrite.php(44): require_once('C:\\Users\\Administrator\\Documents\\GITHUB\\KAPAL-FE-HTML\\home\\public\\index.php')
DEBUG - 2025-08-12 09:22:45 --> Session: Class initialized using 'CodeIgniter\Session\Handlers\FileHandler' driver.
WARNING - 2025-08-12 09:22:45 --> [DEPRECATED] Creation of dynamic property App\Controllers\Auth::$session is deprecated in APPPATH\Controllers\BaseController.php on line 53.
 1 SYSTEMPATH\CodeIgniter.php(904): App\Controllers\BaseController->initController(Object(CodeIgniter\HTTP\IncomingRequest), Object(CodeIgniter\HTTP\Response), Object(CodeIgniter\Log\Logger))
 2 SYSTEMPATH\CodeIgniter.php(498): CodeIgniter\CodeIgniter->createController()
 3 SYSTEMPATH\CodeIgniter.php(354): CodeIgniter\CodeIgniter->handleRequest(null, Object(Config\Cache), false)
 4 SYSTEMPATH\Boot.php(363): CodeIgniter\CodeIgniter->run()
 5 SYSTEMPATH\Boot.php(68): CodeIgniter\Boot::runCodeIgniter(Object(CodeIgniter\CodeIgniter))
 6 FCPATH\index.php(59): CodeIgniter\Boot::bootWeb(Object(Config\Paths))
 7 SYSTEMPATH\rewrite.php(44): require_once('C:\\Users\\Administrator\\Documents\\GITHUB\\KAPAL-FE-HTML\\home\\public\\index.php')
DEBUG - 2025-08-12 09:23:02 --> Session: Class initialized using 'CodeIgniter\Session\Handlers\FileHandler' driver.
WARNING - 2025-08-12 09:23:02 --> [DEPRECATED] Creation of dynamic property App\Controllers\Home::$session is deprecated in APPPATH\Controllers\BaseController.php on line 53.
 1 SYSTEMPATH\CodeIgniter.php(904): App\Controllers\BaseController->initController(Object(CodeIgniter\HTTP\IncomingRequest), Object(CodeIgniter\HTTP\Response), Object(CodeIgniter\Log\Logger))
 2 SYSTEMPATH\CodeIgniter.php(498): CodeIgniter\CodeIgniter->createController()
 3 SYSTEMPATH\CodeIgniter.php(354): CodeIgniter\CodeIgniter->handleRequest(null, Object(Config\Cache), false)
 4 SYSTEMPATH\Boot.php(363): CodeIgniter\CodeIgniter->run()
 5 SYSTEMPATH\Boot.php(68): CodeIgniter\Boot::runCodeIgniter(Object(CodeIgniter\CodeIgniter))
 6 FCPATH\index.php(59): CodeIgniter\Boot::bootWeb(Object(Config\Paths))
 7 SYSTEMPATH\rewrite.php(44): require_once('C:\\Users\\Administrator\\Documents\\GITHUB\\KAPAL-FE-HTML\\home\\public\\index.php')
DEBUG - 2025-08-12 09:29:13 --> Session: Class initialized using 'CodeIgniter\Session\Handlers\FileHandler' driver.
WARNING - 2025-08-12 09:29:13 --> [DEPRECATED] Creation of dynamic property App\Controllers\Home::$session is deprecated in APPPATH\Controllers\BaseController.php on line 53.
 1 SYSTEMPATH\CodeIgniter.php(904): App\Controllers\BaseController->initController(Object(CodeIgniter\HTTP\IncomingRequest), Object(CodeIgniter\HTTP\Response), Object(CodeIgniter\Log\Logger))
 2 SYSTEMPATH\CodeIgniter.php(498): CodeIgniter\CodeIgniter->createController()
 3 SYSTEMPATH\CodeIgniter.php(354): CodeIgniter\CodeIgniter->handleRequest(null, Object(Config\Cache), false)
 4 SYSTEMPATH\Boot.php(363): CodeIgniter\CodeIgniter->run()
 5 SYSTEMPATH\Boot.php(68): CodeIgniter\Boot::runCodeIgniter(Object(CodeIgniter\CodeIgniter))
 6 FCPATH\index.php(59): CodeIgniter\Boot::bootWeb(Object(Config\Paths))
 7 SYSTEMPATH\rewrite.php(44): require_once('C:\\Users\\Administrator\\Documents\\GITHUB\\KAPAL-FE-HTML\\home\\public\\index.php')
DEBUG - 2025-08-12 09:30:38 --> Session: Class initialized using 'CodeIgniter\Session\Handlers\FileHandler' driver.
WARNING - 2025-08-12 09:30:38 --> [DEPRECATED] Creation of dynamic property App\Controllers\Home::$session is deprecated in APPPATH\Controllers\BaseController.php on line 53.
 1 SYSTEMPATH\CodeIgniter.php(904): App\Controllers\BaseController->initController(Object(CodeIgniter\HTTP\IncomingRequest), Object(CodeIgniter\HTTP\Response), Object(CodeIgniter\Log\Logger))
 2 SYSTEMPATH\CodeIgniter.php(498): CodeIgniter\CodeIgniter->createController()
 3 SYSTEMPATH\CodeIgniter.php(354): CodeIgniter\CodeIgniter->handleRequest(null, Object(Config\Cache), false)
 4 SYSTEMPATH\Boot.php(363): CodeIgniter\CodeIgniter->run()
 5 SYSTEMPATH\Boot.php(68): CodeIgniter\Boot::runCodeIgniter(Object(CodeIgniter\CodeIgniter))
 6 FCPATH\index.php(59): CodeIgniter\Boot::bootWeb(Object(Config\Paths))
 7 SYSTEMPATH\rewrite.php(44): require_once('C:\\Users\\Administrator\\Documents\\GITHUB\\KAPAL-FE-HTML\\home\\public\\index.php')
DEBUG - 2025-08-12 09:32:40 --> Session: Class initialized using 'CodeIgniter\Session\Handlers\FileHandler' driver.
WARNING - 2025-08-12 09:32:40 --> [DEPRECATED] Creation of dynamic property App\Controllers\Home::$session is deprecated in APPPATH\Controllers\BaseController.php on line 53.
 1 SYSTEMPATH\CodeIgniter.php(904): App\Controllers\BaseController->initController(Object(CodeIgniter\HTTP\IncomingRequest), Object(CodeIgniter\HTTP\Response), Object(CodeIgniter\Log\Logger))
 2 SYSTEMPATH\CodeIgniter.php(498): CodeIgniter\CodeIgniter->createController()
 3 SYSTEMPATH\CodeIgniter.php(354): CodeIgniter\CodeIgniter->handleRequest(null, Object(Config\Cache), false)
 4 SYSTEMPATH\Boot.php(363): CodeIgniter\CodeIgniter->run()
 5 SYSTEMPATH\Boot.php(68): CodeIgniter\Boot::runCodeIgniter(Object(CodeIgniter\CodeIgniter))
 6 FCPATH\index.php(59): CodeIgniter\Boot::bootWeb(Object(Config\Paths))
 7 SYSTEMPATH\rewrite.php(44): require_once('C:\\Users\\Administrator\\Documents\\GITHUB\\KAPAL-FE-HTML\\home\\public\\index.php')
DEBUG - 2025-08-12 09:32:47 --> Session: Class initialized using 'CodeIgniter\Session\Handlers\FileHandler' driver.
WARNING - 2025-08-12 09:32:47 --> [DEPRECATED] Creation of dynamic property App\Controllers\Home::$session is deprecated in APPPATH\Controllers\BaseController.php on line 53.
 1 SYSTEMPATH\CodeIgniter.php(904): App\Controllers\BaseController->initController(Object(CodeIgniter\HTTP\IncomingRequest), Object(CodeIgniter\HTTP\Response), Object(CodeIgniter\Log\Logger))
 2 SYSTEMPATH\CodeIgniter.php(498): CodeIgniter\CodeIgniter->createController()
 3 SYSTEMPATH\CodeIgniter.php(354): CodeIgniter\CodeIgniter->handleRequest(null, Object(Config\Cache), false)
 4 SYSTEMPATH\Boot.php(363): CodeIgniter\CodeIgniter->run()
 5 SYSTEMPATH\Boot.php(68): CodeIgniter\Boot::runCodeIgniter(Object(CodeIgniter\CodeIgniter))
 6 FCPATH\index.php(59): CodeIgniter\Boot::bootWeb(Object(Config\Paths))
 7 SYSTEMPATH\rewrite.php(44): require_once('C:\\Users\\Administrator\\Documents\\GITHUB\\KAPAL-FE-HTML\\home\\public\\index.php')
DEBUG - 2025-08-12 09:33:01 --> Session: Class initialized using 'CodeIgniter\Session\Handlers\FileHandler' driver.
WARNING - 2025-08-12 09:33:01 --> [DEPRECATED] Creation of dynamic property App\Controllers\Home::$session is deprecated in APPPATH\Controllers\BaseController.php on line 53.
 1 SYSTEMPATH\CodeIgniter.php(904): App\Controllers\BaseController->initController(Object(CodeIgniter\HTTP\IncomingRequest), Object(CodeIgniter\HTTP\Response), Object(CodeIgniter\Log\Logger))
 2 SYSTEMPATH\CodeIgniter.php(498): CodeIgniter\CodeIgniter->createController()
 3 SYSTEMPATH\CodeIgniter.php(354): CodeIgniter\CodeIgniter->handleRequest(null, Object(Config\Cache), false)
 4 SYSTEMPATH\Boot.php(363): CodeIgniter\CodeIgniter->run()
 5 SYSTEMPATH\Boot.php(68): CodeIgniter\Boot::runCodeIgniter(Object(CodeIgniter\CodeIgniter))
 6 FCPATH\index.php(59): CodeIgniter\Boot::bootWeb(Object(Config\Paths))
 7 SYSTEMPATH\rewrite.php(44): require_once('C:\\Users\\Administrator\\Documents\\GITHUB\\KAPAL-FE-HTML\\home\\public\\index.php')
CRITICAL - 2025-08-12 09:33:01 --> CodeIgniter\View\Exceptions\ViewException: Invalid file: "blog.php"
[Method: GET, Route: blog]
in SYSTEMPATH\Exceptions\FrameworkException.php on line 39.
 1 SYSTEMPATH\View\View.php(214): CodeIgniter\Exceptions\FrameworkException::forInvalidFile('blog.php')
 2 SYSTEMPATH\Common.php(1167): CodeIgniter\View\View->render('blog', [], true)
 3 APPPATH\Controllers\BaseController.php(65): view('blog', [...])
 4 APPPATH\Controllers\Home.php(49): App\Controllers\BaseController->render('blog', [...])
 5 SYSTEMPATH\CodeIgniter.php(933): App\Controllers\Home->blog()
 6 SYSTEMPATH\CodeIgniter.php(507): CodeIgniter\CodeIgniter->runController(Object(App\Controllers\Home))
 7 SYSTEMPATH\CodeIgniter.php(354): CodeIgniter\CodeIgniter->handleRequest(null, Object(Config\Cache), false)
 8 SYSTEMPATH\Boot.php(363): CodeIgniter\CodeIgniter->run()
 9 SYSTEMPATH\Boot.php(68): CodeIgniter\Boot::runCodeIgniter(Object(CodeIgniter\CodeIgniter))
10 FCPATH\index.php(59): CodeIgniter\Boot::bootWeb(Object(Config\Paths))
11 SYSTEMPATH\rewrite.php(44): require_once('C:\\Users\\Administrator\\Documents\\GITHUB\\KAPAL-FE-HTML\\home\\public\\index.php')
DEBUG - 2025-08-12 09:33:07 --> Session: Class initialized using 'CodeIgniter\Session\Handlers\FileHandler' driver.
WARNING - 2025-08-12 09:33:07 --> [DEPRECATED] Creation of dynamic property App\Controllers\Contact::$session is deprecated in APPPATH\Controllers\BaseController.php on line 53.
 1 SYSTEMPATH\CodeIgniter.php(904): App\Controllers\BaseController->initController(Object(CodeIgniter\HTTP\IncomingRequest), Object(CodeIgniter\HTTP\Response), Object(CodeIgniter\Log\Logger))
 2 SYSTEMPATH\CodeIgniter.php(498): CodeIgniter\CodeIgniter->createController()
 3 SYSTEMPATH\CodeIgniter.php(354): CodeIgniter\CodeIgniter->handleRequest(null, Object(Config\Cache), false)
 4 SYSTEMPATH\Boot.php(363): CodeIgniter\CodeIgniter->run()
 5 SYSTEMPATH\Boot.php(68): CodeIgniter\Boot::runCodeIgniter(Object(CodeIgniter\CodeIgniter))
 6 FCPATH\index.php(59): CodeIgniter\Boot::bootWeb(Object(Config\Paths))
 7 SYSTEMPATH\rewrite.php(44): require_once('C:\\Users\\Administrator\\Documents\\GITHUB\\KAPAL-FE-HTML\\home\\public\\index.php')
DEBUG - 2025-08-12 09:33:09 --> Session: Class initialized using 'CodeIgniter\Session\Handlers\FileHandler' driver.
WARNING - 2025-08-12 09:33:09 --> [DEPRECATED] Creation of dynamic property App\Controllers\Faq::$session is deprecated in APPPATH\Controllers\BaseController.php on line 53.
 1 SYSTEMPATH\CodeIgniter.php(904): App\Controllers\BaseController->initController(Object(CodeIgniter\HTTP\IncomingRequest), Object(CodeIgniter\HTTP\Response), Object(CodeIgniter\Log\Logger))
 2 SYSTEMPATH\CodeIgniter.php(498): CodeIgniter\CodeIgniter->createController()
 3 SYSTEMPATH\CodeIgniter.php(354): CodeIgniter\CodeIgniter->handleRequest(null, Object(Config\Cache), false)
 4 SYSTEMPATH\Boot.php(363): CodeIgniter\CodeIgniter->run()
 5 SYSTEMPATH\Boot.php(68): CodeIgniter\Boot::runCodeIgniter(Object(CodeIgniter\CodeIgniter))
 6 FCPATH\index.php(59): CodeIgniter\Boot::bootWeb(Object(Config\Paths))
 7 SYSTEMPATH\rewrite.php(44): require_once('C:\\Users\\Administrator\\Documents\\GITHUB\\KAPAL-FE-HTML\\home\\public\\index.php')
DEBUG - 2025-08-12 09:33:18 --> Session: Class initialized using 'CodeIgniter\Session\Handlers\FileHandler' driver.
WARNING - 2025-08-12 09:33:18 --> [DEPRECATED] Creation of dynamic property App\Controllers\Contact::$session is deprecated in APPPATH\Controllers\BaseController.php on line 53.
 1 SYSTEMPATH\CodeIgniter.php(904): App\Controllers\BaseController->initController(Object(CodeIgniter\HTTP\IncomingRequest), Object(CodeIgniter\HTTP\Response), Object(CodeIgniter\Log\Logger))
 2 SYSTEMPATH\CodeIgniter.php(498): CodeIgniter\CodeIgniter->createController()
 3 SYSTEMPATH\CodeIgniter.php(354): CodeIgniter\CodeIgniter->handleRequest(null, Object(Config\Cache), false)
 4 SYSTEMPATH\Boot.php(363): CodeIgniter\CodeIgniter->run()
 5 SYSTEMPATH\Boot.php(68): CodeIgniter\Boot::runCodeIgniter(Object(CodeIgniter\CodeIgniter))
 6 FCPATH\index.php(59): CodeIgniter\Boot::bootWeb(Object(Config\Paths))
 7 SYSTEMPATH\rewrite.php(44): require_once('C:\\Users\\Administrator\\Documents\\GITHUB\\KAPAL-FE-HTML\\home\\public\\index.php')
DEBUG - 2025-08-12 09:33:20 --> Session: Class initialized using 'CodeIgniter\Session\Handlers\FileHandler' driver.
WARNING - 2025-08-12 09:33:20 --> [DEPRECATED] Creation of dynamic property App\Controllers\Contact::$session is deprecated in APPPATH\Controllers\BaseController.php on line 53.
 1 SYSTEMPATH\CodeIgniter.php(904): App\Controllers\BaseController->initController(Object(CodeIgniter\HTTP\IncomingRequest), Object(CodeIgniter\HTTP\Response), Object(CodeIgniter\Log\Logger))
 2 SYSTEMPATH\CodeIgniter.php(498): CodeIgniter\CodeIgniter->createController()
 3 SYSTEMPATH\CodeIgniter.php(354): CodeIgniter\CodeIgniter->handleRequest(null, Object(Config\Cache), false)
 4 SYSTEMPATH\Boot.php(363): CodeIgniter\CodeIgniter->run()
 5 SYSTEMPATH\Boot.php(68): CodeIgniter\Boot::runCodeIgniter(Object(CodeIgniter\CodeIgniter))
 6 FCPATH\index.php(59): CodeIgniter\Boot::bootWeb(Object(Config\Paths))
 7 SYSTEMPATH\rewrite.php(44): require_once('C:\\Users\\Administrator\\Documents\\GITHUB\\KAPAL-FE-HTML\\home\\public\\index.php')
DEBUG - 2025-08-12 09:33:23 --> Session: Class initialized using 'CodeIgniter\Session\Handlers\FileHandler' driver.
WARNING - 2025-08-12 09:33:23 --> [DEPRECATED] Creation of dynamic property App\Controllers\Home::$session is deprecated in APPPATH\Controllers\BaseController.php on line 53.
 1 SYSTEMPATH\CodeIgniter.php(904): App\Controllers\BaseController->initController(Object(CodeIgniter\HTTP\IncomingRequest), Object(CodeIgniter\HTTP\Response), Object(CodeIgniter\Log\Logger))
 2 SYSTEMPATH\CodeIgniter.php(498): CodeIgniter\CodeIgniter->createController()
 3 SYSTEMPATH\CodeIgniter.php(354): CodeIgniter\CodeIgniter->handleRequest(null, Object(Config\Cache), false)
 4 SYSTEMPATH\Boot.php(363): CodeIgniter\CodeIgniter->run()
 5 SYSTEMPATH\Boot.php(68): CodeIgniter\Boot::runCodeIgniter(Object(CodeIgniter\CodeIgniter))
 6 FCPATH\index.php(59): CodeIgniter\Boot::bootWeb(Object(Config\Paths))
 7 SYSTEMPATH\rewrite.php(44): require_once('C:\\Users\\Administrator\\Documents\\GITHUB\\KAPAL-FE-HTML\\home\\public\\index.php')
DEBUG - 2025-08-12 09:34:30 --> Session: Class initialized using 'CodeIgniter\Session\Handlers\FileHandler' driver.
WARNING - 2025-08-12 09:34:30 --> [DEPRECATED] Creation of dynamic property App\Controllers\Auth::$session is deprecated in APPPATH\Controllers\BaseController.php on line 53.
 1 SYSTEMPATH\CodeIgniter.php(904): App\Controllers\BaseController->initController(Object(CodeIgniter\HTTP\IncomingRequest), Object(CodeIgniter\HTTP\Response), Object(CodeIgniter\Log\Logger))
 2 SYSTEMPATH\CodeIgniter.php(498): CodeIgniter\CodeIgniter->createController()
 3 SYSTEMPATH\CodeIgniter.php(354): CodeIgniter\CodeIgniter->handleRequest(null, Object(Config\Cache), false)
 4 SYSTEMPATH\Boot.php(363): CodeIgniter\CodeIgniter->run()
 5 SYSTEMPATH\Boot.php(68): CodeIgniter\Boot::runCodeIgniter(Object(CodeIgniter\CodeIgniter))
 6 FCPATH\index.php(59): CodeIgniter\Boot::bootWeb(Object(Config\Paths))
 7 SYSTEMPATH\rewrite.php(44): require_once('C:\\Users\\Administrator\\Documents\\GITHUB\\KAPAL-FE-HTML\\home\\public\\index.php')
