DEBUG - 2025-08-13 00:42:32 --> Session: Class initialized using 'CodeIgniter\Session\Handlers\FileHandler' driver.
WARNING - 2025-08-13 00:42:32 --> [DEPRECATED] Creation of dynamic property App\Controllers\Home::$session is deprecated in APPPATH\Controllers\BaseController.php on line 53.
 1 SYSTEMPATH\CodeIgniter.php(904): App\Controllers\BaseController->initController(Object(CodeIgniter\HTTP\IncomingRequest), Object(CodeIgniter\HTTP\Response), Object(CodeIgniter\Log\Logger))
 2 SYSTEMPATH\CodeIgniter.php(498): CodeIgniter\CodeIgniter->createController()
 3 SYSTEMPATH\CodeIgniter.php(354): CodeIgniter\CodeIgniter->handleRequest(null, Object(Config\Cache), false)
 4 SYSTEMPATH\Boot.php(363): CodeIgniter\CodeIgniter->run()
 5 SYSTEMPATH\Boot.php(68): CodeIgniter\Boot::runCodeIgniter(Object(CodeIgniter\CodeIgniter))
 6 FCPATH\index.php(59): CodeIgniter\Boot::bootWeb(Object(Config\Paths))
 7 SYSTEMPATH\rewrite.php(44): require_once('C:\\Users\\Administrator\\Documents\\GITHUB\\KAPAL-FE-HTML\\home\\public\\index.php')
DEBUG - 2025-08-13 00:42:38 --> Session: Class initialized using 'CodeIgniter\Session\Handlers\FileHandler' driver.
WARNING - 2025-08-13 00:42:38 --> [DEPRECATED] Creation of dynamic property App\Controllers\Contact::$session is deprecated in APPPATH\Controllers\BaseController.php on line 53.
 1 SYSTEMPATH\CodeIgniter.php(904): App\Controllers\BaseController->initController(Object(CodeIgniter\HTTP\IncomingRequest), Object(CodeIgniter\HTTP\Response), Object(CodeIgniter\Log\Logger))
 2 SYSTEMPATH\CodeIgniter.php(498): CodeIgniter\CodeIgniter->createController()
 3 SYSTEMPATH\CodeIgniter.php(354): CodeIgniter\CodeIgniter->handleRequest(null, Object(Config\Cache), false)
 4 SYSTEMPATH\Boot.php(363): CodeIgniter\CodeIgniter->run()
 5 SYSTEMPATH\Boot.php(68): CodeIgniter\Boot::runCodeIgniter(Object(CodeIgniter\CodeIgniter))
 6 FCPATH\index.php(59): CodeIgniter\Boot::bootWeb(Object(Config\Paths))
 7 SYSTEMPATH\rewrite.php(44): require_once('C:\\Users\\Administrator\\Documents\\GITHUB\\KAPAL-FE-HTML\\home\\public\\index.php')
DEBUG - 2025-08-13 00:42:40 --> Session: Class initialized using 'CodeIgniter\Session\Handlers\FileHandler' driver.
WARNING - 2025-08-13 00:42:40 --> [DEPRECATED] Creation of dynamic property App\Controllers\Faq::$session is deprecated in APPPATH\Controllers\BaseController.php on line 53.
 1 SYSTEMPATH\CodeIgniter.php(904): App\Controllers\BaseController->initController(Object(CodeIgniter\HTTP\IncomingRequest), Object(CodeIgniter\HTTP\Response), Object(CodeIgniter\Log\Logger))
 2 SYSTEMPATH\CodeIgniter.php(498): CodeIgniter\CodeIgniter->createController()
 3 SYSTEMPATH\CodeIgniter.php(354): CodeIgniter\CodeIgniter->handleRequest(null, Object(Config\Cache), false)
 4 SYSTEMPATH\Boot.php(363): CodeIgniter\CodeIgniter->run()
 5 SYSTEMPATH\Boot.php(68): CodeIgniter\Boot::runCodeIgniter(Object(CodeIgniter\CodeIgniter))
 6 FCPATH\index.php(59): CodeIgniter\Boot::bootWeb(Object(Config\Paths))
 7 SYSTEMPATH\rewrite.php(44): require_once('C:\\Users\\Administrator\\Documents\\GITHUB\\KAPAL-FE-HTML\\home\\public\\index.php')
DEBUG - 2025-08-13 00:42:42 --> Session: Class initialized using 'CodeIgniter\Session\Handlers\FileHandler' driver.
WARNING - 2025-08-13 00:42:42 --> [DEPRECATED] Creation of dynamic property App\Controllers\Auth::$session is deprecated in APPPATH\Controllers\BaseController.php on line 53.
 1 SYSTEMPATH\CodeIgniter.php(904): App\Controllers\BaseController->initController(Object(CodeIgniter\HTTP\IncomingRequest), Object(CodeIgniter\HTTP\Response), Object(CodeIgniter\Log\Logger))
 2 SYSTEMPATH\CodeIgniter.php(498): CodeIgniter\CodeIgniter->createController()
 3 SYSTEMPATH\CodeIgniter.php(354): CodeIgniter\CodeIgniter->handleRequest(null, Object(Config\Cache), false)
 4 SYSTEMPATH\Boot.php(363): CodeIgniter\CodeIgniter->run()
 5 SYSTEMPATH\Boot.php(68): CodeIgniter\Boot::runCodeIgniter(Object(CodeIgniter\CodeIgniter))
 6 FCPATH\index.php(59): CodeIgniter\Boot::bootWeb(Object(Config\Paths))
 7 SYSTEMPATH\rewrite.php(44): require_once('C:\\Users\\Administrator\\Documents\\GITHUB\\KAPAL-FE-HTML\\home\\public\\index.php')
DEBUG - 2025-08-13 00:42:46 --> Session: Class initialized using 'CodeIgniter\Session\Handlers\FileHandler' driver.
WARNING - 2025-08-13 00:42:46 --> [DEPRECATED] Creation of dynamic property App\Controllers\Auth::$session is deprecated in APPPATH\Controllers\BaseController.php on line 53.
 1 SYSTEMPATH\CodeIgniter.php(904): App\Controllers\BaseController->initController(Object(CodeIgniter\HTTP\IncomingRequest), Object(CodeIgniter\HTTP\Response), Object(CodeIgniter\Log\Logger))
 2 SYSTEMPATH\CodeIgniter.php(498): CodeIgniter\CodeIgniter->createController()
 3 SYSTEMPATH\CodeIgniter.php(354): CodeIgniter\CodeIgniter->handleRequest(null, Object(Config\Cache), false)
 4 SYSTEMPATH\Boot.php(363): CodeIgniter\CodeIgniter->run()
 5 SYSTEMPATH\Boot.php(68): CodeIgniter\Boot::runCodeIgniter(Object(CodeIgniter\CodeIgniter))
 6 FCPATH\index.php(59): CodeIgniter\Boot::bootWeb(Object(Config\Paths))
 7 SYSTEMPATH\rewrite.php(44): require_once('C:\\Users\\Administrator\\Documents\\GITHUB\\KAPAL-FE-HTML\\home\\public\\index.php')
CRITICAL - 2025-08-13 01:20:12 --> Error: Class "Google\Client" not found
[Method: GET, Route: auth/register]
in APPPATH\Controllers\Auth.php on line 11.
 1 SYSTEMPATH\CodeIgniter.php(903): App\Controllers\Auth->__construct()
 2 SYSTEMPATH\CodeIgniter.php(498): CodeIgniter\CodeIgniter->createController()
 3 SYSTEMPATH\CodeIgniter.php(354): CodeIgniter\CodeIgniter->handleRequest(null, Object(Config\Cache), false)
 4 SYSTEMPATH\Boot.php(363): CodeIgniter\CodeIgniter->run()
 5 SYSTEMPATH\Boot.php(68): CodeIgniter\Boot::runCodeIgniter(Object(CodeIgniter\CodeIgniter))
 6 FCPATH\index.php(59): CodeIgniter\Boot::bootWeb(Object(Config\Paths))
 7 SYSTEMPATH\rewrite.php(44): require_once('C:\\Users\\Administrator\\Documents\\GITHUB\\KAPAL-FE-HTML\\home\\public\\index.php')
CRITICAL - 2025-08-13 01:23:17 --> Error: Class "Google\Client" not found
[Method: GET, Route: auth/register]
in APPPATH\Controllers\Auth.php on line 11.
 1 SYSTEMPATH\CodeIgniter.php(903): App\Controllers\Auth->__construct()
 2 SYSTEMPATH\CodeIgniter.php(498): CodeIgniter\CodeIgniter->createController()
 3 SYSTEMPATH\CodeIgniter.php(354): CodeIgniter\CodeIgniter->handleRequest(null, Object(Config\Cache), false)
 4 SYSTEMPATH\Boot.php(363): CodeIgniter\CodeIgniter->run()
 5 SYSTEMPATH\Boot.php(68): CodeIgniter\Boot::runCodeIgniter(Object(CodeIgniter\CodeIgniter))
 6 FCPATH\index.php(59): CodeIgniter\Boot::bootWeb(Object(Config\Paths))
 7 SYSTEMPATH\rewrite.php(44): require_once('C:\\Users\\Administrator\\Documents\\GITHUB\\KAPAL-FE-HTML\\home\\public\\index.php')
CRITICAL - 2025-08-13 01:26:15 --> Error: Class "Google\Client" not found
[Method: GET, Route: auth/register]
in APPPATH\Controllers\Auth.php on line 12.
 1 SYSTEMPATH\CodeIgniter.php(903): App\Controllers\Auth->__construct()
 2 SYSTEMPATH\CodeIgniter.php(498): CodeIgniter\CodeIgniter->createController()
 3 SYSTEMPATH\CodeIgniter.php(354): CodeIgniter\CodeIgniter->handleRequest(null, Object(Config\Cache), false)
 4 SYSTEMPATH\Boot.php(363): CodeIgniter\CodeIgniter->run()
 5 SYSTEMPATH\Boot.php(68): CodeIgniter\Boot::runCodeIgniter(Object(CodeIgniter\CodeIgniter))
 6 FCPATH\index.php(59): CodeIgniter\Boot::bootWeb(Object(Config\Paths))
 7 SYSTEMPATH\rewrite.php(44): require_once('C:\\Users\\Administrator\\Documents\\GITHUB\\KAPAL-FE-HTML\\home\\public\\index.php')
CRITICAL - 2025-08-13 01:26:16 --> Error: Class "Google\Client" not found
[Method: GET, Route: auth/register]
in APPPATH\Controllers\Auth.php on line 12.
 1 SYSTEMPATH\CodeIgniter.php(903): App\Controllers\Auth->__construct()
 2 SYSTEMPATH\CodeIgniter.php(498): CodeIgniter\CodeIgniter->createController()
 3 SYSTEMPATH\CodeIgniter.php(354): CodeIgniter\CodeIgniter->handleRequest(null, Object(Config\Cache), false)
 4 SYSTEMPATH\Boot.php(363): CodeIgniter\CodeIgniter->run()
 5 SYSTEMPATH\Boot.php(68): CodeIgniter\Boot::runCodeIgniter(Object(CodeIgniter\CodeIgniter))
 6 FCPATH\index.php(59): CodeIgniter\Boot::bootWeb(Object(Config\Paths))
 7 SYSTEMPATH\rewrite.php(44): require_once('C:\\Users\\Administrator\\Documents\\GITHUB\\KAPAL-FE-HTML\\home\\public\\index.php')
DEBUG - 2025-08-13 01:27:18 --> Session: Class initialized using 'CodeIgniter\Session\Handlers\FileHandler' driver.
WARNING - 2025-08-13 01:27:18 --> [DEPRECATED] Creation of dynamic property App\Controllers\Auth::$session is deprecated in APPPATH\Controllers\BaseController.php on line 53.
 1 SYSTEMPATH\CodeIgniter.php(904): App\Controllers\BaseController->initController(Object(CodeIgniter\HTTP\IncomingRequest), Object(CodeIgniter\HTTP\Response), Object(CodeIgniter\Log\Logger))
 2 SYSTEMPATH\CodeIgniter.php(498): CodeIgniter\CodeIgniter->createController()
 3 SYSTEMPATH\CodeIgniter.php(354): CodeIgniter\CodeIgniter->handleRequest(null, Object(Config\Cache), false)
 4 SYSTEMPATH\Boot.php(363): CodeIgniter\CodeIgniter->run()
 5 SYSTEMPATH\Boot.php(68): CodeIgniter\Boot::runCodeIgniter(Object(CodeIgniter\CodeIgniter))
 6 FCPATH\index.php(59): CodeIgniter\Boot::bootWeb(Object(Config\Paths))
 7 SYSTEMPATH\rewrite.php(44): require_once('C:\\Users\\Administrator\\Documents\\GITHUB\\KAPAL-FE-HTML\\home\\public\\index.php')
CRITICAL - 2025-08-13 01:27:18 --> ErrorException: Undefined variable $googleAuthUrl
[Method: GET, Route: auth/register]
in APPPATH\Views\auth\register.php on line 59.
 1 APPPATH\Views\auth\register.php(59): CodeIgniter\Debug\Exceptions->errorHandler(2, 'Undefined variable $googleAuthUrl', 'C:\\Users\\Administrator\\Documents\\GITHUB\\KAPAL-FE-HTML\\home\\app\\Views\\auth\\register.php', 59)
 2 SYSTEMPATH\View\View.php(226): include('C:\\Users\\Administrator\\Documents\\GITHUB\\KAPAL-FE-HTML\\home\\app\\Views\\auth\\register.php')
 3 SYSTEMPATH\View\View.php(229): CodeIgniter\View\View->CodeIgniter\View\{closure}()
 4 SYSTEMPATH\Common.php(1167): CodeIgniter\View\View->render('auth/register', [], true)
 5 APPPATH\Controllers\BaseController.php(65): view('auth/register', [...])
 6 APPPATH\Controllers\Auth.php(139): App\Controllers\BaseController->render('auth/register', [...])
 7 SYSTEMPATH\CodeIgniter.php(933): App\Controllers\Auth->register()
 8 SYSTEMPATH\CodeIgniter.php(507): CodeIgniter\CodeIgniter->runController(Object(App\Controllers\Auth))
 9 SYSTEMPATH\CodeIgniter.php(354): CodeIgniter\CodeIgniter->handleRequest(null, Object(Config\Cache), false)
10 SYSTEMPATH\Boot.php(363): CodeIgniter\CodeIgniter->run()
11 SYSTEMPATH\Boot.php(68): CodeIgniter\Boot::runCodeIgniter(Object(CodeIgniter\CodeIgniter))
12 FCPATH\index.php(59): CodeIgniter\Boot::bootWeb(Object(Config\Paths))
13 SYSTEMPATH\rewrite.php(44): require_once('C:\\Users\\Administrator\\Documents\\GITHUB\\KAPAL-FE-HTML\\home\\public\\index.php')
DEBUG - 2025-08-13 03:00:26 --> Session: Class initialized using 'CodeIgniter\Session\Handlers\FileHandler' driver.
WARNING - 2025-08-13 03:00:26 --> [DEPRECATED] Creation of dynamic property App\Controllers\Auth::$session is deprecated in APPPATH\Controllers\BaseController.php on line 53.
 1 SYSTEMPATH\CodeIgniter.php(904): App\Controllers\BaseController->initController(Object(CodeIgniter\HTTP\IncomingRequest), Object(CodeIgniter\HTTP\Response), Object(CodeIgniter\Log\Logger))
 2 SYSTEMPATH\CodeIgniter.php(498): CodeIgniter\CodeIgniter->createController()
 3 SYSTEMPATH\CodeIgniter.php(354): CodeIgniter\CodeIgniter->handleRequest(null, Object(Config\Cache), false)
 4 SYSTEMPATH\Boot.php(363): CodeIgniter\CodeIgniter->run()
 5 SYSTEMPATH\Boot.php(68): CodeIgniter\Boot::runCodeIgniter(Object(CodeIgniter\CodeIgniter))
 6 FCPATH\index.php(59): CodeIgniter\Boot::bootWeb(Object(Config\Paths))
 7 SYSTEMPATH\rewrite.php(44): require_once('C:\\Users\\Administrator\\Documents\\GITHUB\\KAPAL-FE-HTML\\home\\public\\index.php')
CRITICAL - 2025-08-13 03:00:26 --> ErrorException: Undefined variable $googleAuthUrl
[Method: GET, Route: auth/register]
in APPPATH\Views\auth\register.php on line 59.
 1 APPPATH\Views\auth\register.php(59): CodeIgniter\Debug\Exceptions->errorHandler(2, 'Undefined variable $googleAuthUrl', 'C:\\Users\\Administrator\\Documents\\GITHUB\\KAPAL-FE-HTML\\home\\app\\Views\\auth\\register.php', 59)
 2 SYSTEMPATH\View\View.php(226): include('C:\\Users\\Administrator\\Documents\\GITHUB\\KAPAL-FE-HTML\\home\\app\\Views\\auth\\register.php')
 3 SYSTEMPATH\View\View.php(229): CodeIgniter\View\View->CodeIgniter\View\{closure}()
 4 SYSTEMPATH\Common.php(1167): CodeIgniter\View\View->render('auth/register', [], true)
 5 APPPATH\Controllers\BaseController.php(65): view('auth/register', [...])
 6 APPPATH\Controllers\Auth.php(139): App\Controllers\BaseController->render('auth/register', [...])
 7 SYSTEMPATH\CodeIgniter.php(933): App\Controllers\Auth->register()
 8 SYSTEMPATH\CodeIgniter.php(507): CodeIgniter\CodeIgniter->runController(Object(App\Controllers\Auth))
 9 SYSTEMPATH\CodeIgniter.php(354): CodeIgniter\CodeIgniter->handleRequest(null, Object(Config\Cache), false)
10 SYSTEMPATH\Boot.php(363): CodeIgniter\CodeIgniter->run()
11 SYSTEMPATH\Boot.php(68): CodeIgniter\Boot::runCodeIgniter(Object(CodeIgniter\CodeIgniter))
12 FCPATH\index.php(59): CodeIgniter\Boot::bootWeb(Object(Config\Paths))
13 SYSTEMPATH\rewrite.php(44): require_once('C:\\Users\\Administrator\\Documents\\GITHUB\\KAPAL-FE-HTML\\home\\public\\index.php')
DEBUG - 2025-08-13 03:44:30 --> Session: Class initialized using 'CodeIgniter\Session\Handlers\FileHandler' driver.
WARNING - 2025-08-13 03:44:30 --> [DEPRECATED] Creation of dynamic property App\Controllers\Home::$session is deprecated in APPPATH\Controllers\BaseController.php on line 53.
 1 SYSTEMPATH\CodeIgniter.php(904): App\Controllers\BaseController->initController(Object(CodeIgniter\HTTP\IncomingRequest), Object(CodeIgniter\HTTP\Response), Object(CodeIgniter\Log\Logger))
 2 SYSTEMPATH\CodeIgniter.php(498): CodeIgniter\CodeIgniter->createController()
 3 SYSTEMPATH\CodeIgniter.php(354): CodeIgniter\CodeIgniter->handleRequest(null, Object(Config\Cache), false)
 4 SYSTEMPATH\Boot.php(363): CodeIgniter\CodeIgniter->run()
 5 SYSTEMPATH\Boot.php(68): CodeIgniter\Boot::runCodeIgniter(Object(CodeIgniter\CodeIgniter))
 6 FCPATH\index.php(59): CodeIgniter\Boot::bootWeb(Object(Config\Paths))
 7 SYSTEMPATH\rewrite.php(44): require_once('C:\\Users\\Administrator\\Documents\\GITHUB\\KAPAL-FE-HTML\\home\\public\\index.php')
DEBUG - 2025-08-13 03:44:57 --> Session: Class initialized using 'CodeIgniter\Session\Handlers\FileHandler' driver.
WARNING - 2025-08-13 03:44:57 --> [DEPRECATED] Creation of dynamic property App\Controllers\Auth::$session is deprecated in APPPATH\Controllers\BaseController.php on line 53.
 1 SYSTEMPATH\CodeIgniter.php(904): App\Controllers\BaseController->initController(Object(CodeIgniter\HTTP\IncomingRequest), Object(CodeIgniter\HTTP\Response), Object(CodeIgniter\Log\Logger))
 2 SYSTEMPATH\CodeIgniter.php(498): CodeIgniter\CodeIgniter->createController()
 3 SYSTEMPATH\CodeIgniter.php(354): CodeIgniter\CodeIgniter->handleRequest(null, Object(Config\Cache), false)
 4 SYSTEMPATH\Boot.php(363): CodeIgniter\CodeIgniter->run()
 5 SYSTEMPATH\Boot.php(68): CodeIgniter\Boot::runCodeIgniter(Object(CodeIgniter\CodeIgniter))
 6 FCPATH\index.php(59): CodeIgniter\Boot::bootWeb(Object(Config\Paths))
 7 SYSTEMPATH\rewrite.php(44): require_once('C:\\Users\\Administrator\\Documents\\GITHUB\\KAPAL-FE-HTML\\home\\public\\index.php')
DEBUG - 2025-08-13 03:46:00 --> Session: Class initialized using 'CodeIgniter\Session\Handlers\FileHandler' driver.
WARNING - 2025-08-13 03:46:00 --> [DEPRECATED] Creation of dynamic property App\Controllers\Auth::$session is deprecated in APPPATH\Controllers\BaseController.php on line 53.
 1 SYSTEMPATH\CodeIgniter.php(904): App\Controllers\BaseController->initController(Object(CodeIgniter\HTTP\IncomingRequest), Object(CodeIgniter\HTTP\Response), Object(CodeIgniter\Log\Logger))
 2 SYSTEMPATH\CodeIgniter.php(498): CodeIgniter\CodeIgniter->createController()
 3 SYSTEMPATH\CodeIgniter.php(354): CodeIgniter\CodeIgniter->handleRequest(null, Object(Config\Cache), false)
 4 SYSTEMPATH\Boot.php(363): CodeIgniter\CodeIgniter->run()
 5 SYSTEMPATH\Boot.php(68): CodeIgniter\Boot::runCodeIgniter(Object(CodeIgniter\CodeIgniter))
 6 FCPATH\index.php(59): CodeIgniter\Boot::bootWeb(Object(Config\Paths))
 7 SYSTEMPATH\rewrite.php(44): require_once('C:\\Users\\Administrator\\Documents\\GITHUB\\KAPAL-FE-HTML\\home\\public\\index.php')
DEBUG - 2025-08-13 03:46:06 --> Session: Class initialized using 'CodeIgniter\Session\Handlers\FileHandler' driver.
WARNING - 2025-08-13 03:46:06 --> [DEPRECATED] Creation of dynamic property App\Controllers\Auth::$session is deprecated in APPPATH\Controllers\BaseController.php on line 53.
 1 SYSTEMPATH\CodeIgniter.php(904): App\Controllers\BaseController->initController(Object(CodeIgniter\HTTP\IncomingRequest), Object(CodeIgniter\HTTP\Response), Object(CodeIgniter\Log\Logger))
 2 SYSTEMPATH\CodeIgniter.php(498): CodeIgniter\CodeIgniter->createController()
 3 SYSTEMPATH\CodeIgniter.php(354): CodeIgniter\CodeIgniter->handleRequest(null, Object(Config\Cache), false)
 4 SYSTEMPATH\Boot.php(363): CodeIgniter\CodeIgniter->run()
 5 SYSTEMPATH\Boot.php(68): CodeIgniter\Boot::runCodeIgniter(Object(CodeIgniter\CodeIgniter))
 6 FCPATH\index.php(59): CodeIgniter\Boot::bootWeb(Object(Config\Paths))
 7 SYSTEMPATH\rewrite.php(44): require_once('C:\\Users\\Administrator\\Documents\\GITHUB\\KAPAL-FE-HTML\\home\\public\\index.php')
DEBUG - 2025-08-13 03:46:06 --> Session: Class initialized using 'CodeIgniter\Session\Handlers\FileHandler' driver.
WARNING - 2025-08-13 03:46:06 --> [DEPRECATED] Creation of dynamic property App\Controllers\Auth::$session is deprecated in APPPATH\Controllers\BaseController.php on line 53.
 1 SYSTEMPATH\CodeIgniter.php(904): App\Controllers\BaseController->initController(Object(CodeIgniter\HTTP\IncomingRequest), Object(CodeIgniter\HTTP\Response), Object(CodeIgniter\Log\Logger))
 2 SYSTEMPATH\CodeIgniter.php(498): CodeIgniter\CodeIgniter->createController()
 3 SYSTEMPATH\CodeIgniter.php(354): CodeIgniter\CodeIgniter->handleRequest(null, Object(Config\Cache), false)
 4 SYSTEMPATH\Boot.php(363): CodeIgniter\CodeIgniter->run()
 5 SYSTEMPATH\Boot.php(68): CodeIgniter\Boot::runCodeIgniter(Object(CodeIgniter\CodeIgniter))
 6 FCPATH\index.php(59): CodeIgniter\Boot::bootWeb(Object(Config\Paths))
 7 SYSTEMPATH\rewrite.php(44): require_once('C:\\Users\\Administrator\\Documents\\GITHUB\\KAPAL-FE-HTML\\home\\public\\index.php')
DEBUG - 2025-08-13 03:46:12 --> Session: Class initialized using 'CodeIgniter\Session\Handlers\FileHandler' driver.
WARNING - 2025-08-13 03:46:12 --> [DEPRECATED] Creation of dynamic property App\Controllers\Auth::$session is deprecated in APPPATH\Controllers\BaseController.php on line 53.
 1 SYSTEMPATH\CodeIgniter.php(904): App\Controllers\BaseController->initController(Object(CodeIgniter\HTTP\IncomingRequest), Object(CodeIgniter\HTTP\Response), Object(CodeIgniter\Log\Logger))
 2 SYSTEMPATH\CodeIgniter.php(498): CodeIgniter\CodeIgniter->createController()
 3 SYSTEMPATH\CodeIgniter.php(354): CodeIgniter\CodeIgniter->handleRequest(null, Object(Config\Cache), false)
 4 SYSTEMPATH\Boot.php(363): CodeIgniter\CodeIgniter->run()
 5 SYSTEMPATH\Boot.php(68): CodeIgniter\Boot::runCodeIgniter(Object(CodeIgniter\CodeIgniter))
 6 FCPATH\index.php(59): CodeIgniter\Boot::bootWeb(Object(Config\Paths))
 7 SYSTEMPATH\rewrite.php(44): require_once('C:\\Users\\Administrator\\Documents\\GITHUB\\KAPAL-FE-HTML\\home\\public\\index.php')
DEBUG - 2025-08-13 03:46:12 --> Session: Class initialized using 'CodeIgniter\Session\Handlers\FileHandler' driver.
WARNING - 2025-08-13 03:46:12 --> [DEPRECATED] Creation of dynamic property App\Controllers\Auth::$session is deprecated in APPPATH\Controllers\BaseController.php on line 53.
 1 SYSTEMPATH\CodeIgniter.php(904): App\Controllers\BaseController->initController(Object(CodeIgniter\HTTP\IncomingRequest), Object(CodeIgniter\HTTP\Response), Object(CodeIgniter\Log\Logger))
 2 SYSTEMPATH\CodeIgniter.php(498): CodeIgniter\CodeIgniter->createController()
 3 SYSTEMPATH\CodeIgniter.php(354): CodeIgniter\CodeIgniter->handleRequest(null, Object(Config\Cache), false)
 4 SYSTEMPATH\Boot.php(363): CodeIgniter\CodeIgniter->run()
 5 SYSTEMPATH\Boot.php(68): CodeIgniter\Boot::runCodeIgniter(Object(CodeIgniter\CodeIgniter))
 6 FCPATH\index.php(59): CodeIgniter\Boot::bootWeb(Object(Config\Paths))
 7 SYSTEMPATH\rewrite.php(44): require_once('C:\\Users\\Administrator\\Documents\\GITHUB\\KAPAL-FE-HTML\\home\\public\\index.php')
DEBUG - 2025-08-13 03:46:16 --> Session: Class initialized using 'CodeIgniter\Session\Handlers\FileHandler' driver.
WARNING - 2025-08-13 03:46:16 --> [DEPRECATED] Creation of dynamic property App\Controllers\Auth::$session is deprecated in APPPATH\Controllers\BaseController.php on line 53.
 1 SYSTEMPATH\CodeIgniter.php(904): App\Controllers\BaseController->initController(Object(CodeIgniter\HTTP\IncomingRequest), Object(CodeIgniter\HTTP\Response), Object(CodeIgniter\Log\Logger))
 2 SYSTEMPATH\CodeIgniter.php(498): CodeIgniter\CodeIgniter->createController()
 3 SYSTEMPATH\CodeIgniter.php(354): CodeIgniter\CodeIgniter->handleRequest(null, Object(Config\Cache), false)
 4 SYSTEMPATH\Boot.php(363): CodeIgniter\CodeIgniter->run()
 5 SYSTEMPATH\Boot.php(68): CodeIgniter\Boot::runCodeIgniter(Object(CodeIgniter\CodeIgniter))
 6 FCPATH\index.php(59): CodeIgniter\Boot::bootWeb(Object(Config\Paths))
 7 SYSTEMPATH\rewrite.php(44): require_once('C:\\Users\\Administrator\\Documents\\GITHUB\\KAPAL-FE-HTML\\home\\public\\index.php')
DEBUG - 2025-08-13 03:46:25 --> Session: Class initialized using 'CodeIgniter\Session\Handlers\FileHandler' driver.
WARNING - 2025-08-13 03:46:25 --> [DEPRECATED] Creation of dynamic property App\Controllers\Auth::$session is deprecated in APPPATH\Controllers\BaseController.php on line 53.
 1 SYSTEMPATH\CodeIgniter.php(904): App\Controllers\BaseController->initController(Object(CodeIgniter\HTTP\IncomingRequest), Object(CodeIgniter\HTTP\Response), Object(CodeIgniter\Log\Logger))
 2 SYSTEMPATH\CodeIgniter.php(498): CodeIgniter\CodeIgniter->createController()
 3 SYSTEMPATH\CodeIgniter.php(354): CodeIgniter\CodeIgniter->handleRequest(null, Object(Config\Cache), false)
 4 SYSTEMPATH\Boot.php(363): CodeIgniter\CodeIgniter->run()
 5 SYSTEMPATH\Boot.php(68): CodeIgniter\Boot::runCodeIgniter(Object(CodeIgniter\CodeIgniter))
 6 FCPATH\index.php(59): CodeIgniter\Boot::bootWeb(Object(Config\Paths))
 7 SYSTEMPATH\rewrite.php(44): require_once('C:\\Users\\Administrator\\Documents\\GITHUB\\KAPAL-FE-HTML\\home\\public\\index.php')
DEBUG - 2025-08-13 03:46:25 --> Session: Class initialized using 'CodeIgniter\Session\Handlers\FileHandler' driver.
WARNING - 2025-08-13 03:46:25 --> [DEPRECATED] Creation of dynamic property App\Controllers\Auth::$session is deprecated in APPPATH\Controllers\BaseController.php on line 53.
 1 SYSTEMPATH\CodeIgniter.php(904): App\Controllers\BaseController->initController(Object(CodeIgniter\HTTP\IncomingRequest), Object(CodeIgniter\HTTP\Response), Object(CodeIgniter\Log\Logger))
 2 SYSTEMPATH\CodeIgniter.php(498): CodeIgniter\CodeIgniter->createController()
 3 SYSTEMPATH\CodeIgniter.php(354): CodeIgniter\CodeIgniter->handleRequest(null, Object(Config\Cache), false)
 4 SYSTEMPATH\Boot.php(363): CodeIgniter\CodeIgniter->run()
 5 SYSTEMPATH\Boot.php(68): CodeIgniter\Boot::runCodeIgniter(Object(CodeIgniter\CodeIgniter))
 6 FCPATH\index.php(59): CodeIgniter\Boot::bootWeb(Object(Config\Paths))
 7 SYSTEMPATH\rewrite.php(44): require_once('C:\\Users\\Administrator\\Documents\\GITHUB\\KAPAL-FE-HTML\\home\\public\\index.php')
DEBUG - 2025-08-13 03:46:37 --> Session: Class initialized using 'CodeIgniter\Session\Handlers\FileHandler' driver.
WARNING - 2025-08-13 03:46:37 --> [DEPRECATED] Creation of dynamic property App\Controllers\Auth::$session is deprecated in APPPATH\Controllers\BaseController.php on line 53.
 1 SYSTEMPATH\CodeIgniter.php(904): App\Controllers\BaseController->initController(Object(CodeIgniter\HTTP\IncomingRequest), Object(CodeIgniter\HTTP\Response), Object(CodeIgniter\Log\Logger))
 2 SYSTEMPATH\CodeIgniter.php(498): CodeIgniter\CodeIgniter->createController()
 3 SYSTEMPATH\CodeIgniter.php(354): CodeIgniter\CodeIgniter->handleRequest(null, Object(Config\Cache), false)
 4 SYSTEMPATH\Boot.php(363): CodeIgniter\CodeIgniter->run()
 5 SYSTEMPATH\Boot.php(68): CodeIgniter\Boot::runCodeIgniter(Object(CodeIgniter\CodeIgniter))
 6 FCPATH\index.php(59): CodeIgniter\Boot::bootWeb(Object(Config\Paths))
 7 SYSTEMPATH\rewrite.php(44): require_once('C:\\Users\\Administrator\\Documents\\GITHUB\\KAPAL-FE-HTML\\home\\public\\index.php')
ERROR - 2025-08-13 03:46:37 --> Email: sendWithSmtp throwed ErrorException: fsockopen(): php_network_getaddresses: getaddrinfo for smtp.example.com failed: No such host is known.  in C:\Users\Administrator\Documents\GITHUB\KAPAL-FE-HTML\home\vendor\codeigniter4\framework\system\Email\Email.php:1905
Stack trace:
#0 [internal function]: CodeIgniter\Debug\Exceptions->errorHandler(2, 'fsockopen(): ph...', 'C:\\Users\\Admini...', 1905)
#1 C:\Users\Administrator\Documents\GITHUB\KAPAL-FE-HTML\home\vendor\codeigniter4\framework\system\Email\Email.php(1905): fsockopen('smtp.example.co...', 587, NULL, NULL, 5)
#2 C:\Users\Administrator\Documents\GITHUB\KAPAL-FE-HTML\home\vendor\codeigniter4\framework\system\Email\Email.php(1818): CodeIgniter\Email\Email->SMTPConnect()
#3 C:\Users\Administrator\Documents\GITHUB\KAPAL-FE-HTML\home\vendor\codeigniter4\framework\system\Email\Email.php(1703): CodeIgniter\Email\Email->sendWithSmtp()
#4 C:\Users\Administrator\Documents\GITHUB\KAPAL-FE-HTML\home\vendor\codeigniter4\framework\system\Email\Email.php(1597): CodeIgniter\Email\Email->spoolEmail()
#5 C:\Users\Administrator\Documents\GITHUB\KAPAL-FE-HTML\home\app\Controllers\Auth.php(125): CodeIgniter\Email\Email->send()
#6 C:\Users\Administrator\Documents\GITHUB\KAPAL-FE-HTML\home\app\Controllers\Auth.php(102): App\Controllers\Auth->sendVerificationEmail(Array)
#7 C:\Users\Administrator\Documents\GITHUB\KAPAL-FE-HTML\home\vendor\codeigniter4\framework\system\CodeIgniter.php(933): App\Controllers\Auth->attemptRegister()
#8 C:\Users\Administrator\Documents\GITHUB\KAPAL-FE-HTML\home\vendor\codeigniter4\framework\system\CodeIgniter.php(507): CodeIgniter\CodeIgniter->runController(Object(App\Controllers\Auth))
#9 C:\Users\Administrator\Documents\GITHUB\KAPAL-FE-HTML\home\vendor\codeigniter4\framework\system\CodeIgniter.php(354): CodeIgniter\CodeIgniter->handleRequest(NULL, Object(Config\Cache), false)
#10 C:\Users\Administrator\Documents\GITHUB\KAPAL-FE-HTML\home\vendor\codeigniter4\framework\system\Boot.php(363): CodeIgniter\CodeIgniter->run()
#11 C:\Users\Administrator\Documents\GITHUB\KAPAL-FE-HTML\home\vendor\codeigniter4\framework\system\Boot.php(68): CodeIgniter\Boot::runCodeIgniter(Object(CodeIgniter\CodeIgniter))
#12 C:\Users\Administrator\Documents\GITHUB\KAPAL-FE-HTML\home\public\index.php(59): CodeIgniter\Boot::bootWeb(Object(Config\Paths))
#13 C:\Users\Administrator\Documents\GITHUB\KAPAL-FE-HTML\home\vendor\codeigniter4\framework\system\rewrite.php(44): require_once('C:\\Users\\Admini...')
#14 {main}
ERROR - 2025-08-13 03:46:37 --> Email: Unable to send email using SMTP. Your server might not be configured to send mail using this method.
ERROR - 2025-08-13 03:46:37 --> 
DEBUG - 2025-08-13 03:46:37 --> Session: Class initialized using 'CodeIgniter\Session\Handlers\FileHandler' driver.
WARNING - 2025-08-13 03:46:37 --> [DEPRECATED] Creation of dynamic property App\Controllers\Auth::$session is deprecated in APPPATH\Controllers\BaseController.php on line 53.
 1 SYSTEMPATH\CodeIgniter.php(904): App\Controllers\BaseController->initController(Object(CodeIgniter\HTTP\IncomingRequest), Object(CodeIgniter\HTTP\Response), Object(CodeIgniter\Log\Logger))
 2 SYSTEMPATH\CodeIgniter.php(498): CodeIgniter\CodeIgniter->createController()
 3 SYSTEMPATH\CodeIgniter.php(354): CodeIgniter\CodeIgniter->handleRequest(null, Object(Config\Cache), false)
 4 SYSTEMPATH\Boot.php(363): CodeIgniter\CodeIgniter->run()
 5 SYSTEMPATH\Boot.php(68): CodeIgniter\Boot::runCodeIgniter(Object(CodeIgniter\CodeIgniter))
 6 FCPATH\index.php(59): CodeIgniter\Boot::bootWeb(Object(Config\Paths))
 7 SYSTEMPATH\rewrite.php(44): require_once('C:\\Users\\Administrator\\Documents\\GITHUB\\KAPAL-FE-HTML\\home\\public\\index.php')
DEBUG - 2025-08-13 03:46:46 --> Session: Class initialized using 'CodeIgniter\Session\Handlers\FileHandler' driver.
WARNING - 2025-08-13 03:46:46 --> [DEPRECATED] Creation of dynamic property App\Controllers\Auth::$session is deprecated in APPPATH\Controllers\BaseController.php on line 53.
 1 SYSTEMPATH\CodeIgniter.php(904): App\Controllers\BaseController->initController(Object(CodeIgniter\HTTP\IncomingRequest), Object(CodeIgniter\HTTP\Response), Object(CodeIgniter\Log\Logger))
 2 SYSTEMPATH\CodeIgniter.php(498): CodeIgniter\CodeIgniter->createController()
 3 SYSTEMPATH\CodeIgniter.php(354): CodeIgniter\CodeIgniter->handleRequest(null, Object(Config\Cache), false)
 4 SYSTEMPATH\Boot.php(363): CodeIgniter\CodeIgniter->run()
 5 SYSTEMPATH\Boot.php(68): CodeIgniter\Boot::runCodeIgniter(Object(CodeIgniter\CodeIgniter))
 6 FCPATH\index.php(59): CodeIgniter\Boot::bootWeb(Object(Config\Paths))
 7 SYSTEMPATH\rewrite.php(44): require_once('C:\\Users\\Administrator\\Documents\\GITHUB\\KAPAL-FE-HTML\\home\\public\\index.php')
DEBUG - 2025-08-13 03:46:47 --> Session: Class initialized using 'CodeIgniter\Session\Handlers\FileHandler' driver.
WARNING - 2025-08-13 03:46:47 --> [DEPRECATED] Creation of dynamic property App\Controllers\Auth::$session is deprecated in APPPATH\Controllers\BaseController.php on line 53.
 1 SYSTEMPATH\CodeIgniter.php(904): App\Controllers\BaseController->initController(Object(CodeIgniter\HTTP\IncomingRequest), Object(CodeIgniter\HTTP\Response), Object(CodeIgniter\Log\Logger))
 2 SYSTEMPATH\CodeIgniter.php(498): CodeIgniter\CodeIgniter->createController()
 3 SYSTEMPATH\CodeIgniter.php(354): CodeIgniter\CodeIgniter->handleRequest(null, Object(Config\Cache), false)
 4 SYSTEMPATH\Boot.php(363): CodeIgniter\CodeIgniter->run()
 5 SYSTEMPATH\Boot.php(68): CodeIgniter\Boot::runCodeIgniter(Object(CodeIgniter\CodeIgniter))
 6 FCPATH\index.php(59): CodeIgniter\Boot::bootWeb(Object(Config\Paths))
 7 SYSTEMPATH\rewrite.php(44): require_once('C:\\Users\\Administrator\\Documents\\GITHUB\\KAPAL-FE-HTML\\home\\public\\index.php')
DEBUG - 2025-08-13 03:52:09 --> Session: Class initialized using 'CodeIgniter\Session\Handlers\FileHandler' driver.
WARNING - 2025-08-13 03:52:09 --> [DEPRECATED] Creation of dynamic property App\Controllers\Auth::$session is deprecated in APPPATH\Controllers\BaseController.php on line 53.
 1 SYSTEMPATH\CodeIgniter.php(904): App\Controllers\BaseController->initController(Object(CodeIgniter\HTTP\IncomingRequest), Object(CodeIgniter\HTTP\Response), Object(CodeIgniter\Log\Logger))
 2 SYSTEMPATH\CodeIgniter.php(498): CodeIgniter\CodeIgniter->createController()
 3 SYSTEMPATH\CodeIgniter.php(354): CodeIgniter\CodeIgniter->handleRequest(null, Object(Config\Cache), false)
 4 SYSTEMPATH\Boot.php(363): CodeIgniter\CodeIgniter->run()
 5 SYSTEMPATH\Boot.php(68): CodeIgniter\Boot::runCodeIgniter(Object(CodeIgniter\CodeIgniter))
 6 FCPATH\index.php(59): CodeIgniter\Boot::bootWeb(Object(Config\Paths))
 7 SYSTEMPATH\rewrite.php(44): require_once('C:\\Users\\Administrator\\Documents\\GITHUB\\KAPAL-FE-HTML\\home\\public\\index.php')
DEBUG - 2025-08-13 03:52:10 --> Session: Class initialized using 'CodeIgniter\Session\Handlers\FileHandler' driver.
WARNING - 2025-08-13 03:52:10 --> [DEPRECATED] Creation of dynamic property App\Controllers\Auth::$session is deprecated in APPPATH\Controllers\BaseController.php on line 53.
 1 SYSTEMPATH\CodeIgniter.php(904): App\Controllers\BaseController->initController(Object(CodeIgniter\HTTP\IncomingRequest), Object(CodeIgniter\HTTP\Response), Object(CodeIgniter\Log\Logger))
 2 SYSTEMPATH\CodeIgniter.php(498): CodeIgniter\CodeIgniter->createController()
 3 SYSTEMPATH\CodeIgniter.php(354): CodeIgniter\CodeIgniter->handleRequest(null, Object(Config\Cache), false)
 4 SYSTEMPATH\Boot.php(363): CodeIgniter\CodeIgniter->run()
 5 SYSTEMPATH\Boot.php(68): CodeIgniter\Boot::runCodeIgniter(Object(CodeIgniter\CodeIgniter))
 6 FCPATH\index.php(59): CodeIgniter\Boot::bootWeb(Object(Config\Paths))
 7 SYSTEMPATH\rewrite.php(44): require_once('C:\\Users\\Administrator\\Documents\\GITHUB\\KAPAL-FE-HTML\\home\\public\\index.php')
DEBUG - 2025-08-13 03:52:15 --> Session: Class initialized using 'CodeIgniter\Session\Handlers\FileHandler' driver.
WARNING - 2025-08-13 03:52:15 --> [DEPRECATED] Creation of dynamic property App\Controllers\Auth::$session is deprecated in APPPATH\Controllers\BaseController.php on line 53.
 1 SYSTEMPATH\CodeIgniter.php(904): App\Controllers\BaseController->initController(Object(CodeIgniter\HTTP\IncomingRequest), Object(CodeIgniter\HTTP\Response), Object(CodeIgniter\Log\Logger))
 2 SYSTEMPATH\CodeIgniter.php(498): CodeIgniter\CodeIgniter->createController()
 3 SYSTEMPATH\CodeIgniter.php(354): CodeIgniter\CodeIgniter->handleRequest(null, Object(Config\Cache), false)
 4 SYSTEMPATH\Boot.php(363): CodeIgniter\CodeIgniter->run()
 5 SYSTEMPATH\Boot.php(68): CodeIgniter\Boot::runCodeIgniter(Object(CodeIgniter\CodeIgniter))
 6 FCPATH\index.php(59): CodeIgniter\Boot::bootWeb(Object(Config\Paths))
 7 SYSTEMPATH\rewrite.php(44): require_once('C:\\Users\\Administrator\\Documents\\GITHUB\\KAPAL-FE-HTML\\home\\public\\index.php')
DEBUG - 2025-08-13 03:52:22 --> Session: Class initialized using 'CodeIgniter\Session\Handlers\FileHandler' driver.
WARNING - 2025-08-13 03:52:22 --> [DEPRECATED] Creation of dynamic property App\Controllers\Auth::$session is deprecated in APPPATH\Controllers\BaseController.php on line 53.
 1 SYSTEMPATH\CodeIgniter.php(904): App\Controllers\BaseController->initController(Object(CodeIgniter\HTTP\IncomingRequest), Object(CodeIgniter\HTTP\Response), Object(CodeIgniter\Log\Logger))
 2 SYSTEMPATH\CodeIgniter.php(498): CodeIgniter\CodeIgniter->createController()
 3 SYSTEMPATH\CodeIgniter.php(354): CodeIgniter\CodeIgniter->handleRequest(null, Object(Config\Cache), false)
 4 SYSTEMPATH\Boot.php(363): CodeIgniter\CodeIgniter->run()
 5 SYSTEMPATH\Boot.php(68): CodeIgniter\Boot::runCodeIgniter(Object(CodeIgniter\CodeIgniter))
 6 FCPATH\index.php(59): CodeIgniter\Boot::bootWeb(Object(Config\Paths))
 7 SYSTEMPATH\rewrite.php(44): require_once('C:\\Users\\Administrator\\Documents\\GITHUB\\KAPAL-FE-HTML\\home\\public\\index.php')
DEBUG - 2025-08-13 03:53:58 --> Session: Class initialized using 'CodeIgniter\Session\Handlers\FileHandler' driver.
WARNING - 2025-08-13 03:53:58 --> [DEPRECATED] Creation of dynamic property App\Controllers\Auth::$session is deprecated in APPPATH\Controllers\BaseController.php on line 53.
 1 SYSTEMPATH\CodeIgniter.php(904): App\Controllers\BaseController->initController(Object(CodeIgniter\HTTP\IncomingRequest), Object(CodeIgniter\HTTP\Response), Object(CodeIgniter\Log\Logger))
 2 SYSTEMPATH\CodeIgniter.php(498): CodeIgniter\CodeIgniter->createController()
 3 SYSTEMPATH\CodeIgniter.php(354): CodeIgniter\CodeIgniter->handleRequest(null, Object(Config\Cache), false)
 4 SYSTEMPATH\Boot.php(363): CodeIgniter\CodeIgniter->run()
 5 SYSTEMPATH\Boot.php(68): CodeIgniter\Boot::runCodeIgniter(Object(CodeIgniter\CodeIgniter))
 6 FCPATH\index.php(59): CodeIgniter\Boot::bootWeb(Object(Config\Paths))
 7 SYSTEMPATH\rewrite.php(44): require_once('C:\\Users\\Administrator\\Documents\\GITHUB\\KAPAL-FE-HTML\\home\\public\\index.php')
DEBUG - 2025-08-13 03:54:03 --> Session: Class initialized using 'CodeIgniter\Session\Handlers\FileHandler' driver.
WARNING - 2025-08-13 03:54:03 --> [DEPRECATED] Creation of dynamic property App\Controllers\Auth::$session is deprecated in APPPATH\Controllers\BaseController.php on line 53.
 1 SYSTEMPATH\CodeIgniter.php(904): App\Controllers\BaseController->initController(Object(CodeIgniter\HTTP\IncomingRequest), Object(CodeIgniter\HTTP\Response), Object(CodeIgniter\Log\Logger))
 2 SYSTEMPATH\CodeIgniter.php(498): CodeIgniter\CodeIgniter->createController()
 3 SYSTEMPATH\CodeIgniter.php(354): CodeIgniter\CodeIgniter->handleRequest(null, Object(Config\Cache), false)
 4 SYSTEMPATH\Boot.php(363): CodeIgniter\CodeIgniter->run()
 5 SYSTEMPATH\Boot.php(68): CodeIgniter\Boot::runCodeIgniter(Object(CodeIgniter\CodeIgniter))
 6 FCPATH\index.php(59): CodeIgniter\Boot::bootWeb(Object(Config\Paths))
 7 SYSTEMPATH\rewrite.php(44): require_once('C:\\Users\\Administrator\\Documents\\GITHUB\\KAPAL-FE-HTML\\home\\public\\index.php')
DEBUG - 2025-08-13 03:54:07 --> Session: Class initialized using 'CodeIgniter\Session\Handlers\FileHandler' driver.
WARNING - 2025-08-13 03:54:07 --> [DEPRECATED] Creation of dynamic property App\Controllers\Auth::$session is deprecated in APPPATH\Controllers\BaseController.php on line 53.
 1 SYSTEMPATH\CodeIgniter.php(904): App\Controllers\BaseController->initController(Object(CodeIgniter\HTTP\IncomingRequest), Object(CodeIgniter\HTTP\Response), Object(CodeIgniter\Log\Logger))
 2 SYSTEMPATH\CodeIgniter.php(498): CodeIgniter\CodeIgniter->createController()
 3 SYSTEMPATH\CodeIgniter.php(354): CodeIgniter\CodeIgniter->handleRequest(null, Object(Config\Cache), false)
 4 SYSTEMPATH\Boot.php(363): CodeIgniter\CodeIgniter->run()
 5 SYSTEMPATH\Boot.php(68): CodeIgniter\Boot::runCodeIgniter(Object(CodeIgniter\CodeIgniter))
 6 FCPATH\index.php(59): CodeIgniter\Boot::bootWeb(Object(Config\Paths))
 7 SYSTEMPATH\rewrite.php(44): require_once('C:\\Users\\Administrator\\Documents\\GITHUB\\KAPAL-FE-HTML\\home\\public\\index.php')
DEBUG - 2025-08-13 03:54:07 --> Session: Class initialized using 'CodeIgniter\Session\Handlers\FileHandler' driver.
WARNING - 2025-08-13 03:54:07 --> [DEPRECATED] Creation of dynamic property App\Controllers\Auth::$session is deprecated in APPPATH\Controllers\BaseController.php on line 53.
 1 SYSTEMPATH\CodeIgniter.php(904): App\Controllers\BaseController->initController(Object(CodeIgniter\HTTP\IncomingRequest), Object(CodeIgniter\HTTP\Response), Object(CodeIgniter\Log\Logger))
 2 SYSTEMPATH\CodeIgniter.php(498): CodeIgniter\CodeIgniter->createController()
 3 SYSTEMPATH\CodeIgniter.php(354): CodeIgniter\CodeIgniter->handleRequest(null, Object(Config\Cache), false)
 4 SYSTEMPATH\Boot.php(363): CodeIgniter\CodeIgniter->run()
 5 SYSTEMPATH\Boot.php(68): CodeIgniter\Boot::runCodeIgniter(Object(CodeIgniter\CodeIgniter))
 6 FCPATH\index.php(59): CodeIgniter\Boot::bootWeb(Object(Config\Paths))
 7 SYSTEMPATH\rewrite.php(44): require_once('C:\\Users\\Administrator\\Documents\\GITHUB\\KAPAL-FE-HTML\\home\\public\\index.php')
DEBUG - 2025-08-13 03:54:28 --> Session: Class initialized using 'CodeIgniter\Session\Handlers\FileHandler' driver.
WARNING - 2025-08-13 03:54:28 --> [DEPRECATED] Creation of dynamic property App\Controllers\Auth::$session is deprecated in APPPATH\Controllers\BaseController.php on line 53.
 1 SYSTEMPATH\CodeIgniter.php(904): App\Controllers\BaseController->initController(Object(CodeIgniter\HTTP\IncomingRequest), Object(CodeIgniter\HTTP\Response), Object(CodeIgniter\Log\Logger))
 2 SYSTEMPATH\CodeIgniter.php(498): CodeIgniter\CodeIgniter->createController()
 3 SYSTEMPATH\CodeIgniter.php(354): CodeIgniter\CodeIgniter->handleRequest(null, Object(Config\Cache), false)
 4 SYSTEMPATH\Boot.php(363): CodeIgniter\CodeIgniter->run()
 5 SYSTEMPATH\Boot.php(68): CodeIgniter\Boot::runCodeIgniter(Object(CodeIgniter\CodeIgniter))
 6 FCPATH\index.php(59): CodeIgniter\Boot::bootWeb(Object(Config\Paths))
 7 SYSTEMPATH\rewrite.php(44): require_once('C:\\Users\\Administrator\\Documents\\GITHUB\\KAPAL-FE-HTML\\home\\public\\index.php')
DEBUG - 2025-08-13 03:54:51 --> Session: Class initialized using 'CodeIgniter\Session\Handlers\FileHandler' driver.
WARNING - 2025-08-13 03:54:51 --> [DEPRECATED] Creation of dynamic property App\Controllers\Auth::$session is deprecated in APPPATH\Controllers\BaseController.php on line 53.
 1 SYSTEMPATH\CodeIgniter.php(904): App\Controllers\BaseController->initController(Object(CodeIgniter\HTTP\IncomingRequest), Object(CodeIgniter\HTTP\Response), Object(CodeIgniter\Log\Logger))
 2 SYSTEMPATH\CodeIgniter.php(498): CodeIgniter\CodeIgniter->createController()
 3 SYSTEMPATH\CodeIgniter.php(354): CodeIgniter\CodeIgniter->handleRequest(null, Object(Config\Cache), false)
 4 SYSTEMPATH\Boot.php(363): CodeIgniter\CodeIgniter->run()
 5 SYSTEMPATH\Boot.php(68): CodeIgniter\Boot::runCodeIgniter(Object(CodeIgniter\CodeIgniter))
 6 FCPATH\index.php(59): CodeIgniter\Boot::bootWeb(Object(Config\Paths))
 7 SYSTEMPATH\rewrite.php(44): require_once('C:\\Users\\Administrator\\Documents\\GITHUB\\KAPAL-FE-HTML\\home\\public\\index.php')
DEBUG - 2025-08-13 03:54:51 --> Session: Class initialized using 'CodeIgniter\Session\Handlers\FileHandler' driver.
WARNING - 2025-08-13 03:54:52 --> [DEPRECATED] Creation of dynamic property App\Controllers\Auth::$session is deprecated in APPPATH\Controllers\BaseController.php on line 53.
 1 SYSTEMPATH\CodeIgniter.php(904): App\Controllers\BaseController->initController(Object(CodeIgniter\HTTP\IncomingRequest), Object(CodeIgniter\HTTP\Response), Object(CodeIgniter\Log\Logger))
 2 SYSTEMPATH\CodeIgniter.php(498): CodeIgniter\CodeIgniter->createController()
 3 SYSTEMPATH\CodeIgniter.php(354): CodeIgniter\CodeIgniter->handleRequest(null, Object(Config\Cache), false)
 4 SYSTEMPATH\Boot.php(363): CodeIgniter\CodeIgniter->run()
 5 SYSTEMPATH\Boot.php(68): CodeIgniter\Boot::runCodeIgniter(Object(CodeIgniter\CodeIgniter))
 6 FCPATH\index.php(59): CodeIgniter\Boot::bootWeb(Object(Config\Paths))
 7 SYSTEMPATH\rewrite.php(44): require_once('C:\\Users\\Administrator\\Documents\\GITHUB\\KAPAL-FE-HTML\\home\\public\\index.php')
DEBUG - 2025-08-13 03:55:04 --> Session: Class initialized using 'CodeIgniter\Session\Handlers\FileHandler' driver.
WARNING - 2025-08-13 03:55:04 --> [DEPRECATED] Creation of dynamic property App\Controllers\Auth::$session is deprecated in APPPATH\Controllers\BaseController.php on line 53.
 1 SYSTEMPATH\CodeIgniter.php(904): App\Controllers\BaseController->initController(Object(CodeIgniter\HTTP\IncomingRequest), Object(CodeIgniter\HTTP\Response), Object(CodeIgniter\Log\Logger))
 2 SYSTEMPATH\CodeIgniter.php(498): CodeIgniter\CodeIgniter->createController()
 3 SYSTEMPATH\CodeIgniter.php(354): CodeIgniter\CodeIgniter->handleRequest(null, Object(Config\Cache), false)
 4 SYSTEMPATH\Boot.php(363): CodeIgniter\CodeIgniter->run()
 5 SYSTEMPATH\Boot.php(68): CodeIgniter\Boot::runCodeIgniter(Object(CodeIgniter\CodeIgniter))
 6 FCPATH\index.php(59): CodeIgniter\Boot::bootWeb(Object(Config\Paths))
 7 SYSTEMPATH\rewrite.php(44): require_once('C:\\Users\\Administrator\\Documents\\GITHUB\\KAPAL-FE-HTML\\home\\public\\index.php')
DEBUG - 2025-08-13 03:55:04 --> Session: Class initialized using 'CodeIgniter\Session\Handlers\FileHandler' driver.
WARNING - 2025-08-13 03:55:04 --> [DEPRECATED] Creation of dynamic property App\Controllers\Auth::$session is deprecated in APPPATH\Controllers\BaseController.php on line 53.
 1 SYSTEMPATH\CodeIgniter.php(904): App\Controllers\BaseController->initController(Object(CodeIgniter\HTTP\IncomingRequest), Object(CodeIgniter\HTTP\Response), Object(CodeIgniter\Log\Logger))
 2 SYSTEMPATH\CodeIgniter.php(498): CodeIgniter\CodeIgniter->createController()
 3 SYSTEMPATH\CodeIgniter.php(354): CodeIgniter\CodeIgniter->handleRequest(null, Object(Config\Cache), false)
 4 SYSTEMPATH\Boot.php(363): CodeIgniter\CodeIgniter->run()
 5 SYSTEMPATH\Boot.php(68): CodeIgniter\Boot::runCodeIgniter(Object(CodeIgniter\CodeIgniter))
 6 FCPATH\index.php(59): CodeIgniter\Boot::bootWeb(Object(Config\Paths))
 7 SYSTEMPATH\rewrite.php(44): require_once('C:\\Users\\Administrator\\Documents\\GITHUB\\KAPAL-FE-HTML\\home\\public\\index.php')
DEBUG - 2025-08-13 03:55:20 --> Session: Class initialized using 'CodeIgniter\Session\Handlers\FileHandler' driver.
WARNING - 2025-08-13 03:55:20 --> [DEPRECATED] Creation of dynamic property App\Controllers\Auth::$session is deprecated in APPPATH\Controllers\BaseController.php on line 53.
 1 SYSTEMPATH\CodeIgniter.php(904): App\Controllers\BaseController->initController(Object(CodeIgniter\HTTP\IncomingRequest), Object(CodeIgniter\HTTP\Response), Object(CodeIgniter\Log\Logger))
 2 SYSTEMPATH\CodeIgniter.php(498): CodeIgniter\CodeIgniter->createController()
 3 SYSTEMPATH\CodeIgniter.php(354): CodeIgniter\CodeIgniter->handleRequest(null, Object(Config\Cache), false)
 4 SYSTEMPATH\Boot.php(363): CodeIgniter\CodeIgniter->run()
 5 SYSTEMPATH\Boot.php(68): CodeIgniter\Boot::runCodeIgniter(Object(CodeIgniter\CodeIgniter))
 6 FCPATH\index.php(59): CodeIgniter\Boot::bootWeb(Object(Config\Paths))
 7 SYSTEMPATH\rewrite.php(44): require_once('C:\\Users\\Administrator\\Documents\\GITHUB\\KAPAL-FE-HTML\\home\\public\\index.php')
ERROR - 2025-08-13 03:55:21 --> Email: sendWithSmtp throwed ErrorException: fsockopen(): php_network_getaddresses: getaddrinfo for smtp.example.com failed: No such host is known.  in C:\Users\Administrator\Documents\GITHUB\KAPAL-FE-HTML\home\vendor\codeigniter4\framework\system\Email\Email.php:1905
Stack trace:
#0 [internal function]: CodeIgniter\Debug\Exceptions->errorHandler(2, 'fsockopen(): ph...', 'C:\\Users\\Admini...', 1905)
#1 C:\Users\Administrator\Documents\GITHUB\KAPAL-FE-HTML\home\vendor\codeigniter4\framework\system\Email\Email.php(1905): fsockopen('smtp.example.co...', 587, NULL, NULL, 5)
#2 C:\Users\Administrator\Documents\GITHUB\KAPAL-FE-HTML\home\vendor\codeigniter4\framework\system\Email\Email.php(1818): CodeIgniter\Email\Email->SMTPConnect()
#3 C:\Users\Administrator\Documents\GITHUB\KAPAL-FE-HTML\home\vendor\codeigniter4\framework\system\Email\Email.php(1703): CodeIgniter\Email\Email->sendWithSmtp()
#4 C:\Users\Administrator\Documents\GITHUB\KAPAL-FE-HTML\home\vendor\codeigniter4\framework\system\Email\Email.php(1597): CodeIgniter\Email\Email->spoolEmail()
#5 C:\Users\Administrator\Documents\GITHUB\KAPAL-FE-HTML\home\app\Controllers\Auth.php(124): CodeIgniter\Email\Email->send()
#6 C:\Users\Administrator\Documents\GITHUB\KAPAL-FE-HTML\home\app\Controllers\Auth.php(101): App\Controllers\Auth->sendVerificationEmail(Array)
#7 C:\Users\Administrator\Documents\GITHUB\KAPAL-FE-HTML\home\vendor\codeigniter4\framework\system\CodeIgniter.php(933): App\Controllers\Auth->attemptRegister()
#8 C:\Users\Administrator\Documents\GITHUB\KAPAL-FE-HTML\home\vendor\codeigniter4\framework\system\CodeIgniter.php(507): CodeIgniter\CodeIgniter->runController(Object(App\Controllers\Auth))
#9 C:\Users\Administrator\Documents\GITHUB\KAPAL-FE-HTML\home\vendor\codeigniter4\framework\system\CodeIgniter.php(354): CodeIgniter\CodeIgniter->handleRequest(NULL, Object(Config\Cache), false)
#10 C:\Users\Administrator\Documents\GITHUB\KAPAL-FE-HTML\home\vendor\codeigniter4\framework\system\Boot.php(363): CodeIgniter\CodeIgniter->run()
#11 C:\Users\Administrator\Documents\GITHUB\KAPAL-FE-HTML\home\vendor\codeigniter4\framework\system\Boot.php(68): CodeIgniter\Boot::runCodeIgniter(Object(CodeIgniter\CodeIgniter))
#12 C:\Users\Administrator\Documents\GITHUB\KAPAL-FE-HTML\home\public\index.php(59): CodeIgniter\Boot::bootWeb(Object(Config\Paths))
#13 C:\Users\Administrator\Documents\GITHUB\KAPAL-FE-HTML\home\vendor\codeigniter4\framework\system\rewrite.php(44): require_once('C:\\Users\\Admini...')
#14 {main}
ERROR - 2025-08-13 03:55:21 --> Email: Unable to send email using SMTP. Your server might not be configured to send mail using this method.
ERROR - 2025-08-13 03:55:21 --> 
DEBUG - 2025-08-13 03:55:21 --> Session: Class initialized using 'CodeIgniter\Session\Handlers\FileHandler' driver.
WARNING - 2025-08-13 03:55:21 --> [DEPRECATED] Creation of dynamic property App\Controllers\Auth::$session is deprecated in APPPATH\Controllers\BaseController.php on line 53.
 1 SYSTEMPATH\CodeIgniter.php(904): App\Controllers\BaseController->initController(Object(CodeIgniter\HTTP\IncomingRequest), Object(CodeIgniter\HTTP\Response), Object(CodeIgniter\Log\Logger))
 2 SYSTEMPATH\CodeIgniter.php(498): CodeIgniter\CodeIgniter->createController()
 3 SYSTEMPATH\CodeIgniter.php(354): CodeIgniter\CodeIgniter->handleRequest(null, Object(Config\Cache), false)
 4 SYSTEMPATH\Boot.php(363): CodeIgniter\CodeIgniter->run()
 5 SYSTEMPATH\Boot.php(68): CodeIgniter\Boot::runCodeIgniter(Object(CodeIgniter\CodeIgniter))
 6 FCPATH\index.php(59): CodeIgniter\Boot::bootWeb(Object(Config\Paths))
 7 SYSTEMPATH\rewrite.php(44): require_once('C:\\Users\\Administrator\\Documents\\GITHUB\\KAPAL-FE-HTML\\home\\public\\index.php')
DEBUG - 2025-08-13 03:56:24 --> Session: Class initialized using 'CodeIgniter\Session\Handlers\FileHandler' driver.
WARNING - 2025-08-13 03:56:24 --> [DEPRECATED] Creation of dynamic property App\Controllers\Auth::$session is deprecated in APPPATH\Controllers\BaseController.php on line 53.
 1 SYSTEMPATH\CodeIgniter.php(904): App\Controllers\BaseController->initController(Object(CodeIgniter\HTTP\IncomingRequest), Object(CodeIgniter\HTTP\Response), Object(CodeIgniter\Log\Logger))
 2 SYSTEMPATH\CodeIgniter.php(498): CodeIgniter\CodeIgniter->createController()
 3 SYSTEMPATH\CodeIgniter.php(354): CodeIgniter\CodeIgniter->handleRequest(null, Object(Config\Cache), false)
 4 SYSTEMPATH\Boot.php(363): CodeIgniter\CodeIgniter->run()
 5 SYSTEMPATH\Boot.php(68): CodeIgniter\Boot::runCodeIgniter(Object(CodeIgniter\CodeIgniter))
 6 FCPATH\index.php(59): CodeIgniter\Boot::bootWeb(Object(Config\Paths))
 7 SYSTEMPATH\rewrite.php(44): require_once('C:\\Users\\Administrator\\Documents\\GITHUB\\KAPAL-FE-HTML\\home\\public\\index.php')
DEBUG - 2025-08-13 03:56:24 --> Session: Class initialized using 'CodeIgniter\Session\Handlers\FileHandler' driver.
WARNING - 2025-08-13 03:56:24 --> [DEPRECATED] Creation of dynamic property App\Controllers\Auth::$session is deprecated in APPPATH\Controllers\BaseController.php on line 53.
 1 SYSTEMPATH\CodeIgniter.php(904): App\Controllers\BaseController->initController(Object(CodeIgniter\HTTP\IncomingRequest), Object(CodeIgniter\HTTP\Response), Object(CodeIgniter\Log\Logger))
 2 SYSTEMPATH\CodeIgniter.php(498): CodeIgniter\CodeIgniter->createController()
 3 SYSTEMPATH\CodeIgniter.php(354): CodeIgniter\CodeIgniter->handleRequest(null, Object(Config\Cache), false)
 4 SYSTEMPATH\Boot.php(363): CodeIgniter\CodeIgniter->run()
 5 SYSTEMPATH\Boot.php(68): CodeIgniter\Boot::runCodeIgniter(Object(CodeIgniter\CodeIgniter))
 6 FCPATH\index.php(59): CodeIgniter\Boot::bootWeb(Object(Config\Paths))
 7 SYSTEMPATH\rewrite.php(44): require_once('C:\\Users\\Administrator\\Documents\\GITHUB\\KAPAL-FE-HTML\\home\\public\\index.php')
DEBUG - 2025-08-13 04:33:55 --> Session: Class initialized using 'CodeIgniter\Session\Handlers\FileHandler' driver.
WARNING - 2025-08-13 04:33:55 --> [DEPRECATED] Creation of dynamic property App\Controllers\Home::$session is deprecated in APPPATH\Controllers\BaseController.php on line 53.
 1 SYSTEMPATH\CodeIgniter.php(904): App\Controllers\BaseController->initController(Object(CodeIgniter\HTTP\IncomingRequest), Object(CodeIgniter\HTTP\Response), Object(CodeIgniter\Log\Logger))
 2 SYSTEMPATH\CodeIgniter.php(498): CodeIgniter\CodeIgniter->createController()
 3 SYSTEMPATH\CodeIgniter.php(354): CodeIgniter\CodeIgniter->handleRequest(null, Object(Config\Cache), false)
 4 SYSTEMPATH\Boot.php(363): CodeIgniter\CodeIgniter->run()
 5 SYSTEMPATH\Boot.php(68): CodeIgniter\Boot::runCodeIgniter(Object(CodeIgniter\CodeIgniter))
 6 FCPATH\index.php(59): CodeIgniter\Boot::bootWeb(Object(Config\Paths))
 7 SYSTEMPATH\rewrite.php(44): require_once('C:\\Users\\Administrator\\Documents\\GITHUB\\KAPAL-FE-HTML\\home\\public\\index.php')
DEBUG - 2025-08-13 04:34:01 --> Session: Class initialized using 'CodeIgniter\Session\Handlers\FileHandler' driver.
WARNING - 2025-08-13 04:34:01 --> [DEPRECATED] Creation of dynamic property App\Controllers\Tour::$session is deprecated in APPPATH\Controllers\BaseController.php on line 53.
 1 SYSTEMPATH\CodeIgniter.php(904): App\Controllers\BaseController->initController(Object(CodeIgniter\HTTP\IncomingRequest), Object(CodeIgniter\HTTP\Response), Object(CodeIgniter\Log\Logger))
 2 SYSTEMPATH\CodeIgniter.php(498): CodeIgniter\CodeIgniter->createController()
 3 SYSTEMPATH\CodeIgniter.php(354): CodeIgniter\CodeIgniter->handleRequest(null, Object(Config\Cache), false)
 4 SYSTEMPATH\Boot.php(363): CodeIgniter\CodeIgniter->run()
 5 SYSTEMPATH\Boot.php(68): CodeIgniter\Boot::runCodeIgniter(Object(CodeIgniter\CodeIgniter))
 6 FCPATH\index.php(59): CodeIgniter\Boot::bootWeb(Object(Config\Paths))
 7 SYSTEMPATH\rewrite.php(44): require_once('C:\\Users\\Administrator\\Documents\\GITHUB\\KAPAL-FE-HTML\\home\\public\\index.php')
ERROR - 2025-08-13 04:34:02 --> mysqli_sql_exception: Unknown column 'slug' in 'WHERE' in C:\Users\Administrator\Documents\GITHUB\KAPAL-FE-HTML\home\vendor\codeigniter4\framework\system\Database\MySQLi\Connection.php:327
Stack trace:
#0 C:\Users\Administrator\Documents\GITHUB\KAPAL-FE-HTML\home\vendor\codeigniter4\framework\system\Database\MySQLi\Connection.php(327): mysqli->query('SELECT *\nFROM `...', 0)
#1 C:\Users\Administrator\Documents\GITHUB\KAPAL-FE-HTML\home\vendor\codeigniter4\framework\system\Database\BaseConnection.php(729): CodeIgniter\Database\MySQLi\Connection->execute('SELECT *\nFROM `...')
#2 C:\Users\Administrator\Documents\GITHUB\KAPAL-FE-HTML\home\vendor\codeigniter4\framework\system\Database\BaseConnection.php(646): CodeIgniter\Database\BaseConnection->simpleQuery('SELECT *\nFROM `...')
#3 C:\Users\Administrator\Documents\GITHUB\KAPAL-FE-HTML\home\vendor\codeigniter4\framework\system\Database\BaseBuilder.php(1649): CodeIgniter\Database\BaseConnection->query('SELECT *\nFROM `...', Array, false)
#4 C:\Users\Administrator\Documents\GITHUB\KAPAL-FE-HTML\home\vendor\codeigniter4\framework\system\Model.php(330): CodeIgniter\Database\BaseBuilder->get()
#5 C:\Users\Administrator\Documents\GITHUB\KAPAL-FE-HTML\home\vendor\codeigniter4\framework\system\BaseModel.php(715): CodeIgniter\Model->doFirst()
#6 C:\Users\Administrator\Documents\GITHUB\KAPAL-FE-HTML\home\app\Controllers\Tour.php(16): CodeIgniter\BaseModel->first()
#7 C:\Users\Administrator\Documents\GITHUB\KAPAL-FE-HTML\home\app\Controllers\Tour.php(34): App\Controllers\Tour->index('salawati')
#8 C:\Users\Administrator\Documents\GITHUB\KAPAL-FE-HTML\home\vendor\codeigniter4\framework\system\CodeIgniter.php(933): App\Controllers\Tour->salawati()
#9 C:\Users\Administrator\Documents\GITHUB\KAPAL-FE-HTML\home\vendor\codeigniter4\framework\system\CodeIgniter.php(507): CodeIgniter\CodeIgniter->runController(Object(App\Controllers\Tour))
#10 C:\Users\Administrator\Documents\GITHUB\KAPAL-FE-HTML\home\vendor\codeigniter4\framework\system\CodeIgniter.php(354): CodeIgniter\CodeIgniter->handleRequest(NULL, Object(Config\Cache), false)
#11 C:\Users\Administrator\Documents\GITHUB\KAPAL-FE-HTML\home\vendor\codeigniter4\framework\system\Boot.php(363): CodeIgniter\CodeIgniter->run()
#12 C:\Users\Administrator\Documents\GITHUB\KAPAL-FE-HTML\home\vendor\codeigniter4\framework\system\Boot.php(68): CodeIgniter\Boot::runCodeIgniter(Object(CodeIgniter\CodeIgniter))
#13 C:\Users\Administrator\Documents\GITHUB\KAPAL-FE-HTML\home\public\index.php(59): CodeIgniter\Boot::bootWeb(Object(Config\Paths))
#14 C:\Users\Administrator\Documents\GITHUB\KAPAL-FE-HTML\home\vendor\codeigniter4\framework\system\rewrite.php(44): require_once('C:\\Users\\Admini...')
#15 {main}
CRITICAL - 2025-08-13 04:34:02 --> CodeIgniter\Database\Exceptions\DatabaseException: Unknown column 'slug' in 'WHERE'
[Method: GET, Route: tour/salawati]
in SYSTEMPATH\Database\BaseConnection.php on line 684.
 1 SYSTEMPATH\Database\BaseBuilder.php(1649): CodeIgniter\Database\BaseConnection->query('SELECT *
FROM `islands`
WHERE `slug` = :slug:
 LIMIT 1', [...], false)
 2 SYSTEMPATH\Model.php(330): CodeIgniter\Database\BaseBuilder->get()
 3 SYSTEMPATH\BaseModel.php(715): CodeIgniter\Model->doFirst()
 4 APPPATH\Controllers\Tour.php(16): CodeIgniter\BaseModel->first()
 5 APPPATH\Controllers\Tour.php(34): App\Controllers\Tour->index('salawati')
 6 SYSTEMPATH\CodeIgniter.php(933): App\Controllers\Tour->salawati()
 7 SYSTEMPATH\CodeIgniter.php(507): CodeIgniter\CodeIgniter->runController(Object(App\Controllers\Tour))
 8 SYSTEMPATH\CodeIgniter.php(354): CodeIgniter\CodeIgniter->handleRequest(null, Object(Config\Cache), false)
 9 SYSTEMPATH\Boot.php(363): CodeIgniter\CodeIgniter->run()
10 SYSTEMPATH\Boot.php(68): CodeIgniter\Boot::runCodeIgniter(Object(CodeIgniter\CodeIgniter))
11 FCPATH\index.php(59): CodeIgniter\Boot::bootWeb(Object(Config\Paths))
12 SYSTEMPATH\rewrite.php(44): require_once('C:\\Users\\Administrator\\Documents\\GITHUB\\KAPAL-FE-HTML\\home\\public\\index.php')
CRITICAL - 2025-08-13 04:34:02 --> [Caused by] CodeIgniter\Database\Exceptions\DatabaseException: Unknown column 'slug' in 'WHERE'
in SYSTEMPATH\Database\MySQLi\Connection.php on line 332.
 1 SYSTEMPATH\Database\BaseConnection.php(729): CodeIgniter\Database\MySQLi\Connection->execute('SELECT *
FROM `islands`
WHERE `slug` = \'salawati\'
 LIMIT 1')
 2 SYSTEMPATH\Database\BaseConnection.php(646): CodeIgniter\Database\BaseConnection->simpleQuery('SELECT *
FROM `islands`
WHERE `slug` = \'salawati\'
 LIMIT 1')
 3 SYSTEMPATH\Database\BaseBuilder.php(1649): CodeIgniter\Database\BaseConnection->query('SELECT *
FROM `islands`
WHERE `slug` = :slug:
 LIMIT 1', [...], false)
 4 SYSTEMPATH\Model.php(330): CodeIgniter\Database\BaseBuilder->get()
 5 SYSTEMPATH\BaseModel.php(715): CodeIgniter\Model->doFirst()
 6 APPPATH\Controllers\Tour.php(16): CodeIgniter\BaseModel->first()
 7 APPPATH\Controllers\Tour.php(34): App\Controllers\Tour->index('salawati')
 8 SYSTEMPATH\CodeIgniter.php(933): App\Controllers\Tour->salawati()
 9 SYSTEMPATH\CodeIgniter.php(507): CodeIgniter\CodeIgniter->runController(Object(App\Controllers\Tour))
10 SYSTEMPATH\CodeIgniter.php(354): CodeIgniter\CodeIgniter->handleRequest(null, Object(Config\Cache), false)
11 SYSTEMPATH\Boot.php(363): CodeIgniter\CodeIgniter->run()
12 SYSTEMPATH\Boot.php(68): CodeIgniter\Boot::runCodeIgniter(Object(CodeIgniter\CodeIgniter))
13 FCPATH\index.php(59): CodeIgniter\Boot::bootWeb(Object(Config\Paths))
14 SYSTEMPATH\rewrite.php(44): require_once('C:\\Users\\Administrator\\Documents\\GITHUB\\KAPAL-FE-HTML\\home\\public\\index.php')
CRITICAL - 2025-08-13 04:34:02 --> [Caused by] mysqli_sql_exception: Unknown column 'slug' in 'WHERE'
in SYSTEMPATH\Database\MySQLi\Connection.php on line 327.
 1 SYSTEMPATH\Database\MySQLi\Connection.php(327): mysqli->query('SELECT *
FROM `islands`
WHERE `slug` = \'salawati\'
 LIMIT 1', 0)
 2 SYSTEMPATH\Database\BaseConnection.php(729): CodeIgniter\Database\MySQLi\Connection->execute('SELECT *
FROM `islands`
WHERE `slug` = \'salawati\'
 LIMIT 1')
 3 SYSTEMPATH\Database\BaseConnection.php(646): CodeIgniter\Database\BaseConnection->simpleQuery('SELECT *
FROM `islands`
WHERE `slug` = \'salawati\'
 LIMIT 1')
 4 SYSTEMPATH\Database\BaseBuilder.php(1649): CodeIgniter\Database\BaseConnection->query('SELECT *
FROM `islands`
WHERE `slug` = :slug:
 LIMIT 1', [...], false)
 5 SYSTEMPATH\Model.php(330): CodeIgniter\Database\BaseBuilder->get()
 6 SYSTEMPATH\BaseModel.php(715): CodeIgniter\Model->doFirst()
 7 APPPATH\Controllers\Tour.php(16): CodeIgniter\BaseModel->first()
 8 APPPATH\Controllers\Tour.php(34): App\Controllers\Tour->index('salawati')
 9 SYSTEMPATH\CodeIgniter.php(933): App\Controllers\Tour->salawati()
10 SYSTEMPATH\CodeIgniter.php(507): CodeIgniter\CodeIgniter->runController(Object(App\Controllers\Tour))
11 SYSTEMPATH\CodeIgniter.php(354): CodeIgniter\CodeIgniter->handleRequest(null, Object(Config\Cache), false)
12 SYSTEMPATH\Boot.php(363): CodeIgniter\CodeIgniter->run()
13 SYSTEMPATH\Boot.php(68): CodeIgniter\Boot::runCodeIgniter(Object(CodeIgniter\CodeIgniter))
14 FCPATH\index.php(59): CodeIgniter\Boot::bootWeb(Object(Config\Paths))
15 SYSTEMPATH\rewrite.php(44): require_once('C:\\Users\\Administrator\\Documents\\GITHUB\\KAPAL-FE-HTML\\home\\public\\index.php')
DEBUG - 2025-08-13 04:37:21 --> Session: Class initialized using 'CodeIgniter\Session\Handlers\FileHandler' driver.
WARNING - 2025-08-13 04:37:21 --> [DEPRECATED] Creation of dynamic property App\Controllers\Tour::$session is deprecated in APPPATH\Controllers\BaseController.php on line 53.
 1 SYSTEMPATH\CodeIgniter.php(904): App\Controllers\BaseController->initController(Object(CodeIgniter\HTTP\IncomingRequest), Object(CodeIgniter\HTTP\Response), Object(CodeIgniter\Log\Logger))
 2 SYSTEMPATH\CodeIgniter.php(498): CodeIgniter\CodeIgniter->createController()
 3 SYSTEMPATH\CodeIgniter.php(354): CodeIgniter\CodeIgniter->handleRequest(null, Object(Config\Cache), false)
 4 SYSTEMPATH\Boot.php(363): CodeIgniter\CodeIgniter->run()
 5 SYSTEMPATH\Boot.php(68): CodeIgniter\Boot::runCodeIgniter(Object(CodeIgniter\CodeIgniter))
 6 FCPATH\index.php(59): CodeIgniter\Boot::bootWeb(Object(Config\Paths))
 7 SYSTEMPATH\rewrite.php(44): require_once('C:\\Users\\Administrator\\Documents\\GITHUB\\KAPAL-FE-HTML\\home\\public\\index.php')
ERROR - 2025-08-13 04:37:22 --> mysqli_sql_exception: Table 'raja_ampat_boats.tour_packages' doesn't exist in C:\Users\Administrator\Documents\GITHUB\KAPAL-FE-HTML\home\vendor\codeigniter4\framework\system\Database\MySQLi\Connection.php:327
Stack trace:
#0 C:\Users\Administrator\Documents\GITHUB\KAPAL-FE-HTML\home\vendor\codeigniter4\framework\system\Database\MySQLi\Connection.php(327): mysqli->query('SELECT *\nFROM `...', 0)
#1 C:\Users\Administrator\Documents\GITHUB\KAPAL-FE-HTML\home\vendor\codeigniter4\framework\system\Database\BaseConnection.php(729): CodeIgniter\Database\MySQLi\Connection->execute('SELECT *\nFROM `...')
#2 C:\Users\Administrator\Documents\GITHUB\KAPAL-FE-HTML\home\vendor\codeigniter4\framework\system\Database\BaseConnection.php(646): CodeIgniter\Database\BaseConnection->simpleQuery('SELECT *\nFROM `...')
#3 C:\Users\Administrator\Documents\GITHUB\KAPAL-FE-HTML\home\vendor\codeigniter4\framework\system\Database\BaseBuilder.php(1649): CodeIgniter\Database\BaseConnection->query('SELECT *\nFROM `...', Array, false)
#4 C:\Users\Administrator\Documents\GITHUB\KAPAL-FE-HTML\home\vendor\codeigniter4\framework\system\Model.php(286): CodeIgniter\Database\BaseBuilder->get()
#5 C:\Users\Administrator\Documents\GITHUB\KAPAL-FE-HTML\home\vendor\codeigniter4\framework\system\BaseModel.php(677): CodeIgniter\Model->doFindAll(0, 0)
#6 C:\Users\Administrator\Documents\GITHUB\KAPAL-FE-HTML\home\app\Controllers\Tour.php(17): CodeIgniter\BaseModel->findAll()
#7 C:\Users\Administrator\Documents\GITHUB\KAPAL-FE-HTML\home\app\Controllers\Tour.php(34): App\Controllers\Tour->index('salawati')
#8 C:\Users\Administrator\Documents\GITHUB\KAPAL-FE-HTML\home\vendor\codeigniter4\framework\system\CodeIgniter.php(933): App\Controllers\Tour->salawati()
#9 C:\Users\Administrator\Documents\GITHUB\KAPAL-FE-HTML\home\vendor\codeigniter4\framework\system\CodeIgniter.php(507): CodeIgniter\CodeIgniter->runController(Object(App\Controllers\Tour))
#10 C:\Users\Administrator\Documents\GITHUB\KAPAL-FE-HTML\home\vendor\codeigniter4\framework\system\CodeIgniter.php(354): CodeIgniter\CodeIgniter->handleRequest(NULL, Object(Config\Cache), false)
#11 C:\Users\Administrator\Documents\GITHUB\KAPAL-FE-HTML\home\vendor\codeigniter4\framework\system\Boot.php(363): CodeIgniter\CodeIgniter->run()
#12 C:\Users\Administrator\Documents\GITHUB\KAPAL-FE-HTML\home\vendor\codeigniter4\framework\system\Boot.php(68): CodeIgniter\Boot::runCodeIgniter(Object(CodeIgniter\CodeIgniter))
#13 C:\Users\Administrator\Documents\GITHUB\KAPAL-FE-HTML\home\public\index.php(59): CodeIgniter\Boot::bootWeb(Object(Config\Paths))
#14 C:\Users\Administrator\Documents\GITHUB\KAPAL-FE-HTML\home\vendor\codeigniter4\framework\system\rewrite.php(44): require_once('C:\\Users\\Admini...')
#15 {main}
CRITICAL - 2025-08-13 04:37:22 --> CodeIgniter\Database\Exceptions\DatabaseException: Table 'raja_ampat_boats.tour_packages' doesn't exist
[Method: GET, Route: tour/salawati]
in SYSTEMPATH\Database\BaseConnection.php on line 684.
 1 SYSTEMPATH\Database\BaseBuilder.php(1649): CodeIgniter\Database\BaseConnection->query('SELECT *
FROM `tour_packages`
WHERE `island_slug` = :island_slug:', [...], false)
 2 SYSTEMPATH\Model.php(286): CodeIgniter\Database\BaseBuilder->get()
 3 SYSTEMPATH\BaseModel.php(677): CodeIgniter\Model->doFindAll(0, 0)
 4 APPPATH\Controllers\Tour.php(17): CodeIgniter\BaseModel->findAll()
 5 APPPATH\Controllers\Tour.php(34): App\Controllers\Tour->index('salawati')
 6 SYSTEMPATH\CodeIgniter.php(933): App\Controllers\Tour->salawati()
 7 SYSTEMPATH\CodeIgniter.php(507): CodeIgniter\CodeIgniter->runController(Object(App\Controllers\Tour))
 8 SYSTEMPATH\CodeIgniter.php(354): CodeIgniter\CodeIgniter->handleRequest(null, Object(Config\Cache), false)
 9 SYSTEMPATH\Boot.php(363): CodeIgniter\CodeIgniter->run()
10 SYSTEMPATH\Boot.php(68): CodeIgniter\Boot::runCodeIgniter(Object(CodeIgniter\CodeIgniter))
11 FCPATH\index.php(59): CodeIgniter\Boot::bootWeb(Object(Config\Paths))
12 SYSTEMPATH\rewrite.php(44): require_once('C:\\Users\\Administrator\\Documents\\GITHUB\\KAPAL-FE-HTML\\home\\public\\index.php')
CRITICAL - 2025-08-13 04:37:22 --> [Caused by] CodeIgniter\Database\Exceptions\DatabaseException: Table 'raja_ampat_boats.tour_packages' doesn't exist
in SYSTEMPATH\Database\MySQLi\Connection.php on line 332.
 1 SYSTEMPATH\Database\BaseConnection.php(729): CodeIgniter\Database\MySQLi\Connection->execute('SELECT *
FROM `tour_packages`
WHERE `island_slug` = \'salawati\'')
 2 SYSTEMPATH\Database\BaseConnection.php(646): CodeIgniter\Database\BaseConnection->simpleQuery('SELECT *
FROM `tour_packages`
WHERE `island_slug` = \'salawati\'')
 3 SYSTEMPATH\Database\BaseBuilder.php(1649): CodeIgniter\Database\BaseConnection->query('SELECT *
FROM `tour_packages`
WHERE `island_slug` = :island_slug:', [...], false)
 4 SYSTEMPATH\Model.php(286): CodeIgniter\Database\BaseBuilder->get()
 5 SYSTEMPATH\BaseModel.php(677): CodeIgniter\Model->doFindAll(0, 0)
 6 APPPATH\Controllers\Tour.php(17): CodeIgniter\BaseModel->findAll()
 7 APPPATH\Controllers\Tour.php(34): App\Controllers\Tour->index('salawati')
 8 SYSTEMPATH\CodeIgniter.php(933): App\Controllers\Tour->salawati()
 9 SYSTEMPATH\CodeIgniter.php(507): CodeIgniter\CodeIgniter->runController(Object(App\Controllers\Tour))
10 SYSTEMPATH\CodeIgniter.php(354): CodeIgniter\CodeIgniter->handleRequest(null, Object(Config\Cache), false)
11 SYSTEMPATH\Boot.php(363): CodeIgniter\CodeIgniter->run()
12 SYSTEMPATH\Boot.php(68): CodeIgniter\Boot::runCodeIgniter(Object(CodeIgniter\CodeIgniter))
13 FCPATH\index.php(59): CodeIgniter\Boot::bootWeb(Object(Config\Paths))
14 SYSTEMPATH\rewrite.php(44): require_once('C:\\Users\\Administrator\\Documents\\GITHUB\\KAPAL-FE-HTML\\home\\public\\index.php')
CRITICAL - 2025-08-13 04:37:22 --> [Caused by] mysqli_sql_exception: Table 'raja_ampat_boats.tour_packages' doesn't exist
in SYSTEMPATH\Database\MySQLi\Connection.php on line 327.
 1 SYSTEMPATH\Database\MySQLi\Connection.php(327): mysqli->query('SELECT *
FROM `tour_packages`
WHERE `island_slug` = \'salawati\'', 0)
 2 SYSTEMPATH\Database\BaseConnection.php(729): CodeIgniter\Database\MySQLi\Connection->execute('SELECT *
FROM `tour_packages`
WHERE `island_slug` = \'salawati\'')
 3 SYSTEMPATH\Database\BaseConnection.php(646): CodeIgniter\Database\BaseConnection->simpleQuery('SELECT *
FROM `tour_packages`
WHERE `island_slug` = \'salawati\'')
 4 SYSTEMPATH\Database\BaseBuilder.php(1649): CodeIgniter\Database\BaseConnection->query('SELECT *
FROM `tour_packages`
WHERE `island_slug` = :island_slug:', [...], false)
 5 SYSTEMPATH\Model.php(286): CodeIgniter\Database\BaseBuilder->get()
 6 SYSTEMPATH\BaseModel.php(677): CodeIgniter\Model->doFindAll(0, 0)
 7 APPPATH\Controllers\Tour.php(17): CodeIgniter\BaseModel->findAll()
 8 APPPATH\Controllers\Tour.php(34): App\Controllers\Tour->index('salawati')
 9 SYSTEMPATH\CodeIgniter.php(933): App\Controllers\Tour->salawati()
10 SYSTEMPATH\CodeIgniter.php(507): CodeIgniter\CodeIgniter->runController(Object(App\Controllers\Tour))
11 SYSTEMPATH\CodeIgniter.php(354): CodeIgniter\CodeIgniter->handleRequest(null, Object(Config\Cache), false)
12 SYSTEMPATH\Boot.php(363): CodeIgniter\CodeIgniter->run()
13 SYSTEMPATH\Boot.php(68): CodeIgniter\Boot::runCodeIgniter(Object(CodeIgniter\CodeIgniter))
14 FCPATH\index.php(59): CodeIgniter\Boot::bootWeb(Object(Config\Paths))
15 SYSTEMPATH\rewrite.php(44): require_once('C:\\Users\\Administrator\\Documents\\GITHUB\\KAPAL-FE-HTML\\home\\public\\index.php')
DEBUG - 2025-08-13 04:42:15 --> Session: Class initialized using 'CodeIgniter\Session\Handlers\FileHandler' driver.
WARNING - 2025-08-13 04:42:15 --> [DEPRECATED] Creation of dynamic property App\Controllers\Tour::$session is deprecated in APPPATH\Controllers\BaseController.php on line 53.
 1 SYSTEMPATH\CodeIgniter.php(904): App\Controllers\BaseController->initController(Object(CodeIgniter\HTTP\IncomingRequest), Object(CodeIgniter\HTTP\Response), Object(CodeIgniter\Log\Logger))
 2 SYSTEMPATH\CodeIgniter.php(498): CodeIgniter\CodeIgniter->createController()
 3 SYSTEMPATH\CodeIgniter.php(354): CodeIgniter\CodeIgniter->handleRequest(null, Object(Config\Cache), false)
 4 SYSTEMPATH\Boot.php(363): CodeIgniter\CodeIgniter->run()
 5 SYSTEMPATH\Boot.php(68): CodeIgniter\Boot::runCodeIgniter(Object(CodeIgniter\CodeIgniter))
 6 FCPATH\index.php(59): CodeIgniter\Boot::bootWeb(Object(Config\Paths))
 7 SYSTEMPATH\rewrite.php(44): require_once('C:\\Users\\Administrator\\Documents\\GITHUB\\KAPAL-FE-HTML\\home\\public\\index.php')
ERROR - 2025-08-13 04:42:16 --> mysqli_sql_exception: Unknown column 'island_slug' in 'WHERE' in C:\Users\Administrator\Documents\GITHUB\KAPAL-FE-HTML\home\vendor\codeigniter4\framework\system\Database\MySQLi\Connection.php:327
Stack trace:
#0 C:\Users\Administrator\Documents\GITHUB\KAPAL-FE-HTML\home\vendor\codeigniter4\framework\system\Database\MySQLi\Connection.php(327): mysqli->query('SELECT *\nFROM `...', 0)
#1 C:\Users\Administrator\Documents\GITHUB\KAPAL-FE-HTML\home\vendor\codeigniter4\framework\system\Database\BaseConnection.php(729): CodeIgniter\Database\MySQLi\Connection->execute('SELECT *\nFROM `...')
#2 C:\Users\Administrator\Documents\GITHUB\KAPAL-FE-HTML\home\vendor\codeigniter4\framework\system\Database\BaseConnection.php(646): CodeIgniter\Database\BaseConnection->simpleQuery('SELECT *\nFROM `...')
#3 C:\Users\Administrator\Documents\GITHUB\KAPAL-FE-HTML\home\vendor\codeigniter4\framework\system\Database\BaseBuilder.php(1649): CodeIgniter\Database\BaseConnection->query('SELECT *\nFROM `...', Array, false)
#4 C:\Users\Administrator\Documents\GITHUB\KAPAL-FE-HTML\home\vendor\codeigniter4\framework\system\Model.php(286): CodeIgniter\Database\BaseBuilder->get()
#5 C:\Users\Administrator\Documents\GITHUB\KAPAL-FE-HTML\home\vendor\codeigniter4\framework\system\BaseModel.php(677): CodeIgniter\Model->doFindAll(0, 0)
#6 C:\Users\Administrator\Documents\GITHUB\KAPAL-FE-HTML\home\app\Controllers\Tour.php(17): CodeIgniter\BaseModel->findAll()
#7 C:\Users\Administrator\Documents\GITHUB\KAPAL-FE-HTML\home\app\Controllers\Tour.php(34): App\Controllers\Tour->index('salawati')
#8 C:\Users\Administrator\Documents\GITHUB\KAPAL-FE-HTML\home\vendor\codeigniter4\framework\system\CodeIgniter.php(933): App\Controllers\Tour->salawati()
#9 C:\Users\Administrator\Documents\GITHUB\KAPAL-FE-HTML\home\vendor\codeigniter4\framework\system\CodeIgniter.php(507): CodeIgniter\CodeIgniter->runController(Object(App\Controllers\Tour))
#10 C:\Users\Administrator\Documents\GITHUB\KAPAL-FE-HTML\home\vendor\codeigniter4\framework\system\CodeIgniter.php(354): CodeIgniter\CodeIgniter->handleRequest(NULL, Object(Config\Cache), false)
#11 C:\Users\Administrator\Documents\GITHUB\KAPAL-FE-HTML\home\vendor\codeigniter4\framework\system\Boot.php(363): CodeIgniter\CodeIgniter->run()
#12 C:\Users\Administrator\Documents\GITHUB\KAPAL-FE-HTML\home\vendor\codeigniter4\framework\system\Boot.php(68): CodeIgniter\Boot::runCodeIgniter(Object(CodeIgniter\CodeIgniter))
#13 C:\Users\Administrator\Documents\GITHUB\KAPAL-FE-HTML\home\public\index.php(59): CodeIgniter\Boot::bootWeb(Object(Config\Paths))
#14 C:\Users\Administrator\Documents\GITHUB\KAPAL-FE-HTML\home\vendor\codeigniter4\framework\system\rewrite.php(44): require_once('C:\\Users\\Admini...')
#15 {main}
CRITICAL - 2025-08-13 04:42:16 --> CodeIgniter\Database\Exceptions\DatabaseException: Unknown column 'island_slug' in 'WHERE'
[Method: GET, Route: tour/salawati]
in SYSTEMPATH\Database\BaseConnection.php on line 684.
 1 SYSTEMPATH\Database\BaseBuilder.php(1649): CodeIgniter\Database\BaseConnection->query('SELECT *
FROM `tour_packages`
WHERE `island_slug` = :island_slug:', [...], false)
 2 SYSTEMPATH\Model.php(286): CodeIgniter\Database\BaseBuilder->get()
 3 SYSTEMPATH\BaseModel.php(677): CodeIgniter\Model->doFindAll(0, 0)
 4 APPPATH\Controllers\Tour.php(17): CodeIgniter\BaseModel->findAll()
 5 APPPATH\Controllers\Tour.php(34): App\Controllers\Tour->index('salawati')
 6 SYSTEMPATH\CodeIgniter.php(933): App\Controllers\Tour->salawati()
 7 SYSTEMPATH\CodeIgniter.php(507): CodeIgniter\CodeIgniter->runController(Object(App\Controllers\Tour))
 8 SYSTEMPATH\CodeIgniter.php(354): CodeIgniter\CodeIgniter->handleRequest(null, Object(Config\Cache), false)
 9 SYSTEMPATH\Boot.php(363): CodeIgniter\CodeIgniter->run()
10 SYSTEMPATH\Boot.php(68): CodeIgniter\Boot::runCodeIgniter(Object(CodeIgniter\CodeIgniter))
11 FCPATH\index.php(59): CodeIgniter\Boot::bootWeb(Object(Config\Paths))
12 SYSTEMPATH\rewrite.php(44): require_once('C:\\Users\\Administrator\\Documents\\GITHUB\\KAPAL-FE-HTML\\home\\public\\index.php')
CRITICAL - 2025-08-13 04:42:16 --> [Caused by] CodeIgniter\Database\Exceptions\DatabaseException: Unknown column 'island_slug' in 'WHERE'
in SYSTEMPATH\Database\MySQLi\Connection.php on line 332.
 1 SYSTEMPATH\Database\BaseConnection.php(729): CodeIgniter\Database\MySQLi\Connection->execute('SELECT *
FROM `tour_packages`
WHERE `island_slug` = \'salawati\'')
 2 SYSTEMPATH\Database\BaseConnection.php(646): CodeIgniter\Database\BaseConnection->simpleQuery('SELECT *
FROM `tour_packages`
WHERE `island_slug` = \'salawati\'')
 3 SYSTEMPATH\Database\BaseBuilder.php(1649): CodeIgniter\Database\BaseConnection->query('SELECT *
FROM `tour_packages`
WHERE `island_slug` = :island_slug:', [...], false)
 4 SYSTEMPATH\Model.php(286): CodeIgniter\Database\BaseBuilder->get()
 5 SYSTEMPATH\BaseModel.php(677): CodeIgniter\Model->doFindAll(0, 0)
 6 APPPATH\Controllers\Tour.php(17): CodeIgniter\BaseModel->findAll()
 7 APPPATH\Controllers\Tour.php(34): App\Controllers\Tour->index('salawati')
 8 SYSTEMPATH\CodeIgniter.php(933): App\Controllers\Tour->salawati()
 9 SYSTEMPATH\CodeIgniter.php(507): CodeIgniter\CodeIgniter->runController(Object(App\Controllers\Tour))
10 SYSTEMPATH\CodeIgniter.php(354): CodeIgniter\CodeIgniter->handleRequest(null, Object(Config\Cache), false)
11 SYSTEMPATH\Boot.php(363): CodeIgniter\CodeIgniter->run()
12 SYSTEMPATH\Boot.php(68): CodeIgniter\Boot::runCodeIgniter(Object(CodeIgniter\CodeIgniter))
13 FCPATH\index.php(59): CodeIgniter\Boot::bootWeb(Object(Config\Paths))
14 SYSTEMPATH\rewrite.php(44): require_once('C:\\Users\\Administrator\\Documents\\GITHUB\\KAPAL-FE-HTML\\home\\public\\index.php')
CRITICAL - 2025-08-13 04:42:16 --> [Caused by] mysqli_sql_exception: Unknown column 'island_slug' in 'WHERE'
in SYSTEMPATH\Database\MySQLi\Connection.php on line 327.
 1 SYSTEMPATH\Database\MySQLi\Connection.php(327): mysqli->query('SELECT *
FROM `tour_packages`
WHERE `island_slug` = \'salawati\'', 0)
 2 SYSTEMPATH\Database\BaseConnection.php(729): CodeIgniter\Database\MySQLi\Connection->execute('SELECT *
FROM `tour_packages`
WHERE `island_slug` = \'salawati\'')
 3 SYSTEMPATH\Database\BaseConnection.php(646): CodeIgniter\Database\BaseConnection->simpleQuery('SELECT *
FROM `tour_packages`
WHERE `island_slug` = \'salawati\'')
 4 SYSTEMPATH\Database\BaseBuilder.php(1649): CodeIgniter\Database\BaseConnection->query('SELECT *
FROM `tour_packages`
WHERE `island_slug` = :island_slug:', [...], false)
 5 SYSTEMPATH\Model.php(286): CodeIgniter\Database\BaseBuilder->get()
 6 SYSTEMPATH\BaseModel.php(677): CodeIgniter\Model->doFindAll(0, 0)
 7 APPPATH\Controllers\Tour.php(17): CodeIgniter\BaseModel->findAll()
 8 APPPATH\Controllers\Tour.php(34): App\Controllers\Tour->index('salawati')
 9 SYSTEMPATH\CodeIgniter.php(933): App\Controllers\Tour->salawati()
10 SYSTEMPATH\CodeIgniter.php(507): CodeIgniter\CodeIgniter->runController(Object(App\Controllers\Tour))
11 SYSTEMPATH\CodeIgniter.php(354): CodeIgniter\CodeIgniter->handleRequest(null, Object(Config\Cache), false)
12 SYSTEMPATH\Boot.php(363): CodeIgniter\CodeIgniter->run()
13 SYSTEMPATH\Boot.php(68): CodeIgniter\Boot::runCodeIgniter(Object(CodeIgniter\CodeIgniter))
14 FCPATH\index.php(59): CodeIgniter\Boot::bootWeb(Object(Config\Paths))
15 SYSTEMPATH\rewrite.php(44): require_once('C:\\Users\\Administrator\\Documents\\GITHUB\\KAPAL-FE-HTML\\home\\public\\index.php')
DEBUG - 2025-08-13 04:43:47 --> Session: Class initialized using 'CodeIgniter\Session\Handlers\FileHandler' driver.
WARNING - 2025-08-13 04:43:47 --> [DEPRECATED] Creation of dynamic property App\Controllers\Tour::$session is deprecated in APPPATH\Controllers\BaseController.php on line 53.
 1 SYSTEMPATH\CodeIgniter.php(904): App\Controllers\BaseController->initController(Object(CodeIgniter\HTTP\IncomingRequest), Object(CodeIgniter\HTTP\Response), Object(CodeIgniter\Log\Logger))
 2 SYSTEMPATH\CodeIgniter.php(498): CodeIgniter\CodeIgniter->createController()
 3 SYSTEMPATH\CodeIgniter.php(354): CodeIgniter\CodeIgniter->handleRequest(null, Object(Config\Cache), false)
 4 SYSTEMPATH\Boot.php(363): CodeIgniter\CodeIgniter->run()
 5 SYSTEMPATH\Boot.php(68): CodeIgniter\Boot::runCodeIgniter(Object(CodeIgniter\CodeIgniter))
 6 FCPATH\index.php(59): CodeIgniter\Boot::bootWeb(Object(Config\Paths))
 7 SYSTEMPATH\rewrite.php(44): require_once('C:\\Users\\Administrator\\Documents\\GITHUB\\KAPAL-FE-HTML\\home\\public\\index.php')
CRITICAL - 2025-08-13 04:43:47 --> ErrorException: Trying to access array offset on value of type null
[Method: GET, Route: tour/salawati]
in APPPATH\Views\tour\island.php on line 2.
 1 APPPATH\Views\tour\island.php(2): CodeIgniter\Debug\Exceptions->errorHandler(2, 'Trying to access array offset on value of type null', 'C:\\Users\\Administrator\\Documents\\GITHUB\\KAPAL-FE-HTML\\home\\app\\Views\\tour\\island.php', 2)
 2 SYSTEMPATH\View\View.php(226): include('C:\\Users\\Administrator\\Documents\\GITHUB\\KAPAL-FE-HTML\\home\\app\\Views\\tour\\island.php')
 3 SYSTEMPATH\View\View.php(229): CodeIgniter\View\View->CodeIgniter\View\{closure}()
 4 SYSTEMPATH\Common.php(1167): CodeIgniter\View\View->render('tour/island', [], true)
 5 APPPATH\Controllers\BaseController.php(65): view('tour/island', [...])
 6 APPPATH\Controllers\Tour.php(20): App\Controllers\BaseController->render('tour/island', [...])
 7 APPPATH\Controllers\Tour.php(34): App\Controllers\Tour->index('salawati')
 8 SYSTEMPATH\CodeIgniter.php(933): App\Controllers\Tour->salawati()
 9 SYSTEMPATH\CodeIgniter.php(507): CodeIgniter\CodeIgniter->runController(Object(App\Controllers\Tour))
10 SYSTEMPATH\CodeIgniter.php(354): CodeIgniter\CodeIgniter->handleRequest(null, Object(Config\Cache), false)
11 SYSTEMPATH\Boot.php(363): CodeIgniter\CodeIgniter->run()
12 SYSTEMPATH\Boot.php(68): CodeIgniter\Boot::runCodeIgniter(Object(CodeIgniter\CodeIgniter))
13 FCPATH\index.php(59): CodeIgniter\Boot::bootWeb(Object(Config\Paths))
14 SYSTEMPATH\rewrite.php(44): require_once('C:\\Users\\Administrator\\Documents\\GITHUB\\KAPAL-FE-HTML\\home\\public\\index.php')
DEBUG - 2025-08-13 05:57:58 --> Session: Class initialized using 'CodeIgniter\Session\Handlers\FileHandler' driver.
WARNING - 2025-08-13 05:57:58 --> [DEPRECATED] Creation of dynamic property App\Controllers\Home::$session is deprecated in APPPATH\Controllers\BaseController.php on line 53.
 1 SYSTEMPATH\CodeIgniter.php(904): App\Controllers\BaseController->initController(Object(CodeIgniter\HTTP\IncomingRequest), Object(CodeIgniter\HTTP\Response), Object(CodeIgniter\Log\Logger))
 2 SYSTEMPATH\CodeIgniter.php(498): CodeIgniter\CodeIgniter->createController()
 3 SYSTEMPATH\CodeIgniter.php(354): CodeIgniter\CodeIgniter->handleRequest(null, Object(Config\Cache), false)
 4 SYSTEMPATH\Boot.php(363): CodeIgniter\CodeIgniter->run()
 5 SYSTEMPATH\Boot.php(68): CodeIgniter\Boot::runCodeIgniter(Object(CodeIgniter\CodeIgniter))
 6 FCPATH\index.php(59): CodeIgniter\Boot::bootWeb(Object(Config\Paths))
 7 SYSTEMPATH\rewrite.php(44): require_once('C:\\Users\\Administrator\\Documents\\GITHUB\\KAPAL-FE-HTML\\home\\public\\index.php')
DEBUG - 2025-08-13 07:45:17 --> Session: Class initialized using 'CodeIgniter\Session\Handlers\FileHandler' driver.
WARNING - 2025-08-13 07:45:17 --> [DEPRECATED] Creation of dynamic property App\Controllers\Home::$session is deprecated in APPPATH\Controllers\BaseController.php on line 53.
 1 SYSTEMPATH\CodeIgniter.php(904): App\Controllers\BaseController->initController(Object(CodeIgniter\HTTP\IncomingRequest), Object(CodeIgniter\HTTP\Response), Object(CodeIgniter\Log\Logger))
 2 SYSTEMPATH\CodeIgniter.php(498): CodeIgniter\CodeIgniter->createController()
 3 SYSTEMPATH\CodeIgniter.php(354): CodeIgniter\CodeIgniter->handleRequest(null, Object(Config\Cache), false)
 4 SYSTEMPATH\Boot.php(363): CodeIgniter\CodeIgniter->run()
 5 SYSTEMPATH\Boot.php(68): CodeIgniter\Boot::runCodeIgniter(Object(CodeIgniter\CodeIgniter))
 6 FCPATH\index.php(59): CodeIgniter\Boot::bootWeb(Object(Config\Paths))
 7 SYSTEMPATH\rewrite.php(44): require_once('C:\\Users\\Administrator\\Documents\\GITHUB\\KAPAL-FE-HTML\\home\\public\\index.php')
DEBUG - 2025-08-13 07:45:44 --> Session: Class initialized using 'CodeIgniter\Session\Handlers\FileHandler' driver.
WARNING - 2025-08-13 07:45:44 --> [DEPRECATED] Creation of dynamic property App\Controllers\Home::$session is deprecated in APPPATH\Controllers\BaseController.php on line 53.
 1 SYSTEMPATH\CodeIgniter.php(904): App\Controllers\BaseController->initController(Object(CodeIgniter\HTTP\IncomingRequest), Object(CodeIgniter\HTTP\Response), Object(CodeIgniter\Log\Logger))
 2 SYSTEMPATH\CodeIgniter.php(498): CodeIgniter\CodeIgniter->createController()
 3 SYSTEMPATH\CodeIgniter.php(354): CodeIgniter\CodeIgniter->handleRequest(null, Object(Config\Cache), false)
 4 SYSTEMPATH\Boot.php(363): CodeIgniter\CodeIgniter->run()
 5 SYSTEMPATH\Boot.php(68): CodeIgniter\Boot::runCodeIgniter(Object(CodeIgniter\CodeIgniter))
 6 FCPATH\index.php(59): CodeIgniter\Boot::bootWeb(Object(Config\Paths))
 7 SYSTEMPATH\rewrite.php(44): require_once('C:\\Users\\Administrator\\Documents\\GITHUB\\KAPAL-FE-HTML\\home\\public\\index.php')
DEBUG - 2025-08-13 07:45:48 --> Session: Class initialized using 'CodeIgniter\Session\Handlers\FileHandler' driver.
WARNING - 2025-08-13 07:45:48 --> [DEPRECATED] Creation of dynamic property App\Controllers\Home::$session is deprecated in APPPATH\Controllers\BaseController.php on line 53.
 1 SYSTEMPATH\CodeIgniter.php(904): App\Controllers\BaseController->initController(Object(CodeIgniter\HTTP\IncomingRequest), Object(CodeIgniter\HTTP\Response), Object(CodeIgniter\Log\Logger))
 2 SYSTEMPATH\CodeIgniter.php(498): CodeIgniter\CodeIgniter->createController()
 3 SYSTEMPATH\CodeIgniter.php(354): CodeIgniter\CodeIgniter->handleRequest(null, Object(Config\Cache), false)
 4 SYSTEMPATH\Boot.php(363): CodeIgniter\CodeIgniter->run()
 5 SYSTEMPATH\Boot.php(68): CodeIgniter\Boot::runCodeIgniter(Object(CodeIgniter\CodeIgniter))
 6 FCPATH\index.php(59): CodeIgniter\Boot::bootWeb(Object(Config\Paths))
 7 SYSTEMPATH\rewrite.php(44): require_once('C:\\Users\\Administrator\\Documents\\GITHUB\\KAPAL-FE-HTML\\home\\public\\index.php')
DEBUG - 2025-08-13 07:46:04 --> Session: Class initialized using 'CodeIgniter\Session\Handlers\FileHandler' driver.
WARNING - 2025-08-13 07:46:04 --> [DEPRECATED] Creation of dynamic property App\Controllers\Home::$session is deprecated in APPPATH\Controllers\BaseController.php on line 53.
 1 SYSTEMPATH\CodeIgniter.php(904): App\Controllers\BaseController->initController(Object(CodeIgniter\HTTP\IncomingRequest), Object(CodeIgniter\HTTP\Response), Object(CodeIgniter\Log\Logger))
 2 SYSTEMPATH\CodeIgniter.php(498): CodeIgniter\CodeIgniter->createController()
 3 SYSTEMPATH\CodeIgniter.php(354): CodeIgniter\CodeIgniter->handleRequest(null, Object(Config\Cache), false)
 4 SYSTEMPATH\Boot.php(363): CodeIgniter\CodeIgniter->run()
 5 SYSTEMPATH\Boot.php(68): CodeIgniter\Boot::runCodeIgniter(Object(CodeIgniter\CodeIgniter))
 6 FCPATH\index.php(59): CodeIgniter\Boot::bootWeb(Object(Config\Paths))
 7 SYSTEMPATH\rewrite.php(44): require_once('C:\\Users\\Administrator\\Documents\\GITHUB\\KAPAL-FE-HTML\\home\\public\\index.php')
DEBUG - 2025-08-13 07:47:04 --> Session: Class initialized using 'CodeIgniter\Session\Handlers\FileHandler' driver.
WARNING - 2025-08-13 07:47:04 --> [DEPRECATED] Creation of dynamic property App\Controllers\Home::$session is deprecated in APPPATH\Controllers\BaseController.php on line 53.
 1 SYSTEMPATH\CodeIgniter.php(904): App\Controllers\BaseController->initController(Object(CodeIgniter\HTTP\IncomingRequest), Object(CodeIgniter\HTTP\Response), Object(CodeIgniter\Log\Logger))
 2 SYSTEMPATH\CodeIgniter.php(498): CodeIgniter\CodeIgniter->createController()
 3 SYSTEMPATH\CodeIgniter.php(354): CodeIgniter\CodeIgniter->handleRequest(null, Object(Config\Cache), false)
 4 SYSTEMPATH\Boot.php(363): CodeIgniter\CodeIgniter->run()
 5 SYSTEMPATH\Boot.php(68): CodeIgniter\Boot::runCodeIgniter(Object(CodeIgniter\CodeIgniter))
 6 FCPATH\index.php(59): CodeIgniter\Boot::bootWeb(Object(Config\Paths))
 7 SYSTEMPATH\rewrite.php(44): require_once('C:\\Users\\Administrator\\Documents\\GITHUB\\KAPAL-FE-HTML\\home\\public\\index.php')
DEBUG - 2025-08-13 07:47:06 --> Session: Class initialized using 'CodeIgniter\Session\Handlers\FileHandler' driver.
WARNING - 2025-08-13 07:47:06 --> [DEPRECATED] Creation of dynamic property App\Controllers\Auth::$session is deprecated in APPPATH\Controllers\BaseController.php on line 53.
 1 SYSTEMPATH\CodeIgniter.php(904): App\Controllers\BaseController->initController(Object(CodeIgniter\HTTP\IncomingRequest), Object(CodeIgniter\HTTP\Response), Object(CodeIgniter\Log\Logger))
 2 SYSTEMPATH\CodeIgniter.php(498): CodeIgniter\CodeIgniter->createController()
 3 SYSTEMPATH\CodeIgniter.php(354): CodeIgniter\CodeIgniter->handleRequest(null, Object(Config\Cache), false)
 4 SYSTEMPATH\Boot.php(363): CodeIgniter\CodeIgniter->run()
 5 SYSTEMPATH\Boot.php(68): CodeIgniter\Boot::runCodeIgniter(Object(CodeIgniter\CodeIgniter))
 6 FCPATH\index.php(59): CodeIgniter\Boot::bootWeb(Object(Config\Paths))
 7 SYSTEMPATH\rewrite.php(44): require_once('C:\\Users\\Administrator\\Documents\\GITHUB\\KAPAL-FE-HTML\\home\\public\\index.php')
DEBUG - 2025-08-13 07:47:14 --> Session: Class initialized using 'CodeIgniter\Session\Handlers\FileHandler' driver.
WARNING - 2025-08-13 07:47:14 --> [DEPRECATED] Creation of dynamic property App\Controllers\Auth::$session is deprecated in APPPATH\Controllers\BaseController.php on line 53.
 1 SYSTEMPATH\CodeIgniter.php(904): App\Controllers\BaseController->initController(Object(CodeIgniter\HTTP\IncomingRequest), Object(CodeIgniter\HTTP\Response), Object(CodeIgniter\Log\Logger))
 2 SYSTEMPATH\CodeIgniter.php(498): CodeIgniter\CodeIgniter->createController()
 3 SYSTEMPATH\CodeIgniter.php(354): CodeIgniter\CodeIgniter->handleRequest(null, Object(Config\Cache), false)
 4 SYSTEMPATH\Boot.php(363): CodeIgniter\CodeIgniter->run()
 5 SYSTEMPATH\Boot.php(68): CodeIgniter\Boot::runCodeIgniter(Object(CodeIgniter\CodeIgniter))
 6 FCPATH\index.php(59): CodeIgniter\Boot::bootWeb(Object(Config\Paths))
 7 SYSTEMPATH\rewrite.php(44): require_once('C:\\Users\\Administrator\\Documents\\GITHUB\\KAPAL-FE-HTML\\home\\public\\index.php')
DEBUG - 2025-08-13 07:47:52 --> Session: Class initialized using 'CodeIgniter\Session\Handlers\FileHandler' driver.
WARNING - 2025-08-13 07:47:52 --> [DEPRECATED] Creation of dynamic property App\Controllers\Auth::$session is deprecated in APPPATH\Controllers\BaseController.php on line 53.
 1 SYSTEMPATH\CodeIgniter.php(904): App\Controllers\BaseController->initController(Object(CodeIgniter\HTTP\IncomingRequest), Object(CodeIgniter\HTTP\Response), Object(CodeIgniter\Log\Logger))
 2 SYSTEMPATH\CodeIgniter.php(498): CodeIgniter\CodeIgniter->createController()
 3 SYSTEMPATH\CodeIgniter.php(354): CodeIgniter\CodeIgniter->handleRequest(null, Object(Config\Cache), false)
 4 SYSTEMPATH\Boot.php(363): CodeIgniter\CodeIgniter->run()
 5 SYSTEMPATH\Boot.php(68): CodeIgniter\Boot::runCodeIgniter(Object(CodeIgniter\CodeIgniter))
 6 FCPATH\index.php(59): CodeIgniter\Boot::bootWeb(Object(Config\Paths))
 7 SYSTEMPATH\rewrite.php(44): require_once('C:\\Users\\Administrator\\Documents\\GITHUB\\KAPAL-FE-HTML\\home\\public\\index.php')
DEBUG - 2025-08-13 07:48:08 --> Session: Class initialized using 'CodeIgniter\Session\Handlers\FileHandler' driver.
WARNING - 2025-08-13 07:48:08 --> [DEPRECATED] Creation of dynamic property App\Controllers\Auth::$session is deprecated in APPPATH\Controllers\BaseController.php on line 53.
 1 SYSTEMPATH\CodeIgniter.php(904): App\Controllers\BaseController->initController(Object(CodeIgniter\HTTP\IncomingRequest), Object(CodeIgniter\HTTP\Response), Object(CodeIgniter\Log\Logger))
 2 SYSTEMPATH\CodeIgniter.php(498): CodeIgniter\CodeIgniter->createController()
 3 SYSTEMPATH\CodeIgniter.php(354): CodeIgniter\CodeIgniter->handleRequest(null, Object(Config\Cache), false)
 4 SYSTEMPATH\Boot.php(363): CodeIgniter\CodeIgniter->run()
 5 SYSTEMPATH\Boot.php(68): CodeIgniter\Boot::runCodeIgniter(Object(CodeIgniter\CodeIgniter))
 6 FCPATH\index.php(59): CodeIgniter\Boot::bootWeb(Object(Config\Paths))
 7 SYSTEMPATH\rewrite.php(44): require_once('C:\\Users\\Administrator\\Documents\\GITHUB\\KAPAL-FE-HTML\\home\\public\\index.php')
DEBUG - 2025-08-13 07:48:09 --> Session: Class initialized using 'CodeIgniter\Session\Handlers\FileHandler' driver.
WARNING - 2025-08-13 07:48:09 --> [DEPRECATED] Creation of dynamic property App\Controllers\Auth::$session is deprecated in APPPATH\Controllers\BaseController.php on line 53.
 1 SYSTEMPATH\CodeIgniter.php(904): App\Controllers\BaseController->initController(Object(CodeIgniter\HTTP\IncomingRequest), Object(CodeIgniter\HTTP\Response), Object(CodeIgniter\Log\Logger))
 2 SYSTEMPATH\CodeIgniter.php(498): CodeIgniter\CodeIgniter->createController()
 3 SYSTEMPATH\CodeIgniter.php(354): CodeIgniter\CodeIgniter->handleRequest(null, Object(Config\Cache), false)
 4 SYSTEMPATH\Boot.php(363): CodeIgniter\CodeIgniter->run()
 5 SYSTEMPATH\Boot.php(68): CodeIgniter\Boot::runCodeIgniter(Object(CodeIgniter\CodeIgniter))
 6 FCPATH\index.php(59): CodeIgniter\Boot::bootWeb(Object(Config\Paths))
 7 SYSTEMPATH\rewrite.php(44): require_once('C:\\Users\\Administrator\\Documents\\GITHUB\\KAPAL-FE-HTML\\home\\public\\index.php')
DEBUG - 2025-08-13 07:48:37 --> Session: Class initialized using 'CodeIgniter\Session\Handlers\FileHandler' driver.
WARNING - 2025-08-13 07:48:37 --> [DEPRECATED] Creation of dynamic property App\Controllers\Auth::$session is deprecated in APPPATH\Controllers\BaseController.php on line 53.
 1 SYSTEMPATH\CodeIgniter.php(904): App\Controllers\BaseController->initController(Object(CodeIgniter\HTTP\IncomingRequest), Object(CodeIgniter\HTTP\Response), Object(CodeIgniter\Log\Logger))
 2 SYSTEMPATH\CodeIgniter.php(498): CodeIgniter\CodeIgniter->createController()
 3 SYSTEMPATH\CodeIgniter.php(354): CodeIgniter\CodeIgniter->handleRequest(null, Object(Config\Cache), false)
 4 SYSTEMPATH\Boot.php(363): CodeIgniter\CodeIgniter->run()
 5 SYSTEMPATH\Boot.php(68): CodeIgniter\Boot::runCodeIgniter(Object(CodeIgniter\CodeIgniter))
 6 FCPATH\index.php(59): CodeIgniter\Boot::bootWeb(Object(Config\Paths))
 7 SYSTEMPATH\rewrite.php(44): require_once('C:\\Users\\Administrator\\Documents\\GITHUB\\KAPAL-FE-HTML\\home\\public\\index.php')
ERROR - 2025-08-13 07:48:38 --> Email: sendWithSmtp throwed ErrorException: fsockopen(): php_network_getaddresses: getaddrinfo for smtp.example.com failed: No such host is known.  in C:\Users\Administrator\Documents\GITHUB\KAPAL-FE-HTML\home\vendor\codeigniter4\framework\system\Email\Email.php:1905
Stack trace:
#0 [internal function]: CodeIgniter\Debug\Exceptions->errorHandler(2, 'fsockopen(): ph...', 'C:\\Users\\Admini...', 1905)
#1 C:\Users\Administrator\Documents\GITHUB\KAPAL-FE-HTML\home\vendor\codeigniter4\framework\system\Email\Email.php(1905): fsockopen('smtp.example.co...', 587, NULL, NULL, 5)
#2 C:\Users\Administrator\Documents\GITHUB\KAPAL-FE-HTML\home\vendor\codeigniter4\framework\system\Email\Email.php(1818): CodeIgniter\Email\Email->SMTPConnect()
#3 C:\Users\Administrator\Documents\GITHUB\KAPAL-FE-HTML\home\vendor\codeigniter4\framework\system\Email\Email.php(1703): CodeIgniter\Email\Email->sendWithSmtp()
#4 C:\Users\Administrator\Documents\GITHUB\KAPAL-FE-HTML\home\vendor\codeigniter4\framework\system\Email\Email.php(1597): CodeIgniter\Email\Email->spoolEmail()
#5 C:\Users\Administrator\Documents\GITHUB\KAPAL-FE-HTML\home\app\Controllers\Auth.php(124): CodeIgniter\Email\Email->send()
#6 C:\Users\Administrator\Documents\GITHUB\KAPAL-FE-HTML\home\app\Controllers\Auth.php(101): App\Controllers\Auth->sendVerificationEmail(Array)
#7 C:\Users\Administrator\Documents\GITHUB\KAPAL-FE-HTML\home\vendor\codeigniter4\framework\system\CodeIgniter.php(933): App\Controllers\Auth->attemptRegister()
#8 C:\Users\Administrator\Documents\GITHUB\KAPAL-FE-HTML\home\vendor\codeigniter4\framework\system\CodeIgniter.php(507): CodeIgniter\CodeIgniter->runController(Object(App\Controllers\Auth))
#9 C:\Users\Administrator\Documents\GITHUB\KAPAL-FE-HTML\home\vendor\codeigniter4\framework\system\CodeIgniter.php(354): CodeIgniter\CodeIgniter->handleRequest(NULL, Object(Config\Cache), false)
#10 C:\Users\Administrator\Documents\GITHUB\KAPAL-FE-HTML\home\vendor\codeigniter4\framework\system\Boot.php(363): CodeIgniter\CodeIgniter->run()
#11 C:\Users\Administrator\Documents\GITHUB\KAPAL-FE-HTML\home\vendor\codeigniter4\framework\system\Boot.php(68): CodeIgniter\Boot::runCodeIgniter(Object(CodeIgniter\CodeIgniter))
#12 C:\Users\Administrator\Documents\GITHUB\KAPAL-FE-HTML\home\public\index.php(59): CodeIgniter\Boot::bootWeb(Object(Config\Paths))
#13 C:\Users\Administrator\Documents\GITHUB\KAPAL-FE-HTML\home\vendor\codeigniter4\framework\system\rewrite.php(44): require_once('C:\\Users\\Admini...')
#14 {main}
ERROR - 2025-08-13 07:48:38 --> Email: Unable to send email using SMTP. Your server might not be configured to send mail using this method.
ERROR - 2025-08-13 07:48:38 --> 
DEBUG - 2025-08-13 07:48:38 --> Session: Class initialized using 'CodeIgniter\Session\Handlers\FileHandler' driver.
WARNING - 2025-08-13 07:48:38 --> [DEPRECATED] Creation of dynamic property App\Controllers\Auth::$session is deprecated in APPPATH\Controllers\BaseController.php on line 53.
 1 SYSTEMPATH\CodeIgniter.php(904): App\Controllers\BaseController->initController(Object(CodeIgniter\HTTP\IncomingRequest), Object(CodeIgniter\HTTP\Response), Object(CodeIgniter\Log\Logger))
 2 SYSTEMPATH\CodeIgniter.php(498): CodeIgniter\CodeIgniter->createController()
 3 SYSTEMPATH\CodeIgniter.php(354): CodeIgniter\CodeIgniter->handleRequest(null, Object(Config\Cache), false)
 4 SYSTEMPATH\Boot.php(363): CodeIgniter\CodeIgniter->run()
 5 SYSTEMPATH\Boot.php(68): CodeIgniter\Boot::runCodeIgniter(Object(CodeIgniter\CodeIgniter))
 6 FCPATH\index.php(59): CodeIgniter\Boot::bootWeb(Object(Config\Paths))
 7 SYSTEMPATH\rewrite.php(44): require_once('C:\\Users\\Administrator\\Documents\\GITHUB\\KAPAL-FE-HTML\\home\\public\\index.php')
DEBUG - 2025-08-13 07:48:56 --> Session: Class initialized using 'CodeIgniter\Session\Handlers\FileHandler' driver.
WARNING - 2025-08-13 07:48:56 --> [DEPRECATED] Creation of dynamic property App\Controllers\Auth::$session is deprecated in APPPATH\Controllers\BaseController.php on line 53.
 1 SYSTEMPATH\CodeIgniter.php(904): App\Controllers\BaseController->initController(Object(CodeIgniter\HTTP\IncomingRequest), Object(CodeIgniter\HTTP\Response), Object(CodeIgniter\Log\Logger))
 2 SYSTEMPATH\CodeIgniter.php(498): CodeIgniter\CodeIgniter->createController()
 3 SYSTEMPATH\CodeIgniter.php(354): CodeIgniter\CodeIgniter->handleRequest(null, Object(Config\Cache), false)
 4 SYSTEMPATH\Boot.php(363): CodeIgniter\CodeIgniter->run()
 5 SYSTEMPATH\Boot.php(68): CodeIgniter\Boot::runCodeIgniter(Object(CodeIgniter\CodeIgniter))
 6 FCPATH\index.php(59): CodeIgniter\Boot::bootWeb(Object(Config\Paths))
 7 SYSTEMPATH\rewrite.php(44): require_once('C:\\Users\\Administrator\\Documents\\GITHUB\\KAPAL-FE-HTML\\home\\public\\index.php')
CRITICAL - 2025-08-13 07:48:57 --> CodeIgniter\Filters\Exceptions\FilterException: "auth" filter must have a matching alias defined.
[Method: GET, Route: boats]
in SYSTEMPATH\Filters\Filters.php on line 590.
 1 SYSTEMPATH\Filters\Filters.php(590): CodeIgniter\Filters\Exceptions\FilterException::forNoAlias('auth')
 2 SYSTEMPATH\Filters\Filters.php(641): CodeIgniter\Filters\Filters->enableFilter('auth', 'before')
 3 SYSTEMPATH\CodeIgniter.php(467): CodeIgniter\Filters\Filters->enableFilters([...], 'before')
 4 SYSTEMPATH\CodeIgniter.php(354): CodeIgniter\CodeIgniter->handleRequest(null, Object(Config\Cache), false)
 5 SYSTEMPATH\Boot.php(363): CodeIgniter\CodeIgniter->run()
 6 SYSTEMPATH\Boot.php(68): CodeIgniter\Boot::runCodeIgniter(Object(CodeIgniter\CodeIgniter))
 7 FCPATH\index.php(59): CodeIgniter\Boot::bootWeb(Object(Config\Paths))
 8 SYSTEMPATH\rewrite.php(44): require_once('C:\\Users\\Administrator\\Documents\\GITHUB\\KAPAL-FE-HTML\\home\\public\\index.php')
CRITICAL - 2025-08-13 08:00:08 --> Error: Class "App\Filters\AuthFilter" not found
[Method: GET, Route: boats]
in SYSTEMPATH\Filters\Filters.php on line 299.
 1 SYSTEMPATH\Filters\Filters.php(239): CodeIgniter\Filters\Filters->createFilter('App\\Filters\\AuthFilter')
 2 SYSTEMPATH\Filters\Filters.php(221): CodeIgniter\Filters\Filters->runBefore([...])
 3 SYSTEMPATH\CodeIgniter.php(479): CodeIgniter\Filters\Filters->run('boats', 'before')
 4 SYSTEMPATH\CodeIgniter.php(354): CodeIgniter\CodeIgniter->handleRequest(null, Object(Config\Cache), false)
 5 SYSTEMPATH\Boot.php(363): CodeIgniter\CodeIgniter->run()
 6 SYSTEMPATH\Boot.php(68): CodeIgniter\Boot::runCodeIgniter(Object(CodeIgniter\CodeIgniter))
 7 FCPATH\index.php(59): CodeIgniter\Boot::bootWeb(Object(Config\Paths))
 8 SYSTEMPATH\rewrite.php(44): require_once('C:\\Users\\Administrator\\Documents\\GITHUB\\KAPAL-FE-HTML\\home\\public\\index.php')
CRITICAL - 2025-08-13 08:00:16 --> Error: Class "App\Filters\AuthFilter" not found
[Method: GET, Route: boats]
in SYSTEMPATH\Filters\Filters.php on line 299.
 1 SYSTEMPATH\Filters\Filters.php(239): CodeIgniter\Filters\Filters->createFilter('App\\Filters\\AuthFilter')
 2 SYSTEMPATH\Filters\Filters.php(221): CodeIgniter\Filters\Filters->runBefore([...])
 3 SYSTEMPATH\CodeIgniter.php(479): CodeIgniter\Filters\Filters->run('boats', 'before')
 4 SYSTEMPATH\CodeIgniter.php(354): CodeIgniter\CodeIgniter->handleRequest(null, Object(Config\Cache), false)
 5 SYSTEMPATH\Boot.php(363): CodeIgniter\CodeIgniter->run()
 6 SYSTEMPATH\Boot.php(68): CodeIgniter\Boot::runCodeIgniter(Object(CodeIgniter\CodeIgniter))
 7 FCPATH\index.php(59): CodeIgniter\Boot::bootWeb(Object(Config\Paths))
 8 SYSTEMPATH\rewrite.php(44): require_once('C:\\Users\\Administrator\\Documents\\GITHUB\\KAPAL-FE-HTML\\home\\public\\index.php')
CRITICAL - 2025-08-13 08:01:56 --> Error: Call to undefined function App\Filters\auth()
[Method: GET, Route: boats]
in APPPATH\Filters\AuthFilter.php on line 14.
 1 SYSTEMPATH\Filters\Filters.php(241): App\Filters\AuthFilter->before(Object(CodeIgniter\HTTP\IncomingRequest), null)
 2 SYSTEMPATH\Filters\Filters.php(221): CodeIgniter\Filters\Filters->runBefore([...])
 3 SYSTEMPATH\CodeIgniter.php(479): CodeIgniter\Filters\Filters->run('boats', 'before')
 4 SYSTEMPATH\CodeIgniter.php(354): CodeIgniter\CodeIgniter->handleRequest(null, Object(Config\Cache), false)
 5 SYSTEMPATH\Boot.php(363): CodeIgniter\CodeIgniter->run()
 6 SYSTEMPATH\Boot.php(68): CodeIgniter\Boot::runCodeIgniter(Object(CodeIgniter\CodeIgniter))
 7 FCPATH\index.php(59): CodeIgniter\Boot::bootWeb(Object(Config\Paths))
 8 SYSTEMPATH\rewrite.php(44): require_once('C:\\Users\\Administrator\\Documents\\GITHUB\\KAPAL-FE-HTML\\home\\public\\index.php')
CRITICAL - 2025-08-13 08:01:57 --> Error: Call to undefined function App\Filters\auth()
[Method: GET, Route: boats]
in APPPATH\Filters\AuthFilter.php on line 14.
 1 SYSTEMPATH\Filters\Filters.php(241): App\Filters\AuthFilter->before(Object(CodeIgniter\HTTP\IncomingRequest), null)
 2 SYSTEMPATH\Filters\Filters.php(221): CodeIgniter\Filters\Filters->runBefore([...])
 3 SYSTEMPATH\CodeIgniter.php(479): CodeIgniter\Filters\Filters->run('boats', 'before')
 4 SYSTEMPATH\CodeIgniter.php(354): CodeIgniter\CodeIgniter->handleRequest(null, Object(Config\Cache), false)
 5 SYSTEMPATH\Boot.php(363): CodeIgniter\CodeIgniter->run()
 6 SYSTEMPATH\Boot.php(68): CodeIgniter\Boot::runCodeIgniter(Object(CodeIgniter\CodeIgniter))
 7 FCPATH\index.php(59): CodeIgniter\Boot::bootWeb(Object(Config\Paths))
 8 SYSTEMPATH\rewrite.php(44): require_once('C:\\Users\\Administrator\\Documents\\GITHUB\\KAPAL-FE-HTML\\home\\public\\index.php')
DEBUG - 2025-08-13 08:04:44 --> Session: Class initialized using 'CodeIgniter\Session\Handlers\FileHandler' driver.
WARNING - 2025-08-13 08:04:44 --> [DEPRECATED] Creation of dynamic property App\Controllers\Boats::$session is deprecated in APPPATH\Controllers\BaseController.php on line 53.
 1 SYSTEMPATH\CodeIgniter.php(904): App\Controllers\BaseController->initController(Object(CodeIgniter\HTTP\IncomingRequest), Object(CodeIgniter\HTTP\Response), Object(CodeIgniter\Log\Logger))
 2 SYSTEMPATH\CodeIgniter.php(498): CodeIgniter\CodeIgniter->createController()
 3 SYSTEMPATH\CodeIgniter.php(354): CodeIgniter\CodeIgniter->handleRequest(null, Object(Config\Cache), false)
 4 SYSTEMPATH\Boot.php(363): CodeIgniter\CodeIgniter->run()
 5 SYSTEMPATH\Boot.php(68): CodeIgniter\Boot::runCodeIgniter(Object(CodeIgniter\CodeIgniter))
 6 FCPATH\index.php(59): CodeIgniter\Boot::bootWeb(Object(Config\Paths))
 7 SYSTEMPATH\rewrite.php(44): require_once('C:\\Users\\Administrator\\Documents\\GITHUB\\KAPAL-FE-HTML\\home\\public\\index.php')
DEBUG - 2025-08-13 08:05:13 --> Session: Class initialized using 'CodeIgniter\Session\Handlers\FileHandler' driver.
WARNING - 2025-08-13 08:05:13 --> [DEPRECATED] Creation of dynamic property App\Controllers\Boats::$session is deprecated in APPPATH\Controllers\BaseController.php on line 53.
 1 SYSTEMPATH\CodeIgniter.php(904): App\Controllers\BaseController->initController(Object(CodeIgniter\HTTP\IncomingRequest), Object(CodeIgniter\HTTP\Response), Object(CodeIgniter\Log\Logger))
 2 SYSTEMPATH\CodeIgniter.php(498): CodeIgniter\CodeIgniter->createController()
 3 SYSTEMPATH\CodeIgniter.php(354): CodeIgniter\CodeIgniter->handleRequest(null, Object(Config\Cache), false)
 4 SYSTEMPATH\Boot.php(363): CodeIgniter\CodeIgniter->run()
 5 SYSTEMPATH\Boot.php(68): CodeIgniter\Boot::runCodeIgniter(Object(CodeIgniter\CodeIgniter))
 6 FCPATH\index.php(59): CodeIgniter\Boot::bootWeb(Object(Config\Paths))
 7 SYSTEMPATH\rewrite.php(44): require_once('C:\\Users\\Administrator\\Documents\\GITHUB\\KAPAL-FE-HTML\\home\\public\\index.php')
DEBUG - 2025-08-13 08:14:10 --> Session: Class initialized using 'CodeIgniter\Session\Handlers\FileHandler' driver.
WARNING - 2025-08-13 08:14:10 --> [DEPRECATED] Creation of dynamic property App\Controllers\Boats::$session is deprecated in APPPATH\Controllers\BaseController.php on line 53.
 1 SYSTEMPATH\CodeIgniter.php(904): App\Controllers\BaseController->initController(Object(CodeIgniter\HTTP\IncomingRequest), Object(CodeIgniter\HTTP\Response), Object(CodeIgniter\Log\Logger))
 2 SYSTEMPATH\CodeIgniter.php(498): CodeIgniter\CodeIgniter->createController()
 3 SYSTEMPATH\CodeIgniter.php(354): CodeIgniter\CodeIgniter->handleRequest(null, Object(Config\Cache), false)
 4 SYSTEMPATH\Boot.php(363): CodeIgniter\CodeIgniter->run()
 5 SYSTEMPATH\Boot.php(68): CodeIgniter\Boot::runCodeIgniter(Object(CodeIgniter\CodeIgniter))
 6 FCPATH\index.php(59): CodeIgniter\Boot::bootWeb(Object(Config\Paths))
 7 SYSTEMPATH\rewrite.php(44): require_once('C:\\Users\\Administrator\\Documents\\GITHUB\\KAPAL-FE-HTML\\home\\public\\index.php')
DEBUG - 2025-08-13 08:14:14 --> Session: Class initialized using 'CodeIgniter\Session\Handlers\FileHandler' driver.
WARNING - 2025-08-13 08:14:14 --> [DEPRECATED] Creation of dynamic property App\Controllers\Boats::$session is deprecated in APPPATH\Controllers\BaseController.php on line 53.
 1 SYSTEMPATH\CodeIgniter.php(904): App\Controllers\BaseController->initController(Object(CodeIgniter\HTTP\IncomingRequest), Object(CodeIgniter\HTTP\Response), Object(CodeIgniter\Log\Logger))
 2 SYSTEMPATH\CodeIgniter.php(498): CodeIgniter\CodeIgniter->createController()
 3 SYSTEMPATH\CodeIgniter.php(354): CodeIgniter\CodeIgniter->handleRequest(null, Object(Config\Cache), false)
 4 SYSTEMPATH\Boot.php(363): CodeIgniter\CodeIgniter->run()
 5 SYSTEMPATH\Boot.php(68): CodeIgniter\Boot::runCodeIgniter(Object(CodeIgniter\CodeIgniter))
 6 FCPATH\index.php(59): CodeIgniter\Boot::bootWeb(Object(Config\Paths))
 7 SYSTEMPATH\rewrite.php(44): require_once('C:\\Users\\Administrator\\Documents\\GITHUB\\KAPAL-FE-HTML\\home\\public\\index.php')
DEBUG - 2025-08-13 08:14:31 --> Session: Class initialized using 'CodeIgniter\Session\Handlers\FileHandler' driver.
WARNING - 2025-08-13 08:14:31 --> [DEPRECATED] Creation of dynamic property App\Controllers\Boats::$session is deprecated in APPPATH\Controllers\BaseController.php on line 53.
 1 SYSTEMPATH\CodeIgniter.php(904): App\Controllers\BaseController->initController(Object(CodeIgniter\HTTP\IncomingRequest), Object(CodeIgniter\HTTP\Response), Object(CodeIgniter\Log\Logger))
 2 SYSTEMPATH\CodeIgniter.php(498): CodeIgniter\CodeIgniter->createController()
 3 SYSTEMPATH\CodeIgniter.php(354): CodeIgniter\CodeIgniter->handleRequest(null, Object(Config\Cache), false)
 4 SYSTEMPATH\Boot.php(363): CodeIgniter\CodeIgniter->run()
 5 SYSTEMPATH\Boot.php(68): CodeIgniter\Boot::runCodeIgniter(Object(CodeIgniter\CodeIgniter))
 6 FCPATH\index.php(59): CodeIgniter\Boot::bootWeb(Object(Config\Paths))
 7 SYSTEMPATH\rewrite.php(44): require_once('C:\\Users\\Administrator\\Documents\\GITHUB\\KAPAL-FE-HTML\\home\\public\\index.php')
DEBUG - 2025-08-13 08:14:35 --> Session: Class initialized using 'CodeIgniter\Session\Handlers\FileHandler' driver.
WARNING - 2025-08-13 08:14:35 --> [DEPRECATED] Creation of dynamic property App\Controllers\Home::$session is deprecated in APPPATH\Controllers\BaseController.php on line 53.
 1 SYSTEMPATH\CodeIgniter.php(904): App\Controllers\BaseController->initController(Object(CodeIgniter\HTTP\IncomingRequest), Object(CodeIgniter\HTTP\Response), Object(CodeIgniter\Log\Logger))
 2 SYSTEMPATH\CodeIgniter.php(498): CodeIgniter\CodeIgniter->createController()
 3 SYSTEMPATH\CodeIgniter.php(354): CodeIgniter\CodeIgniter->handleRequest(null, Object(Config\Cache), false)
 4 SYSTEMPATH\Boot.php(363): CodeIgniter\CodeIgniter->run()
 5 SYSTEMPATH\Boot.php(68): CodeIgniter\Boot::runCodeIgniter(Object(CodeIgniter\CodeIgniter))
 6 FCPATH\index.php(59): CodeIgniter\Boot::bootWeb(Object(Config\Paths))
 7 SYSTEMPATH\rewrite.php(44): require_once('C:\\Users\\Administrator\\Documents\\GITHUB\\KAPAL-FE-HTML\\home\\public\\index.php')
DEBUG - 2025-08-13 08:14:42 --> Session: Class initialized using 'CodeIgniter\Session\Handlers\FileHandler' driver.
WARNING - 2025-08-13 08:14:42 --> [DEPRECATED] Creation of dynamic property App\Controllers\Boats::$session is deprecated in APPPATH\Controllers\BaseController.php on line 53.
 1 SYSTEMPATH\CodeIgniter.php(904): App\Controllers\BaseController->initController(Object(CodeIgniter\HTTP\IncomingRequest), Object(CodeIgniter\HTTP\Response), Object(CodeIgniter\Log\Logger))
 2 SYSTEMPATH\CodeIgniter.php(498): CodeIgniter\CodeIgniter->createController()
 3 SYSTEMPATH\CodeIgniter.php(354): CodeIgniter\CodeIgniter->handleRequest(null, Object(Config\Cache), false)
 4 SYSTEMPATH\Boot.php(363): CodeIgniter\CodeIgniter->run()
 5 SYSTEMPATH\Boot.php(68): CodeIgniter\Boot::runCodeIgniter(Object(CodeIgniter\CodeIgniter))
 6 FCPATH\index.php(59): CodeIgniter\Boot::bootWeb(Object(Config\Paths))
 7 SYSTEMPATH\rewrite.php(44): require_once('C:\\Users\\Administrator\\Documents\\GITHUB\\KAPAL-FE-HTML\\home\\public\\index.php')
CRITICAL - 2025-08-13 08:22:02 --> CodeIgniter\HTTP\Exceptions\BadRequestException: The URI you submitted has disallowed characters: "<input type="hidden" id="modalOpenTripId" name="open_trip_id">"
[Method: GET, Route: boats/%3Cinput%20type=%22hidden%22%20id=%22modalOpenTripId%22%20name=%22open_trip_id%22%3E]
in SYSTEMPATH\Router\Router.php on line 741.
 1 SYSTEMPATH\Router\Router.php(207): CodeIgniter\Router\Router->checkDisallowedChars('boats/<input type="hidden" id="modalOpenTripId" name="open_trip_id">')
 2 SYSTEMPATH\CodeIgniter.php(832): CodeIgniter\Router\Router->handle('boats/<input type="hidden" id="modalOpenTripId" name="open_trip_id">')
 3 SYSTEMPATH\CodeIgniter.php(455): CodeIgniter\CodeIgniter->tryToRouteIt(Object(CodeIgniter\Router\RouteCollection))
 4 SYSTEMPATH\CodeIgniter.php(354): CodeIgniter\CodeIgniter->handleRequest(null, Object(Config\Cache), false)
 5 SYSTEMPATH\Boot.php(363): CodeIgniter\CodeIgniter->run()
 6 SYSTEMPATH\Boot.php(68): CodeIgniter\Boot::runCodeIgniter(Object(CodeIgniter\CodeIgniter))
 7 FCPATH\index.php(59): CodeIgniter\Boot::bootWeb(Object(Config\Paths))
 8 SYSTEMPATH\rewrite.php(44): require_once('C:\\Users\\Administrator\\Documents\\GITHUB\\KAPAL-FE-HTML\\home\\public\\index.php')
DEBUG - 2025-08-13 08:22:17 --> Session: Class initialized using 'CodeIgniter\Session\Handlers\FileHandler' driver.
WARNING - 2025-08-13 08:22:17 --> [DEPRECATED] Creation of dynamic property App\Controllers\Boats::$session is deprecated in APPPATH\Controllers\BaseController.php on line 53.
 1 SYSTEMPATH\CodeIgniter.php(904): App\Controllers\BaseController->initController(Object(CodeIgniter\HTTP\IncomingRequest), Object(CodeIgniter\HTTP\Response), Object(CodeIgniter\Log\Logger))
 2 SYSTEMPATH\CodeIgniter.php(498): CodeIgniter\CodeIgniter->createController()
 3 SYSTEMPATH\CodeIgniter.php(354): CodeIgniter\CodeIgniter->handleRequest(null, Object(Config\Cache), false)
 4 SYSTEMPATH\Boot.php(363): CodeIgniter\CodeIgniter->run()
 5 SYSTEMPATH\Boot.php(68): CodeIgniter\Boot::runCodeIgniter(Object(CodeIgniter\CodeIgniter))
 6 FCPATH\index.php(59): CodeIgniter\Boot::bootWeb(Object(Config\Paths))
 7 SYSTEMPATH\rewrite.php(44): require_once('C:\\Users\\Administrator\\Documents\\GITHUB\\KAPAL-FE-HTML\\home\\public\\index.php')
CRITICAL - 2025-08-13 08:22:17 --> Error: Class "App\Models\RouteModel" not found
[Method: GET, Route: boats/schedule]
in APPPATH\Controllers\Boats.php on line 26.
 1 SYSTEMPATH\CodeIgniter.php(933): App\Controllers\Boats->schedule()
 2 SYSTEMPATH\CodeIgniter.php(507): CodeIgniter\CodeIgniter->runController(Object(App\Controllers\Boats))
 3 SYSTEMPATH\CodeIgniter.php(354): CodeIgniter\CodeIgniter->handleRequest(null, Object(Config\Cache), false)
 4 SYSTEMPATH\Boot.php(363): CodeIgniter\CodeIgniter->run()
 5 SYSTEMPATH\Boot.php(68): CodeIgniter\Boot::runCodeIgniter(Object(CodeIgniter\CodeIgniter))
 6 FCPATH\index.php(59): CodeIgniter\Boot::bootWeb(Object(Config\Paths))
 7 SYSTEMPATH\rewrite.php(44): require_once('C:\\Users\\Administrator\\Documents\\GITHUB\\KAPAL-FE-HTML\\home\\public\\index.php')
DEBUG - 2025-08-13 08:22:33 --> Session: Class initialized using 'CodeIgniter\Session\Handlers\FileHandler' driver.
WARNING - 2025-08-13 08:22:33 --> [DEPRECATED] Creation of dynamic property App\Controllers\Boats::$session is deprecated in APPPATH\Controllers\BaseController.php on line 53.
 1 SYSTEMPATH\CodeIgniter.php(904): App\Controllers\BaseController->initController(Object(CodeIgniter\HTTP\IncomingRequest), Object(CodeIgniter\HTTP\Response), Object(CodeIgniter\Log\Logger))
 2 SYSTEMPATH\CodeIgniter.php(498): CodeIgniter\CodeIgniter->createController()
 3 SYSTEMPATH\CodeIgniter.php(354): CodeIgniter\CodeIgniter->handleRequest(null, Object(Config\Cache), false)
 4 SYSTEMPATH\Boot.php(363): CodeIgniter\CodeIgniter->run()
 5 SYSTEMPATH\Boot.php(68): CodeIgniter\Boot::runCodeIgniter(Object(CodeIgniter\CodeIgniter))
 6 FCPATH\index.php(59): CodeIgniter\Boot::bootWeb(Object(Config\Paths))
 7 SYSTEMPATH\rewrite.php(44): require_once('C:\\Users\\Administrator\\Documents\\GITHUB\\KAPAL-FE-HTML\\home\\public\\index.php')
CRITICAL - 2025-08-13 08:22:34 --> ErrorException: Undefined variable $boats
[Method: GET, Route: boats/open-trip]
in APPPATH\Views\boats\open_trip.php on line 78.
 1 APPPATH\Views\boats\open_trip.php(78): CodeIgniter\Debug\Exceptions->errorHandler(2, 'Undefined variable $boats', 'C:\\Users\\Administrator\\Documents\\GITHUB\\KAPAL-FE-HTML\\home\\app\\Views\\boats\\open_trip.php', 78)
 2 SYSTEMPATH\View\View.php(226): include('C:\\Users\\Administrator\\Documents\\GITHUB\\KAPAL-FE-HTML\\home\\app\\Views\\boats\\open_trip.php')
 3 SYSTEMPATH\View\View.php(229): CodeIgniter\View\View->CodeIgniter\View\{closure}()
 4 SYSTEMPATH\Common.php(1167): CodeIgniter\View\View->render('boats/open_trip', [], true)
 5 APPPATH\Controllers\BaseController.php(65): view('boats/open_trip', [...])
 6 APPPATH\Controllers\Boats.php(234): App\Controllers\BaseController->render('boats/open_trip', [...])
 7 SYSTEMPATH\CodeIgniter.php(933): App\Controllers\Boats->openTripSchedule()
 8 SYSTEMPATH\CodeIgniter.php(507): CodeIgniter\CodeIgniter->runController(Object(App\Controllers\Boats))
 9 SYSTEMPATH\CodeIgniter.php(354): CodeIgniter\CodeIgniter->handleRequest(null, Object(Config\Cache), false)
10 SYSTEMPATH\Boot.php(363): CodeIgniter\CodeIgniter->run()
11 SYSTEMPATH\Boot.php(68): CodeIgniter\Boot::runCodeIgniter(Object(CodeIgniter\CodeIgniter))
12 FCPATH\index.php(59): CodeIgniter\Boot::bootWeb(Object(Config\Paths))
13 SYSTEMPATH\rewrite.php(44): require_once('C:\\Users\\Administrator\\Documents\\GITHUB\\KAPAL-FE-HTML\\home\\public\\index.php')
DEBUG - 2025-08-13 08:24:28 --> Session: Class initialized using 'CodeIgniter\Session\Handlers\FileHandler' driver.
WARNING - 2025-08-13 08:24:28 --> [DEPRECATED] Creation of dynamic property App\Controllers\Boats::$session is deprecated in APPPATH\Controllers\BaseController.php on line 53.
 1 SYSTEMPATH\CodeIgniter.php(904): App\Controllers\BaseController->initController(Object(CodeIgniter\HTTP\IncomingRequest), Object(CodeIgniter\HTTP\Response), Object(CodeIgniter\Log\Logger))
 2 SYSTEMPATH\CodeIgniter.php(498): CodeIgniter\CodeIgniter->createController()
 3 SYSTEMPATH\CodeIgniter.php(354): CodeIgniter\CodeIgniter->handleRequest(null, Object(Config\Cache), false)
 4 SYSTEMPATH\Boot.php(363): CodeIgniter\CodeIgniter->run()
 5 SYSTEMPATH\Boot.php(68): CodeIgniter\Boot::runCodeIgniter(Object(CodeIgniter\CodeIgniter))
 6 FCPATH\index.php(59): CodeIgniter\Boot::bootWeb(Object(Config\Paths))
 7 SYSTEMPATH\rewrite.php(44): require_once('C:\\Users\\Administrator\\Documents\\GITHUB\\KAPAL-FE-HTML\\home\\public\\index.php')
CRITICAL - 2025-08-13 08:24:28 --> ErrorException: Undefined array key "boat_id"
[Method: GET, Route: boats/open-trip]
in APPPATH\Views\boats\open_trip.php on line 79.
 1 APPPATH\Views\boats\open_trip.php(79): CodeIgniter\Debug\Exceptions->errorHandler(2, 'Undefined array key "boat_id"', 'C:\\Users\\Administrator\\Documents\\GITHUB\\KAPAL-FE-HTML\\home\\app\\Views\\boats\\open_trip.php', 79)
 2 SYSTEMPATH\View\View.php(226): include('C:\\Users\\Administrator\\Documents\\GITHUB\\KAPAL-FE-HTML\\home\\app\\Views\\boats\\open_trip.php')
 3 SYSTEMPATH\View\View.php(229): CodeIgniter\View\View->CodeIgniter\View\{closure}()
 4 SYSTEMPATH\Common.php(1167): CodeIgniter\View\View->render('boats/open_trip', [], true)
 5 APPPATH\Controllers\BaseController.php(65): view('boats/open_trip', [...])
 6 APPPATH\Controllers\Boats.php(235): App\Controllers\BaseController->render('boats/open_trip', [...])
 7 SYSTEMPATH\CodeIgniter.php(933): App\Controllers\Boats->openTripSchedule()
 8 SYSTEMPATH\CodeIgniter.php(507): CodeIgniter\CodeIgniter->runController(Object(App\Controllers\Boats))
 9 SYSTEMPATH\CodeIgniter.php(354): CodeIgniter\CodeIgniter->handleRequest(null, Object(Config\Cache), false)
10 SYSTEMPATH\Boot.php(363): CodeIgniter\CodeIgniter->run()
11 SYSTEMPATH\Boot.php(68): CodeIgniter\Boot::runCodeIgniter(Object(CodeIgniter\CodeIgniter))
12 FCPATH\index.php(59): CodeIgniter\Boot::bootWeb(Object(Config\Paths))
13 SYSTEMPATH\rewrite.php(44): require_once('C:\\Users\\Administrator\\Documents\\GITHUB\\KAPAL-FE-HTML\\home\\public\\index.php')
DEBUG - 2025-08-13 08:25:01 --> Session: Class initialized using 'CodeIgniter\Session\Handlers\FileHandler' driver.
WARNING - 2025-08-13 08:25:01 --> [DEPRECATED] Creation of dynamic property App\Controllers\Boats::$session is deprecated in APPPATH\Controllers\BaseController.php on line 53.
 1 SYSTEMPATH\CodeIgniter.php(904): App\Controllers\BaseController->initController(Object(CodeIgniter\HTTP\IncomingRequest), Object(CodeIgniter\HTTP\Response), Object(CodeIgniter\Log\Logger))
 2 SYSTEMPATH\CodeIgniter.php(498): CodeIgniter\CodeIgniter->createController()
 3 SYSTEMPATH\CodeIgniter.php(354): CodeIgniter\CodeIgniter->handleRequest(null, Object(Config\Cache), false)
 4 SYSTEMPATH\Boot.php(363): CodeIgniter\CodeIgniter->run()
 5 SYSTEMPATH\Boot.php(68): CodeIgniter\Boot::runCodeIgniter(Object(CodeIgniter\CodeIgniter))
 6 FCPATH\index.php(59): CodeIgniter\Boot::bootWeb(Object(Config\Paths))
 7 SYSTEMPATH\rewrite.php(44): require_once('C:\\Users\\Administrator\\Documents\\GITHUB\\KAPAL-FE-HTML\\home\\public\\index.php')
CRITICAL - 2025-08-13 08:25:01 --> ErrorException: Undefined variable $routes
[Method: GET, Route: boats/open-trip]
in APPPATH\Views\boats\open_trip.php on line 87.
 1 APPPATH\Views\boats\open_trip.php(87): CodeIgniter\Debug\Exceptions->errorHandler(2, 'Undefined variable $routes', 'C:\\Users\\Administrator\\Documents\\GITHUB\\KAPAL-FE-HTML\\home\\app\\Views\\boats\\open_trip.php', 87)
 2 SYSTEMPATH\View\View.php(226): include('C:\\Users\\Administrator\\Documents\\GITHUB\\KAPAL-FE-HTML\\home\\app\\Views\\boats\\open_trip.php')
 3 SYSTEMPATH\View\View.php(229): CodeIgniter\View\View->CodeIgniter\View\{closure}()
 4 SYSTEMPATH\Common.php(1167): CodeIgniter\View\View->render('boats/open_trip', [], true)
 5 APPPATH\Controllers\BaseController.php(65): view('boats/open_trip', [...])
 6 APPPATH\Controllers\Boats.php(236): App\Controllers\BaseController->render('boats/open_trip', [...])
 7 SYSTEMPATH\CodeIgniter.php(933): App\Controllers\Boats->openTripSchedule()
 8 SYSTEMPATH\CodeIgniter.php(507): CodeIgniter\CodeIgniter->runController(Object(App\Controllers\Boats))
 9 SYSTEMPATH\CodeIgniter.php(354): CodeIgniter\CodeIgniter->handleRequest(null, Object(Config\Cache), false)
10 SYSTEMPATH\Boot.php(363): CodeIgniter\CodeIgniter->run()
11 SYSTEMPATH\Boot.php(68): CodeIgniter\Boot::runCodeIgniter(Object(CodeIgniter\CodeIgniter))
12 FCPATH\index.php(59): CodeIgniter\Boot::bootWeb(Object(Config\Paths))
13 SYSTEMPATH\rewrite.php(44): require_once('C:\\Users\\Administrator\\Documents\\GITHUB\\KAPAL-FE-HTML\\home\\public\\index.php')
DEBUG - 2025-08-13 08:25:37 --> Session: Class initialized using 'CodeIgniter\Session\Handlers\FileHandler' driver.
WARNING - 2025-08-13 08:25:37 --> [DEPRECATED] Creation of dynamic property App\Controllers\Boats::$session is deprecated in APPPATH\Controllers\BaseController.php on line 53.
 1 SYSTEMPATH\CodeIgniter.php(904): App\Controllers\BaseController->initController(Object(CodeIgniter\HTTP\IncomingRequest), Object(CodeIgniter\HTTP\Response), Object(CodeIgniter\Log\Logger))
 2 SYSTEMPATH\CodeIgniter.php(498): CodeIgniter\CodeIgniter->createController()
 3 SYSTEMPATH\CodeIgniter.php(354): CodeIgniter\CodeIgniter->handleRequest(null, Object(Config\Cache), false)
 4 SYSTEMPATH\Boot.php(363): CodeIgniter\CodeIgniter->run()
 5 SYSTEMPATH\Boot.php(68): CodeIgniter\Boot::runCodeIgniter(Object(CodeIgniter\CodeIgniter))
 6 FCPATH\index.php(59): CodeIgniter\Boot::bootWeb(Object(Config\Paths))
 7 SYSTEMPATH\rewrite.php(44): require_once('C:\\Users\\Administrator\\Documents\\GITHUB\\KAPAL-FE-HTML\\home\\public\\index.php')
CRITICAL - 2025-08-13 08:25:37 --> Error: Class "App\Models\RouteModel" not found
[Method: GET, Route: boats/open-trip]
in APPPATH\Controllers\Boats.php on line 228.
 1 SYSTEMPATH\CodeIgniter.php(933): App\Controllers\Boats->openTripSchedule()
 2 SYSTEMPATH\CodeIgniter.php(507): CodeIgniter\CodeIgniter->runController(Object(App\Controllers\Boats))
 3 SYSTEMPATH\CodeIgniter.php(354): CodeIgniter\CodeIgniter->handleRequest(null, Object(Config\Cache), false)
 4 SYSTEMPATH\Boot.php(363): CodeIgniter\CodeIgniter->run()
 5 SYSTEMPATH\Boot.php(68): CodeIgniter\Boot::runCodeIgniter(Object(CodeIgniter\CodeIgniter))
 6 FCPATH\index.php(59): CodeIgniter\Boot::bootWeb(Object(Config\Paths))
 7 SYSTEMPATH\rewrite.php(44): require_once('C:\\Users\\Administrator\\Documents\\GITHUB\\KAPAL-FE-HTML\\home\\public\\index.php')
DEBUG - 2025-08-13 08:31:01 --> Session: Class initialized using 'CodeIgniter\Session\Handlers\FileHandler' driver.
WARNING - 2025-08-13 08:31:01 --> [DEPRECATED] Creation of dynamic property App\Controllers\Boats::$session is deprecated in APPPATH\Controllers\BaseController.php on line 53.
 1 SYSTEMPATH\CodeIgniter.php(904): App\Controllers\BaseController->initController(Object(CodeIgniter\HTTP\IncomingRequest), Object(CodeIgniter\HTTP\Response), Object(CodeIgniter\Log\Logger))
 2 SYSTEMPATH\CodeIgniter.php(498): CodeIgniter\CodeIgniter->createController()
 3 SYSTEMPATH\CodeIgniter.php(354): CodeIgniter\CodeIgniter->handleRequest(null, Object(Config\Cache), false)
 4 SYSTEMPATH\Boot.php(363): CodeIgniter\CodeIgniter->run()
 5 SYSTEMPATH\Boot.php(68): CodeIgniter\Boot::runCodeIgniter(Object(CodeIgniter\CodeIgniter))
 6 FCPATH\index.php(59): CodeIgniter\Boot::bootWeb(Object(Config\Paths))
 7 SYSTEMPATH\rewrite.php(44): require_once('C:\\Users\\Administrator\\Documents\\GITHUB\\KAPAL-FE-HTML\\home\\public\\index.php')
CRITICAL - 2025-08-13 08:31:01 --> Error: Class "App\Models\RouteModel" not found
[Method: GET, Route: boats/schedule]
in APPPATH\Controllers\Boats.php on line 26.
 1 SYSTEMPATH\CodeIgniter.php(933): App\Controllers\Boats->schedule()
 2 SYSTEMPATH\CodeIgniter.php(507): CodeIgniter\CodeIgniter->runController(Object(App\Controllers\Boats))
 3 SYSTEMPATH\CodeIgniter.php(354): CodeIgniter\CodeIgniter->handleRequest(null, Object(Config\Cache), false)
 4 SYSTEMPATH\Boot.php(363): CodeIgniter\CodeIgniter->run()
 5 SYSTEMPATH\Boot.php(68): CodeIgniter\Boot::runCodeIgniter(Object(CodeIgniter\CodeIgniter))
 6 FCPATH\index.php(59): CodeIgniter\Boot::bootWeb(Object(Config\Paths))
 7 SYSTEMPATH\rewrite.php(44): require_once('C:\\Users\\Administrator\\Documents\\GITHUB\\KAPAL-FE-HTML\\home\\public\\index.php')
DEBUG - 2025-08-13 08:31:02 --> Session: Class initialized using 'CodeIgniter\Session\Handlers\FileHandler' driver.
WARNING - 2025-08-13 08:31:02 --> [DEPRECATED] Creation of dynamic property App\Controllers\Boats::$session is deprecated in APPPATH\Controllers\BaseController.php on line 53.
 1 SYSTEMPATH\CodeIgniter.php(904): App\Controllers\BaseController->initController(Object(CodeIgniter\HTTP\IncomingRequest), Object(CodeIgniter\HTTP\Response), Object(CodeIgniter\Log\Logger))
 2 SYSTEMPATH\CodeIgniter.php(498): CodeIgniter\CodeIgniter->createController()
 3 SYSTEMPATH\CodeIgniter.php(354): CodeIgniter\CodeIgniter->handleRequest(null, Object(Config\Cache), false)
 4 SYSTEMPATH\Boot.php(363): CodeIgniter\CodeIgniter->run()
 5 SYSTEMPATH\Boot.php(68): CodeIgniter\Boot::runCodeIgniter(Object(CodeIgniter\CodeIgniter))
 6 FCPATH\index.php(59): CodeIgniter\Boot::bootWeb(Object(Config\Paths))
 7 SYSTEMPATH\rewrite.php(44): require_once('C:\\Users\\Administrator\\Documents\\GITHUB\\KAPAL-FE-HTML\\home\\public\\index.php')
DEBUG - 2025-08-13 08:31:07 --> Session: Class initialized using 'CodeIgniter\Session\Handlers\FileHandler' driver.
WARNING - 2025-08-13 08:31:07 --> [DEPRECATED] Creation of dynamic property App\Controllers\Boats::$session is deprecated in APPPATH\Controllers\BaseController.php on line 53.
 1 SYSTEMPATH\CodeIgniter.php(904): App\Controllers\BaseController->initController(Object(CodeIgniter\HTTP\IncomingRequest), Object(CodeIgniter\HTTP\Response), Object(CodeIgniter\Log\Logger))
 2 SYSTEMPATH\CodeIgniter.php(498): CodeIgniter\CodeIgniter->createController()
 3 SYSTEMPATH\CodeIgniter.php(354): CodeIgniter\CodeIgniter->handleRequest(null, Object(Config\Cache), false)
 4 SYSTEMPATH\Boot.php(363): CodeIgniter\CodeIgniter->run()
 5 SYSTEMPATH\Boot.php(68): CodeIgniter\Boot::runCodeIgniter(Object(CodeIgniter\CodeIgniter))
 6 FCPATH\index.php(59): CodeIgniter\Boot::bootWeb(Object(Config\Paths))
 7 SYSTEMPATH\rewrite.php(44): require_once('C:\\Users\\Administrator\\Documents\\GITHUB\\KAPAL-FE-HTML\\home\\public\\index.php')
CRITICAL - 2025-08-13 08:31:07 --> Error: Class "App\Models\RouteModel" not found
[Method: GET, Route: boats/open-trip]
in APPPATH\Controllers\Boats.php on line 228.
 1 SYSTEMPATH\CodeIgniter.php(933): App\Controllers\Boats->openTripSchedule()
 2 SYSTEMPATH\CodeIgniter.php(507): CodeIgniter\CodeIgniter->runController(Object(App\Controllers\Boats))
 3 SYSTEMPATH\CodeIgniter.php(354): CodeIgniter\CodeIgniter->handleRequest(null, Object(Config\Cache), false)
 4 SYSTEMPATH\Boot.php(363): CodeIgniter\CodeIgniter->run()
 5 SYSTEMPATH\Boot.php(68): CodeIgniter\Boot::runCodeIgniter(Object(CodeIgniter\CodeIgniter))
 6 FCPATH\index.php(59): CodeIgniter\Boot::bootWeb(Object(Config\Paths))
 7 SYSTEMPATH\rewrite.php(44): require_once('C:\\Users\\Administrator\\Documents\\GITHUB\\KAPAL-FE-HTML\\home\\public\\index.php')
DEBUG - 2025-08-13 08:52:32 --> Session: Class initialized using 'CodeIgniter\Session\Handlers\FileHandler' driver.
DEBUG - 2025-08-13 08:52:32 --> Session: Class initialized using 'CodeIgniter\Session\Handlers\FileHandler' driver.
WARNING - 2025-08-13 08:52:32 --> [DEPRECATED] Creation of dynamic property App\Controllers\Auth::$session is deprecated in APPPATH\Controllers\BaseController.php on line 53.
 1 SYSTEMPATH\CodeIgniter.php(904): App\Controllers\BaseController->initController(Object(CodeIgniter\HTTP\IncomingRequest), Object(CodeIgniter\HTTP\Response), Object(CodeIgniter\Log\Logger))
 2 SYSTEMPATH\CodeIgniter.php(498): CodeIgniter\CodeIgniter->createController()
 3 SYSTEMPATH\CodeIgniter.php(354): CodeIgniter\CodeIgniter->handleRequest(null, Object(Config\Cache), false)
 4 SYSTEMPATH\Boot.php(363): CodeIgniter\CodeIgniter->run()
 5 SYSTEMPATH\Boot.php(68): CodeIgniter\Boot::runCodeIgniter(Object(CodeIgniter\CodeIgniter))
 6 FCPATH\index.php(59): CodeIgniter\Boot::bootWeb(Object(Config\Paths))
 7 SYSTEMPATH\rewrite.php(44): require_once('C:\\Users\\Administrator\\Documents\\GITHUB\\KAPAL-FE-HTML\\home\\public\\index.php')
DEBUG - 2025-08-13 08:52:39 --> Session: Class initialized using 'CodeIgniter\Session\Handlers\FileHandler' driver.
WARNING - 2025-08-13 08:52:39 --> [DEPRECATED] Creation of dynamic property App\Controllers\Auth::$session is deprecated in APPPATH\Controllers\BaseController.php on line 53.
 1 SYSTEMPATH\CodeIgniter.php(904): App\Controllers\BaseController->initController(Object(CodeIgniter\HTTP\IncomingRequest), Object(CodeIgniter\HTTP\Response), Object(CodeIgniter\Log\Logger))
 2 SYSTEMPATH\CodeIgniter.php(498): CodeIgniter\CodeIgniter->createController()
 3 SYSTEMPATH\CodeIgniter.php(354): CodeIgniter\CodeIgniter->handleRequest(null, Object(Config\Cache), false)
 4 SYSTEMPATH\Boot.php(363): CodeIgniter\CodeIgniter->run()
 5 SYSTEMPATH\Boot.php(68): CodeIgniter\Boot::runCodeIgniter(Object(CodeIgniter\CodeIgniter))
 6 FCPATH\index.php(59): CodeIgniter\Boot::bootWeb(Object(Config\Paths))
 7 SYSTEMPATH\rewrite.php(44): require_once('C:\\Users\\Administrator\\Documents\\GITHUB\\KAPAL-FE-HTML\\home\\public\\index.php')
DEBUG - 2025-08-13 08:52:40 --> Session: Class initialized using 'CodeIgniter\Session\Handlers\FileHandler' driver.
WARNING - 2025-08-13 08:52:40 --> [DEPRECATED] Creation of dynamic property App\Controllers\Boats::$session is deprecated in APPPATH\Controllers\BaseController.php on line 53.
 1 SYSTEMPATH\CodeIgniter.php(904): App\Controllers\BaseController->initController(Object(CodeIgniter\HTTP\IncomingRequest), Object(CodeIgniter\HTTP\Response), Object(CodeIgniter\Log\Logger))
 2 SYSTEMPATH\CodeIgniter.php(498): CodeIgniter\CodeIgniter->createController()
 3 SYSTEMPATH\CodeIgniter.php(354): CodeIgniter\CodeIgniter->handleRequest(null, Object(Config\Cache), false)
 4 SYSTEMPATH\Boot.php(363): CodeIgniter\CodeIgniter->run()
 5 SYSTEMPATH\Boot.php(68): CodeIgniter\Boot::runCodeIgniter(Object(CodeIgniter\CodeIgniter))
 6 FCPATH\index.php(59): CodeIgniter\Boot::bootWeb(Object(Config\Paths))
 7 SYSTEMPATH\rewrite.php(44): require_once('C:\\Users\\Administrator\\Documents\\GITHUB\\KAPAL-FE-HTML\\home\\public\\index.php')
DEBUG - 2025-08-13 08:52:44 --> Session: Class initialized using 'CodeIgniter\Session\Handlers\FileHandler' driver.
WARNING - 2025-08-13 08:52:44 --> [DEPRECATED] Creation of dynamic property App\Controllers\Boats::$session is deprecated in APPPATH\Controllers\BaseController.php on line 53.
 1 SYSTEMPATH\CodeIgniter.php(904): App\Controllers\BaseController->initController(Object(CodeIgniter\HTTP\IncomingRequest), Object(CodeIgniter\HTTP\Response), Object(CodeIgniter\Log\Logger))
 2 SYSTEMPATH\CodeIgniter.php(498): CodeIgniter\CodeIgniter->createController()
 3 SYSTEMPATH\CodeIgniter.php(354): CodeIgniter\CodeIgniter->handleRequest(null, Object(Config\Cache), false)
 4 SYSTEMPATH\Boot.php(363): CodeIgniter\CodeIgniter->run()
 5 SYSTEMPATH\Boot.php(68): CodeIgniter\Boot::runCodeIgniter(Object(CodeIgniter\CodeIgniter))
 6 FCPATH\index.php(59): CodeIgniter\Boot::bootWeb(Object(Config\Paths))
 7 SYSTEMPATH\rewrite.php(44): require_once('C:\\Users\\Administrator\\Documents\\GITHUB\\KAPAL-FE-HTML\\home\\public\\index.php')
CRITICAL - 2025-08-13 08:52:44 --> ErrorException: Cannot declare class App\Models\RouteModel, because the name is already in use
[Method: GET, Route: boats/open-trip]
in APPPATH\Models\BoatModel.php on line 21.
 1 [internal function]: CodeIgniter\Debug\Exceptions->shutdownHandler()
DEBUG - 2025-08-13 08:53:51 --> Session: Class initialized using 'CodeIgniter\Session\Handlers\FileHandler' driver.
WARNING - 2025-08-13 08:53:51 --> [DEPRECATED] Creation of dynamic property App\Controllers\Boats::$session is deprecated in APPPATH\Controllers\BaseController.php on line 53.
 1 SYSTEMPATH\CodeIgniter.php(904): App\Controllers\BaseController->initController(Object(CodeIgniter\HTTP\IncomingRequest), Object(CodeIgniter\HTTP\Response), Object(CodeIgniter\Log\Logger))
 2 SYSTEMPATH\CodeIgniter.php(498): CodeIgniter\CodeIgniter->createController()
 3 SYSTEMPATH\CodeIgniter.php(354): CodeIgniter\CodeIgniter->handleRequest(null, Object(Config\Cache), false)
 4 SYSTEMPATH\Boot.php(363): CodeIgniter\CodeIgniter->run()
 5 SYSTEMPATH\Boot.php(68): CodeIgniter\Boot::runCodeIgniter(Object(CodeIgniter\CodeIgniter))
 6 FCPATH\index.php(59): CodeIgniter\Boot::bootWeb(Object(Config\Paths))
 7 SYSTEMPATH\rewrite.php(44): require_once('C:\\Users\\Administrator\\Documents\\GITHUB\\KAPAL-FE-HTML\\home\\public\\index.php')
CRITICAL - 2025-08-13 08:53:51 --> Error: Class "App\Models\RouteModel" not found
[Method: GET, Route: boats/open-trip]
in APPPATH\Controllers\Boats.php on line 228.
 1 SYSTEMPATH\CodeIgniter.php(933): App\Controllers\Boats->openTripSchedule()
 2 SYSTEMPATH\CodeIgniter.php(507): CodeIgniter\CodeIgniter->runController(Object(App\Controllers\Boats))
 3 SYSTEMPATH\CodeIgniter.php(354): CodeIgniter\CodeIgniter->handleRequest(null, Object(Config\Cache), false)
 4 SYSTEMPATH\Boot.php(363): CodeIgniter\CodeIgniter->run()
 5 SYSTEMPATH\Boot.php(68): CodeIgniter\Boot::runCodeIgniter(Object(CodeIgniter\CodeIgniter))
 6 FCPATH\index.php(59): CodeIgniter\Boot::bootWeb(Object(Config\Paths))
 7 SYSTEMPATH\rewrite.php(44): require_once('C:\\Users\\Administrator\\Documents\\GITHUB\\KAPAL-FE-HTML\\home\\public\\index.php')
DEBUG - 2025-08-13 08:57:31 --> Session: Class initialized using 'CodeIgniter\Session\Handlers\FileHandler' driver.
WARNING - 2025-08-13 08:57:31 --> [DEPRECATED] Creation of dynamic property App\Controllers\Boats::$session is deprecated in APPPATH\Controllers\BaseController.php on line 53.
 1 SYSTEMPATH\CodeIgniter.php(904): App\Controllers\BaseController->initController(Object(CodeIgniter\HTTP\IncomingRequest), Object(CodeIgniter\HTTP\Response), Object(CodeIgniter\Log\Logger))
 2 SYSTEMPATH\CodeIgniter.php(498): CodeIgniter\CodeIgniter->createController()
 3 SYSTEMPATH\CodeIgniter.php(354): CodeIgniter\CodeIgniter->handleRequest(null, Object(Config\Cache), false)
 4 SYSTEMPATH\Boot.php(363): CodeIgniter\CodeIgniter->run()
 5 SYSTEMPATH\Boot.php(68): CodeIgniter\Boot::runCodeIgniter(Object(CodeIgniter\CodeIgniter))
 6 FCPATH\index.php(59): CodeIgniter\Boot::bootWeb(Object(Config\Paths))
 7 SYSTEMPATH\rewrite.php(44): require_once('C:\\Users\\Administrator\\Documents\\GITHUB\\KAPAL-FE-HTML\\home\\public\\index.php')
CRITICAL - 2025-08-13 08:57:31 --> ErrorException: Undefined array key "departure_island_name"
[Method: GET, Route: boats/open-trip]
in APPPATH\Views\boats\open_trip.php on line 89.
 1 APPPATH\Views\boats\open_trip.php(89): CodeIgniter\Debug\Exceptions->errorHandler(2, 'Undefined array key "departure_island_name"', 'C:\\Users\\Administrator\\Documents\\GITHUB\\KAPAL-FE-HTML\\home\\app\\Views\\boats\\open_trip.php', 89)
 2 SYSTEMPATH\View\View.php(226): include('C:\\Users\\Administrator\\Documents\\GITHUB\\KAPAL-FE-HTML\\home\\app\\Views\\boats\\open_trip.php')
 3 SYSTEMPATH\View\View.php(229): CodeIgniter\View\View->CodeIgniter\View\{closure}()
 4 SYSTEMPATH\Common.php(1167): CodeIgniter\View\View->render('boats/open_trip', [], true)
 5 APPPATH\Controllers\BaseController.php(65): view('boats/open_trip', [...])
 6 APPPATH\Controllers\Boats.php(238): App\Controllers\BaseController->render('boats/open_trip', [...])
 7 SYSTEMPATH\CodeIgniter.php(933): App\Controllers\Boats->openTripSchedule()
 8 SYSTEMPATH\CodeIgniter.php(507): CodeIgniter\CodeIgniter->runController(Object(App\Controllers\Boats))
 9 SYSTEMPATH\CodeIgniter.php(354): CodeIgniter\CodeIgniter->handleRequest(null, Object(Config\Cache), false)
10 SYSTEMPATH\Boot.php(363): CodeIgniter\CodeIgniter->run()
11 SYSTEMPATH\Boot.php(68): CodeIgniter\Boot::runCodeIgniter(Object(CodeIgniter\CodeIgniter))
12 FCPATH\index.php(59): CodeIgniter\Boot::bootWeb(Object(Config\Paths))
13 SYSTEMPATH\rewrite.php(44): require_once('C:\\Users\\Administrator\\Documents\\GITHUB\\KAPAL-FE-HTML\\home\\public\\index.php')
DEBUG - 2025-08-13 08:59:32 --> Session: Class initialized using 'CodeIgniter\Session\Handlers\FileHandler' driver.
WARNING - 2025-08-13 08:59:32 --> [DEPRECATED] Creation of dynamic property App\Controllers\Boats::$session is deprecated in APPPATH\Controllers\BaseController.php on line 53.
 1 SYSTEMPATH\CodeIgniter.php(904): App\Controllers\BaseController->initController(Object(CodeIgniter\HTTP\IncomingRequest), Object(CodeIgniter\HTTP\Response), Object(CodeIgniter\Log\Logger))
 2 SYSTEMPATH\CodeIgniter.php(498): CodeIgniter\CodeIgniter->createController()
 3 SYSTEMPATH\CodeIgniter.php(354): CodeIgniter\CodeIgniter->handleRequest(null, Object(Config\Cache), false)
 4 SYSTEMPATH\Boot.php(363): CodeIgniter\CodeIgniter->run()
 5 SYSTEMPATH\Boot.php(68): CodeIgniter\Boot::runCodeIgniter(Object(CodeIgniter\CodeIgniter))
 6 FCPATH\index.php(59): CodeIgniter\Boot::bootWeb(Object(Config\Paths))
 7 SYSTEMPATH\rewrite.php(44): require_once('C:\\Users\\Administrator\\Documents\\GITHUB\\KAPAL-FE-HTML\\home\\public\\index.php')
CRITICAL - 2025-08-13 08:59:32 --> ErrorException: Undefined variable $routes
[Method: GET, Route: boats/open-trip]
in APPPATH\Views\boats\open_trip.php on line 87.
 1 APPPATH\Views\boats\open_trip.php(87): CodeIgniter\Debug\Exceptions->errorHandler(2, 'Undefined variable $routes', 'C:\\Users\\Administrator\\Documents\\GITHUB\\KAPAL-FE-HTML\\home\\app\\Views\\boats\\open_trip.php', 87)
 2 SYSTEMPATH\View\View.php(226): include('C:\\Users\\Administrator\\Documents\\GITHUB\\KAPAL-FE-HTML\\home\\app\\Views\\boats\\open_trip.php')
 3 SYSTEMPATH\View\View.php(229): CodeIgniter\View\View->CodeIgniter\View\{closure}()
 4 SYSTEMPATH\Common.php(1167): CodeIgniter\View\View->render('boats/open_trip', [], true)
 5 APPPATH\Controllers\BaseController.php(65): view('boats/open_trip', [...])
 6 APPPATH\Controllers\Boats.php(238): App\Controllers\BaseController->render('boats/open_trip', [...])
 7 SYSTEMPATH\CodeIgniter.php(933): App\Controllers\Boats->openTripSchedule()
 8 SYSTEMPATH\CodeIgniter.php(507): CodeIgniter\CodeIgniter->runController(Object(App\Controllers\Boats))
 9 SYSTEMPATH\CodeIgniter.php(354): CodeIgniter\CodeIgniter->handleRequest(null, Object(Config\Cache), false)
10 SYSTEMPATH\Boot.php(363): CodeIgniter\CodeIgniter->run()
11 SYSTEMPATH\Boot.php(68): CodeIgniter\Boot::runCodeIgniter(Object(CodeIgniter\CodeIgniter))
12 FCPATH\index.php(59): CodeIgniter\Boot::bootWeb(Object(Config\Paths))
13 SYSTEMPATH\rewrite.php(44): require_once('C:\\Users\\Administrator\\Documents\\GITHUB\\KAPAL-FE-HTML\\home\\public\\index.php')
DEBUG - 2025-08-13 09:00:01 --> Session: Class initialized using 'CodeIgniter\Session\Handlers\FileHandler' driver.
WARNING - 2025-08-13 09:00:01 --> [DEPRECATED] Creation of dynamic property App\Controllers\Boats::$session is deprecated in APPPATH\Controllers\BaseController.php on line 53.
 1 SYSTEMPATH\CodeIgniter.php(904): App\Controllers\BaseController->initController(Object(CodeIgniter\HTTP\IncomingRequest), Object(CodeIgniter\HTTP\Response), Object(CodeIgniter\Log\Logger))
 2 SYSTEMPATH\CodeIgniter.php(498): CodeIgniter\CodeIgniter->createController()
 3 SYSTEMPATH\CodeIgniter.php(354): CodeIgniter\CodeIgniter->handleRequest(null, Object(Config\Cache), false)
 4 SYSTEMPATH\Boot.php(363): CodeIgniter\CodeIgniter->run()
 5 SYSTEMPATH\Boot.php(68): CodeIgniter\Boot::runCodeIgniter(Object(CodeIgniter\CodeIgniter))
 6 FCPATH\index.php(59): CodeIgniter\Boot::bootWeb(Object(Config\Paths))
 7 SYSTEMPATH\rewrite.php(44): require_once('C:\\Users\\Administrator\\Documents\\GITHUB\\KAPAL-FE-HTML\\home\\public\\index.php')
DEBUG - 2025-08-13 09:00:21 --> Session: Class initialized using 'CodeIgniter\Session\Handlers\FileHandler' driver.
WARNING - 2025-08-13 09:00:21 --> [DEPRECATED] Creation of dynamic property App\Controllers\Boats::$session is deprecated in APPPATH\Controllers\BaseController.php on line 53.
 1 SYSTEMPATH\CodeIgniter.php(904): App\Controllers\BaseController->initController(Object(CodeIgniter\HTTP\IncomingRequest), Object(CodeIgniter\HTTP\Response), Object(CodeIgniter\Log\Logger))
 2 SYSTEMPATH\CodeIgniter.php(498): CodeIgniter\CodeIgniter->createController()
 3 SYSTEMPATH\CodeIgniter.php(354): CodeIgniter\CodeIgniter->handleRequest(null, Object(Config\Cache), false)
 4 SYSTEMPATH\Boot.php(363): CodeIgniter\CodeIgniter->run()
 5 SYSTEMPATH\Boot.php(68): CodeIgniter\Boot::runCodeIgniter(Object(CodeIgniter\CodeIgniter))
 6 FCPATH\index.php(59): CodeIgniter\Boot::bootWeb(Object(Config\Paths))
 7 SYSTEMPATH\rewrite.php(44): require_once('C:\\Users\\Administrator\\Documents\\GITHUB\\KAPAL-FE-HTML\\home\\public\\index.php')
DEBUG - 2025-08-13 09:02:16 --> Session: Class initialized using 'CodeIgniter\Session\Handlers\FileHandler' driver.
WARNING - 2025-08-13 09:02:16 --> [DEPRECATED] Creation of dynamic property App\Controllers\Boats::$session is deprecated in APPPATH\Controllers\BaseController.php on line 53.
 1 SYSTEMPATH\CodeIgniter.php(904): App\Controllers\BaseController->initController(Object(CodeIgniter\HTTP\IncomingRequest), Object(CodeIgniter\HTTP\Response), Object(CodeIgniter\Log\Logger))
 2 SYSTEMPATH\CodeIgniter.php(498): CodeIgniter\CodeIgniter->createController()
 3 SYSTEMPATH\CodeIgniter.php(354): CodeIgniter\CodeIgniter->handleRequest(null, Object(Config\Cache), false)
 4 SYSTEMPATH\Boot.php(363): CodeIgniter\CodeIgniter->run()
 5 SYSTEMPATH\Boot.php(68): CodeIgniter\Boot::runCodeIgniter(Object(CodeIgniter\CodeIgniter))
 6 FCPATH\index.php(59): CodeIgniter\Boot::bootWeb(Object(Config\Paths))
 7 SYSTEMPATH\rewrite.php(44): require_once('C:\\Users\\Administrator\\Documents\\GITHUB\\KAPAL-FE-HTML\\home\\public\\index.php')
CRITICAL - 2025-08-13 09:02:16 --> Error: Class "App\Models\RouteModel" not found
[Method: GET, Route: boats/open-trip]
in APPPATH\Controllers\Boats.php on line 228.
 1 SYSTEMPATH\CodeIgniter.php(933): App\Controllers\Boats->openTripSchedule()
 2 SYSTEMPATH\CodeIgniter.php(507): CodeIgniter\CodeIgniter->runController(Object(App\Controllers\Boats))
 3 SYSTEMPATH\CodeIgniter.php(354): CodeIgniter\CodeIgniter->handleRequest(null, Object(Config\Cache), false)
 4 SYSTEMPATH\Boot.php(363): CodeIgniter\CodeIgniter->run()
 5 SYSTEMPATH\Boot.php(68): CodeIgniter\Boot::runCodeIgniter(Object(CodeIgniter\CodeIgniter))
 6 FCPATH\index.php(59): CodeIgniter\Boot::bootWeb(Object(Config\Paths))
 7 SYSTEMPATH\rewrite.php(44): require_once('C:\\Users\\Administrator\\Documents\\GITHUB\\KAPAL-FE-HTML\\home\\public\\index.php')
DEBUG - 2025-08-13 09:03:53 --> Session: Class initialized using 'CodeIgniter\Session\Handlers\FileHandler' driver.
WARNING - 2025-08-13 09:03:53 --> [DEPRECATED] Creation of dynamic property App\Controllers\Boats::$session is deprecated in APPPATH\Controllers\BaseController.php on line 53.
 1 SYSTEMPATH\CodeIgniter.php(904): App\Controllers\BaseController->initController(Object(CodeIgniter\HTTP\IncomingRequest), Object(CodeIgniter\HTTP\Response), Object(CodeIgniter\Log\Logger))
 2 SYSTEMPATH\CodeIgniter.php(498): CodeIgniter\CodeIgniter->createController()
 3 SYSTEMPATH\CodeIgniter.php(354): CodeIgniter\CodeIgniter->handleRequest(null, Object(Config\Cache), false)
 4 SYSTEMPATH\Boot.php(363): CodeIgniter\CodeIgniter->run()
 5 SYSTEMPATH\Boot.php(68): CodeIgniter\Boot::runCodeIgniter(Object(CodeIgniter\CodeIgniter))
 6 FCPATH\index.php(59): CodeIgniter\Boot::bootWeb(Object(Config\Paths))
 7 SYSTEMPATH\rewrite.php(44): require_once('C:\\Users\\Administrator\\Documents\\GITHUB\\KAPAL-FE-HTML\\home\\public\\index.php')
CRITICAL - 2025-08-13 09:03:53 --> Error: Class "App\Models\RouteModel" not found
[Method: GET, Route: boats/open-trip]
in APPPATH\Controllers\Boats.php on line 228.
 1 SYSTEMPATH\CodeIgniter.php(933): App\Controllers\Boats->openTripSchedule()
 2 SYSTEMPATH\CodeIgniter.php(507): CodeIgniter\CodeIgniter->runController(Object(App\Controllers\Boats))
 3 SYSTEMPATH\CodeIgniter.php(354): CodeIgniter\CodeIgniter->handleRequest(null, Object(Config\Cache), false)
 4 SYSTEMPATH\Boot.php(363): CodeIgniter\CodeIgniter->run()
 5 SYSTEMPATH\Boot.php(68): CodeIgniter\Boot::runCodeIgniter(Object(CodeIgniter\CodeIgniter))
 6 FCPATH\index.php(59): CodeIgniter\Boot::bootWeb(Object(Config\Paths))
 7 SYSTEMPATH\rewrite.php(44): require_once('C:\\Users\\Administrator\\Documents\\GITHUB\\KAPAL-FE-HTML\\home\\public\\index.php')
DEBUG - 2025-08-13 09:03:54 --> Session: Class initialized using 'CodeIgniter\Session\Handlers\FileHandler' driver.
WARNING - 2025-08-13 09:03:54 --> [DEPRECATED] Creation of dynamic property App\Controllers\Boats::$session is deprecated in APPPATH\Controllers\BaseController.php on line 53.
 1 SYSTEMPATH\CodeIgniter.php(904): App\Controllers\BaseController->initController(Object(CodeIgniter\HTTP\IncomingRequest), Object(CodeIgniter\HTTP\Response), Object(CodeIgniter\Log\Logger))
 2 SYSTEMPATH\CodeIgniter.php(498): CodeIgniter\CodeIgniter->createController()
 3 SYSTEMPATH\CodeIgniter.php(354): CodeIgniter\CodeIgniter->handleRequest(null, Object(Config\Cache), false)
 4 SYSTEMPATH\Boot.php(363): CodeIgniter\CodeIgniter->run()
 5 SYSTEMPATH\Boot.php(68): CodeIgniter\Boot::runCodeIgniter(Object(CodeIgniter\CodeIgniter))
 6 FCPATH\index.php(59): CodeIgniter\Boot::bootWeb(Object(Config\Paths))
 7 SYSTEMPATH\rewrite.php(44): require_once('C:\\Users\\Administrator\\Documents\\GITHUB\\KAPAL-FE-HTML\\home\\public\\index.php')
CRITICAL - 2025-08-13 09:03:54 --> Error: Class "App\Models\RouteModel" not found
[Method: GET, Route: boats/open-trip]
in APPPATH\Controllers\Boats.php on line 228.
 1 SYSTEMPATH\CodeIgniter.php(933): App\Controllers\Boats->openTripSchedule()
 2 SYSTEMPATH\CodeIgniter.php(507): CodeIgniter\CodeIgniter->runController(Object(App\Controllers\Boats))
 3 SYSTEMPATH\CodeIgniter.php(354): CodeIgniter\CodeIgniter->handleRequest(null, Object(Config\Cache), false)
 4 SYSTEMPATH\Boot.php(363): CodeIgniter\CodeIgniter->run()
 5 SYSTEMPATH\Boot.php(68): CodeIgniter\Boot::runCodeIgniter(Object(CodeIgniter\CodeIgniter))
 6 FCPATH\index.php(59): CodeIgniter\Boot::bootWeb(Object(Config\Paths))
 7 SYSTEMPATH\rewrite.php(44): require_once('C:\\Users\\Administrator\\Documents\\GITHUB\\KAPAL-FE-HTML\\home\\public\\index.php')
DEBUG - 2025-08-13 09:03:55 --> Session: Class initialized using 'CodeIgniter\Session\Handlers\FileHandler' driver.
WARNING - 2025-08-13 09:03:55 --> [DEPRECATED] Creation of dynamic property App\Controllers\Boats::$session is deprecated in APPPATH\Controllers\BaseController.php on line 53.
 1 SYSTEMPATH\CodeIgniter.php(904): App\Controllers\BaseController->initController(Object(CodeIgniter\HTTP\IncomingRequest), Object(CodeIgniter\HTTP\Response), Object(CodeIgniter\Log\Logger))
 2 SYSTEMPATH\CodeIgniter.php(498): CodeIgniter\CodeIgniter->createController()
 3 SYSTEMPATH\CodeIgniter.php(354): CodeIgniter\CodeIgniter->handleRequest(null, Object(Config\Cache), false)
 4 SYSTEMPATH\Boot.php(363): CodeIgniter\CodeIgniter->run()
 5 SYSTEMPATH\Boot.php(68): CodeIgniter\Boot::runCodeIgniter(Object(CodeIgniter\CodeIgniter))
 6 FCPATH\index.php(59): CodeIgniter\Boot::bootWeb(Object(Config\Paths))
 7 SYSTEMPATH\rewrite.php(44): require_once('C:\\Users\\Administrator\\Documents\\GITHUB\\KAPAL-FE-HTML\\home\\public\\index.php')
CRITICAL - 2025-08-13 09:03:55 --> Error: Class "App\Models\RouteModel" not found
[Method: GET, Route: boats/open-trip]
in APPPATH\Controllers\Boats.php on line 228.
 1 SYSTEMPATH\CodeIgniter.php(933): App\Controllers\Boats->openTripSchedule()
 2 SYSTEMPATH\CodeIgniter.php(507): CodeIgniter\CodeIgniter->runController(Object(App\Controllers\Boats))
 3 SYSTEMPATH\CodeIgniter.php(354): CodeIgniter\CodeIgniter->handleRequest(null, Object(Config\Cache), false)
 4 SYSTEMPATH\Boot.php(363): CodeIgniter\CodeIgniter->run()
 5 SYSTEMPATH\Boot.php(68): CodeIgniter\Boot::runCodeIgniter(Object(CodeIgniter\CodeIgniter))
 6 FCPATH\index.php(59): CodeIgniter\Boot::bootWeb(Object(Config\Paths))
 7 SYSTEMPATH\rewrite.php(44): require_once('C:\\Users\\Administrator\\Documents\\GITHUB\\KAPAL-FE-HTML\\home\\public\\index.php')
DEBUG - 2025-08-13 09:04:27 --> Session: Class initialized using 'CodeIgniter\Session\Handlers\FileHandler' driver.
WARNING - 2025-08-13 09:04:27 --> [DEPRECATED] Creation of dynamic property App\Controllers\Boats::$session is deprecated in APPPATH\Controllers\BaseController.php on line 53.
 1 SYSTEMPATH\CodeIgniter.php(904): App\Controllers\BaseController->initController(Object(CodeIgniter\HTTP\IncomingRequest), Object(CodeIgniter\HTTP\Response), Object(CodeIgniter\Log\Logger))
 2 SYSTEMPATH\CodeIgniter.php(498): CodeIgniter\CodeIgniter->createController()
 3 SYSTEMPATH\CodeIgniter.php(354): CodeIgniter\CodeIgniter->handleRequest(null, Object(Config\Cache), false)
 4 SYSTEMPATH\Boot.php(363): CodeIgniter\CodeIgniter->run()
 5 SYSTEMPATH\Boot.php(68): CodeIgniter\Boot::runCodeIgniter(Object(CodeIgniter\CodeIgniter))
 6 FCPATH\index.php(59): CodeIgniter\Boot::bootWeb(Object(Config\Paths))
 7 SYSTEMPATH\rewrite.php(44): require_once('C:\\Users\\Administrator\\Documents\\GITHUB\\KAPAL-FE-HTML\\home\\public\\index.php')
CRITICAL - 2025-08-13 09:04:27 --> Error: Class "App\Models\RouteModel" not found
[Method: GET, Route: boats/open-trip]
in APPPATH\Controllers\Boats.php on line 228.
 1 SYSTEMPATH\CodeIgniter.php(933): App\Controllers\Boats->openTripSchedule()
 2 SYSTEMPATH\CodeIgniter.php(507): CodeIgniter\CodeIgniter->runController(Object(App\Controllers\Boats))
 3 SYSTEMPATH\CodeIgniter.php(354): CodeIgniter\CodeIgniter->handleRequest(null, Object(Config\Cache), false)
 4 SYSTEMPATH\Boot.php(363): CodeIgniter\CodeIgniter->run()
 5 SYSTEMPATH\Boot.php(68): CodeIgniter\Boot::runCodeIgniter(Object(CodeIgniter\CodeIgniter))
 6 FCPATH\index.php(59): CodeIgniter\Boot::bootWeb(Object(Config\Paths))
 7 SYSTEMPATH\rewrite.php(44): require_once('C:\\Users\\Administrator\\Documents\\GITHUB\\KAPAL-FE-HTML\\home\\public\\index.php')
DEBUG - 2025-08-13 09:06:09 --> Session: Class initialized using 'CodeIgniter\Session\Handlers\FileHandler' driver.
WARNING - 2025-08-13 09:06:09 --> [DEPRECATED] Creation of dynamic property App\Controllers\Boats::$session is deprecated in APPPATH\Controllers\BaseController.php on line 53.
 1 SYSTEMPATH\CodeIgniter.php(904): App\Controllers\BaseController->initController(Object(CodeIgniter\HTTP\IncomingRequest), Object(CodeIgniter\HTTP\Response), Object(CodeIgniter\Log\Logger))
 2 SYSTEMPATH\CodeIgniter.php(498): CodeIgniter\CodeIgniter->createController()
 3 SYSTEMPATH\CodeIgniter.php(354): CodeIgniter\CodeIgniter->handleRequest(null, Object(Config\Cache), false)
 4 SYSTEMPATH\Boot.php(363): CodeIgniter\CodeIgniter->run()
 5 SYSTEMPATH\Boot.php(68): CodeIgniter\Boot::runCodeIgniter(Object(CodeIgniter\CodeIgniter))
 6 FCPATH\index.php(59): CodeIgniter\Boot::bootWeb(Object(Config\Paths))
 7 SYSTEMPATH\rewrite.php(44): require_once('C:\\Users\\Administrator\\Documents\\GITHUB\\KAPAL-FE-HTML\\home\\public\\index.php')
CRITICAL - 2025-08-13 09:06:09 --> ErrorException: Cannot declare class App\Models\RouteModel, because the name is already in use
[Method: GET, Route: boats/open-trip]
in APPPATH\Models\BoatModel.php on line 21.
 1 [internal function]: CodeIgniter\Debug\Exceptions->shutdownHandler()
DEBUG - 2025-08-13 09:06:22 --> Session: Class initialized using 'CodeIgniter\Session\Handlers\FileHandler' driver.
WARNING - 2025-08-13 09:06:22 --> [DEPRECATED] Creation of dynamic property App\Controllers\Boats::$session is deprecated in APPPATH\Controllers\BaseController.php on line 53.
 1 SYSTEMPATH\CodeIgniter.php(904): App\Controllers\BaseController->initController(Object(CodeIgniter\HTTP\IncomingRequest), Object(CodeIgniter\HTTP\Response), Object(CodeIgniter\Log\Logger))
 2 SYSTEMPATH\CodeIgniter.php(498): CodeIgniter\CodeIgniter->createController()
 3 SYSTEMPATH\CodeIgniter.php(354): CodeIgniter\CodeIgniter->handleRequest(null, Object(Config\Cache), false)
 4 SYSTEMPATH\Boot.php(363): CodeIgniter\CodeIgniter->run()
 5 SYSTEMPATH\Boot.php(68): CodeIgniter\Boot::runCodeIgniter(Object(CodeIgniter\CodeIgniter))
 6 FCPATH\index.php(59): CodeIgniter\Boot::bootWeb(Object(Config\Paths))
 7 SYSTEMPATH\rewrite.php(44): require_once('C:\\Users\\Administrator\\Documents\\GITHUB\\KAPAL-FE-HTML\\home\\public\\index.php')
DEBUG - 2025-08-13 09:06:57 --> Session: Class initialized using 'CodeIgniter\Session\Handlers\FileHandler' driver.
WARNING - 2025-08-13 09:06:57 --> [DEPRECATED] Creation of dynamic property App\Controllers\Boats::$session is deprecated in APPPATH\Controllers\BaseController.php on line 53.
 1 SYSTEMPATH\CodeIgniter.php(904): App\Controllers\BaseController->initController(Object(CodeIgniter\HTTP\IncomingRequest), Object(CodeIgniter\HTTP\Response), Object(CodeIgniter\Log\Logger))
 2 SYSTEMPATH\CodeIgniter.php(498): CodeIgniter\CodeIgniter->createController()
 3 SYSTEMPATH\CodeIgniter.php(354): CodeIgniter\CodeIgniter->handleRequest(null, Object(Config\Cache), false)
 4 SYSTEMPATH\Boot.php(363): CodeIgniter\CodeIgniter->run()
 5 SYSTEMPATH\Boot.php(68): CodeIgniter\Boot::runCodeIgniter(Object(CodeIgniter\CodeIgniter))
 6 FCPATH\index.php(59): CodeIgniter\Boot::bootWeb(Object(Config\Paths))
 7 SYSTEMPATH\rewrite.php(44): require_once('C:\\Users\\Administrator\\Documents\\GITHUB\\KAPAL-FE-HTML\\home\\public\\index.php')
DEBUG - 2025-08-13 09:06:59 --> Session: Class initialized using 'CodeIgniter\Session\Handlers\FileHandler' driver.
WARNING - 2025-08-13 09:06:59 --> [DEPRECATED] Creation of dynamic property App\Controllers\Boats::$session is deprecated in APPPATH\Controllers\BaseController.php on line 53.
 1 SYSTEMPATH\CodeIgniter.php(904): App\Controllers\BaseController->initController(Object(CodeIgniter\HTTP\IncomingRequest), Object(CodeIgniter\HTTP\Response), Object(CodeIgniter\Log\Logger))
 2 SYSTEMPATH\CodeIgniter.php(498): CodeIgniter\CodeIgniter->createController()
 3 SYSTEMPATH\CodeIgniter.php(354): CodeIgniter\CodeIgniter->handleRequest(null, Object(Config\Cache), false)
 4 SYSTEMPATH\Boot.php(363): CodeIgniter\CodeIgniter->run()
 5 SYSTEMPATH\Boot.php(68): CodeIgniter\Boot::runCodeIgniter(Object(CodeIgniter\CodeIgniter))
 6 FCPATH\index.php(59): CodeIgniter\Boot::bootWeb(Object(Config\Paths))
 7 SYSTEMPATH\rewrite.php(44): require_once('C:\\Users\\Administrator\\Documents\\GITHUB\\KAPAL-FE-HTML\\home\\public\\index.php')
DEBUG - 2025-08-13 09:10:02 --> Session: Class initialized using 'CodeIgniter\Session\Handlers\FileHandler' driver.
WARNING - 2025-08-13 09:10:02 --> [DEPRECATED] Creation of dynamic property App\Controllers\Boats::$session is deprecated in APPPATH\Controllers\BaseController.php on line 53.
 1 SYSTEMPATH\CodeIgniter.php(904): App\Controllers\BaseController->initController(Object(CodeIgniter\HTTP\IncomingRequest), Object(CodeIgniter\HTTP\Response), Object(CodeIgniter\Log\Logger))
 2 SYSTEMPATH\CodeIgniter.php(498): CodeIgniter\CodeIgniter->createController()
 3 SYSTEMPATH\CodeIgniter.php(354): CodeIgniter\CodeIgniter->handleRequest(null, Object(Config\Cache), false)
 4 SYSTEMPATH\Boot.php(363): CodeIgniter\CodeIgniter->run()
 5 SYSTEMPATH\Boot.php(68): CodeIgniter\Boot::runCodeIgniter(Object(CodeIgniter\CodeIgniter))
 6 FCPATH\index.php(59): CodeIgniter\Boot::bootWeb(Object(Config\Paths))
 7 SYSTEMPATH\rewrite.php(44): require_once('C:\\Users\\Administrator\\Documents\\GITHUB\\KAPAL-FE-HTML\\home\\public\\index.php')
DEBUG - 2025-08-13 09:10:21 --> Session: Class initialized using 'CodeIgniter\Session\Handlers\FileHandler' driver.
WARNING - 2025-08-13 09:10:21 --> [DEPRECATED] Creation of dynamic property App\Controllers\Boats::$session is deprecated in APPPATH\Controllers\BaseController.php on line 53.
 1 SYSTEMPATH\CodeIgniter.php(904): App\Controllers\BaseController->initController(Object(CodeIgniter\HTTP\IncomingRequest), Object(CodeIgniter\HTTP\Response), Object(CodeIgniter\Log\Logger))
 2 SYSTEMPATH\CodeIgniter.php(498): CodeIgniter\CodeIgniter->createController()
 3 SYSTEMPATH\CodeIgniter.php(354): CodeIgniter\CodeIgniter->handleRequest(null, Object(Config\Cache), false)
 4 SYSTEMPATH\Boot.php(363): CodeIgniter\CodeIgniter->run()
 5 SYSTEMPATH\Boot.php(68): CodeIgniter\Boot::runCodeIgniter(Object(CodeIgniter\CodeIgniter))
 6 FCPATH\index.php(59): CodeIgniter\Boot::bootWeb(Object(Config\Paths))
 7 SYSTEMPATH\rewrite.php(44): require_once('C:\\Users\\Administrator\\Documents\\GITHUB\\KAPAL-FE-HTML\\home\\public\\index.php')
DEBUG - 2025-08-13 09:11:47 --> Session: Class initialized using 'CodeIgniter\Session\Handlers\FileHandler' driver.
WARNING - 2025-08-13 09:11:47 --> [DEPRECATED] Creation of dynamic property App\Controllers\Boats::$session is deprecated in APPPATH\Controllers\BaseController.php on line 53.
 1 SYSTEMPATH\CodeIgniter.php(904): App\Controllers\BaseController->initController(Object(CodeIgniter\HTTP\IncomingRequest), Object(CodeIgniter\HTTP\Response), Object(CodeIgniter\Log\Logger))
 2 SYSTEMPATH\CodeIgniter.php(498): CodeIgniter\CodeIgniter->createController()
 3 SYSTEMPATH\CodeIgniter.php(354): CodeIgniter\CodeIgniter->handleRequest(null, Object(Config\Cache), false)
 4 SYSTEMPATH\Boot.php(363): CodeIgniter\CodeIgniter->run()
 5 SYSTEMPATH\Boot.php(68): CodeIgniter\Boot::runCodeIgniter(Object(CodeIgniter\CodeIgniter))
 6 FCPATH\index.php(59): CodeIgniter\Boot::bootWeb(Object(Config\Paths))
 7 SYSTEMPATH\rewrite.php(44): require_once('C:\\Users\\Administrator\\Documents\\GITHUB\\KAPAL-FE-HTML\\home\\public\\index.php')
DEBUG - 2025-08-13 09:12:03 --> Session: Class initialized using 'CodeIgniter\Session\Handlers\FileHandler' driver.
WARNING - 2025-08-13 09:12:03 --> [DEPRECATED] Creation of dynamic property App\Controllers\Boats::$session is deprecated in APPPATH\Controllers\BaseController.php on line 53.
 1 SYSTEMPATH\CodeIgniter.php(904): App\Controllers\BaseController->initController(Object(CodeIgniter\HTTP\IncomingRequest), Object(CodeIgniter\HTTP\Response), Object(CodeIgniter\Log\Logger))
 2 SYSTEMPATH\CodeIgniter.php(498): CodeIgniter\CodeIgniter->createController()
 3 SYSTEMPATH\CodeIgniter.php(354): CodeIgniter\CodeIgniter->handleRequest(null, Object(Config\Cache), false)
 4 SYSTEMPATH\Boot.php(363): CodeIgniter\CodeIgniter->run()
 5 SYSTEMPATH\Boot.php(68): CodeIgniter\Boot::runCodeIgniter(Object(CodeIgniter\CodeIgniter))
 6 FCPATH\index.php(59): CodeIgniter\Boot::bootWeb(Object(Config\Paths))
 7 SYSTEMPATH\rewrite.php(44): require_once('C:\\Users\\Administrator\\Documents\\GITHUB\\KAPAL-FE-HTML\\home\\public\\index.php')
DEBUG - 2025-08-13 09:12:08 --> Session: Class initialized using 'CodeIgniter\Session\Handlers\FileHandler' driver.
WARNING - 2025-08-13 09:12:08 --> [DEPRECATED] Creation of dynamic property App\Controllers\Boats::$session is deprecated in APPPATH\Controllers\BaseController.php on line 53.
 1 SYSTEMPATH\CodeIgniter.php(904): App\Controllers\BaseController->initController(Object(CodeIgniter\HTTP\IncomingRequest), Object(CodeIgniter\HTTP\Response), Object(CodeIgniter\Log\Logger))
 2 SYSTEMPATH\CodeIgniter.php(498): CodeIgniter\CodeIgniter->createController()
 3 SYSTEMPATH\CodeIgniter.php(354): CodeIgniter\CodeIgniter->handleRequest(null, Object(Config\Cache), false)
 4 SYSTEMPATH\Boot.php(363): CodeIgniter\CodeIgniter->run()
 5 SYSTEMPATH\Boot.php(68): CodeIgniter\Boot::runCodeIgniter(Object(CodeIgniter\CodeIgniter))
 6 FCPATH\index.php(59): CodeIgniter\Boot::bootWeb(Object(Config\Paths))
 7 SYSTEMPATH\rewrite.php(44): require_once('C:\\Users\\Administrator\\Documents\\GITHUB\\KAPAL-FE-HTML\\home\\public\\index.php')
DEBUG - 2025-08-13 09:12:16 --> Session: Class initialized using 'CodeIgniter\Session\Handlers\FileHandler' driver.
WARNING - 2025-08-13 09:12:16 --> [DEPRECATED] Creation of dynamic property App\Controllers\Boats::$session is deprecated in APPPATH\Controllers\BaseController.php on line 53.
 1 SYSTEMPATH\CodeIgniter.php(904): App\Controllers\BaseController->initController(Object(CodeIgniter\HTTP\IncomingRequest), Object(CodeIgniter\HTTP\Response), Object(CodeIgniter\Log\Logger))
 2 SYSTEMPATH\CodeIgniter.php(498): CodeIgniter\CodeIgniter->createController()
 3 SYSTEMPATH\CodeIgniter.php(354): CodeIgniter\CodeIgniter->handleRequest(null, Object(Config\Cache), false)
 4 SYSTEMPATH\Boot.php(363): CodeIgniter\CodeIgniter->run()
 5 SYSTEMPATH\Boot.php(68): CodeIgniter\Boot::runCodeIgniter(Object(CodeIgniter\CodeIgniter))
 6 FCPATH\index.php(59): CodeIgniter\Boot::bootWeb(Object(Config\Paths))
 7 SYSTEMPATH\rewrite.php(44): require_once('C:\\Users\\Administrator\\Documents\\GITHUB\\KAPAL-FE-HTML\\home\\public\\index.php')
DEBUG - 2025-08-13 09:12:29 --> Session: Class initialized using 'CodeIgniter\Session\Handlers\FileHandler' driver.
WARNING - 2025-08-13 09:12:29 --> [DEPRECATED] Creation of dynamic property App\Controllers\Boats::$session is deprecated in APPPATH\Controllers\BaseController.php on line 53.
 1 SYSTEMPATH\CodeIgniter.php(904): App\Controllers\BaseController->initController(Object(CodeIgniter\HTTP\IncomingRequest), Object(CodeIgniter\HTTP\Response), Object(CodeIgniter\Log\Logger))
 2 SYSTEMPATH\CodeIgniter.php(498): CodeIgniter\CodeIgniter->createController()
 3 SYSTEMPATH\CodeIgniter.php(354): CodeIgniter\CodeIgniter->handleRequest(null, Object(Config\Cache), false)
 4 SYSTEMPATH\Boot.php(363): CodeIgniter\CodeIgniter->run()
 5 SYSTEMPATH\Boot.php(68): CodeIgniter\Boot::runCodeIgniter(Object(CodeIgniter\CodeIgniter))
 6 FCPATH\index.php(59): CodeIgniter\Boot::bootWeb(Object(Config\Paths))
 7 SYSTEMPATH\rewrite.php(44): require_once('C:\\Users\\Administrator\\Documents\\GITHUB\\KAPAL-FE-HTML\\home\\public\\index.php')
DEBUG - 2025-08-13 09:14:18 --> Session: Class initialized using 'CodeIgniter\Session\Handlers\FileHandler' driver.
WARNING - 2025-08-13 09:14:18 --> [DEPRECATED] Creation of dynamic property App\Controllers\Boats::$session is deprecated in APPPATH\Controllers\BaseController.php on line 53.
 1 SYSTEMPATH\CodeIgniter.php(904): App\Controllers\BaseController->initController(Object(CodeIgniter\HTTP\IncomingRequest), Object(CodeIgniter\HTTP\Response), Object(CodeIgniter\Log\Logger))
 2 SYSTEMPATH\CodeIgniter.php(498): CodeIgniter\CodeIgniter->createController()
 3 SYSTEMPATH\CodeIgniter.php(354): CodeIgniter\CodeIgniter->handleRequest(null, Object(Config\Cache), false)
 4 SYSTEMPATH\Boot.php(363): CodeIgniter\CodeIgniter->run()
 5 SYSTEMPATH\Boot.php(68): CodeIgniter\Boot::runCodeIgniter(Object(CodeIgniter\CodeIgniter))
 6 FCPATH\index.php(59): CodeIgniter\Boot::bootWeb(Object(Config\Paths))
 7 SYSTEMPATH\rewrite.php(44): require_once('C:\\Users\\Administrator\\Documents\\GITHUB\\KAPAL-FE-HTML\\home\\public\\index.php')
DEBUG - 2025-08-13 09:15:44 --> Session: Class initialized using 'CodeIgniter\Session\Handlers\FileHandler' driver.
WARNING - 2025-08-13 09:15:44 --> [DEPRECATED] Creation of dynamic property App\Controllers\Boats::$session is deprecated in APPPATH\Controllers\BaseController.php on line 53.
 1 SYSTEMPATH\CodeIgniter.php(904): App\Controllers\BaseController->initController(Object(CodeIgniter\HTTP\IncomingRequest), Object(CodeIgniter\HTTP\Response), Object(CodeIgniter\Log\Logger))
 2 SYSTEMPATH\CodeIgniter.php(498): CodeIgniter\CodeIgniter->createController()
 3 SYSTEMPATH\CodeIgniter.php(354): CodeIgniter\CodeIgniter->handleRequest(null, Object(Config\Cache), false)
 4 SYSTEMPATH\Boot.php(363): CodeIgniter\CodeIgniter->run()
 5 SYSTEMPATH\Boot.php(68): CodeIgniter\Boot::runCodeIgniter(Object(CodeIgniter\CodeIgniter))
 6 FCPATH\index.php(59): CodeIgniter\Boot::bootWeb(Object(Config\Paths))
 7 SYSTEMPATH\rewrite.php(44): require_once('C:\\Users\\Administrator\\Documents\\GITHUB\\KAPAL-FE-HTML\\home\\public\\index.php')
CRITICAL - 2025-08-13 09:15:44 --> Error: Class "App\Models\RequestOpenTripsModel" not found
[Method: POST, Route: boats/request-open-trip]
in APPPATH\Controllers\Boats.php on line 199.
 1 SYSTEMPATH\CodeIgniter.php(933): App\Controllers\Boats->openTripRequest()
 2 SYSTEMPATH\CodeIgniter.php(507): CodeIgniter\CodeIgniter->runController(Object(App\Controllers\Boats))
 3 SYSTEMPATH\CodeIgniter.php(354): CodeIgniter\CodeIgniter->handleRequest(null, Object(Config\Cache), false)
 4 SYSTEMPATH\Boot.php(363): CodeIgniter\CodeIgniter->run()
 5 SYSTEMPATH\Boot.php(68): CodeIgniter\Boot::runCodeIgniter(Object(CodeIgniter\CodeIgniter))
 6 FCPATH\index.php(59): CodeIgniter\Boot::bootWeb(Object(Config\Paths))
 7 SYSTEMPATH\rewrite.php(44): require_once('C:\\Users\\Administrator\\Documents\\GITHUB\\KAPAL-FE-HTML\\home\\public\\index.php')
DEBUG - 2025-08-13 09:18:01 --> Session: Class initialized using 'CodeIgniter\Session\Handlers\FileHandler' driver.
WARNING - 2025-08-13 09:18:01 --> [DEPRECATED] Creation of dynamic property App\Controllers\Boats::$session is deprecated in APPPATH\Controllers\BaseController.php on line 53.
 1 SYSTEMPATH\CodeIgniter.php(904): App\Controllers\BaseController->initController(Object(CodeIgniter\HTTP\IncomingRequest), Object(CodeIgniter\HTTP\Response), Object(CodeIgniter\Log\Logger))
 2 SYSTEMPATH\CodeIgniter.php(498): CodeIgniter\CodeIgniter->createController()
 3 SYSTEMPATH\CodeIgniter.php(354): CodeIgniter\CodeIgniter->handleRequest(null, Object(Config\Cache), false)
 4 SYSTEMPATH\Boot.php(363): CodeIgniter\CodeIgniter->run()
 5 SYSTEMPATH\Boot.php(68): CodeIgniter\Boot::runCodeIgniter(Object(CodeIgniter\CodeIgniter))
 6 FCPATH\index.php(59): CodeIgniter\Boot::bootWeb(Object(Config\Paths))
 7 SYSTEMPATH\rewrite.php(44): require_once('C:\\Users\\Administrator\\Documents\\GITHUB\\KAPAL-FE-HTML\\home\\public\\index.php')
ERROR - 2025-08-13 09:18:01 --> mysqli_sql_exception: Column 'user_id' cannot be null in C:\Users\Administrator\Documents\GITHUB\KAPAL-FE-HTML\home\vendor\codeigniter4\framework\system\Database\MySQLi\Connection.php:327
Stack trace:
#0 C:\Users\Administrator\Documents\GITHUB\KAPAL-FE-HTML\home\vendor\codeigniter4\framework\system\Database\MySQLi\Connection.php(327): mysqli->query('INSERT INTO `re...', 0)
#1 C:\Users\Administrator\Documents\GITHUB\KAPAL-FE-HTML\home\vendor\codeigniter4\framework\system\Database\BaseConnection.php(729): CodeIgniter\Database\MySQLi\Connection->execute('INSERT INTO `re...')
#2 C:\Users\Administrator\Documents\GITHUB\KAPAL-FE-HTML\home\vendor\codeigniter4\framework\system\Database\BaseConnection.php(646): CodeIgniter\Database\BaseConnection->simpleQuery('INSERT INTO `re...')
#3 C:\Users\Administrator\Documents\GITHUB\KAPAL-FE-HTML\home\vendor\codeigniter4\framework\system\Database\BaseBuilder.php(2345): CodeIgniter\Database\BaseConnection->query('INSERT INTO `re...', Array, false)
#4 C:\Users\Administrator\Documents\GITHUB\KAPAL-FE-HTML\home\vendor\codeigniter4\framework\system\Model.php(394): CodeIgniter\Database\BaseBuilder->insert()
#5 C:\Users\Administrator\Documents\GITHUB\KAPAL-FE-HTML\home\vendor\codeigniter4\framework\system\BaseModel.php(838): CodeIgniter\Model->doInsert(Array)
#6 C:\Users\Administrator\Documents\GITHUB\KAPAL-FE-HTML\home\vendor\codeigniter4\framework\system\Model.php(797): CodeIgniter\BaseModel->insert(Array, true)
#7 C:\Users\Administrator\Documents\GITHUB\KAPAL-FE-HTML\home\app\Controllers\Boats.php(214): CodeIgniter\Model->insert(Array)
#8 C:\Users\Administrator\Documents\GITHUB\KAPAL-FE-HTML\home\vendor\codeigniter4\framework\system\CodeIgniter.php(933): App\Controllers\Boats->openTripRequest()
#9 C:\Users\Administrator\Documents\GITHUB\KAPAL-FE-HTML\home\vendor\codeigniter4\framework\system\CodeIgniter.php(507): CodeIgniter\CodeIgniter->runController(Object(App\Controllers\Boats))
#10 C:\Users\Administrator\Documents\GITHUB\KAPAL-FE-HTML\home\vendor\codeigniter4\framework\system\CodeIgniter.php(354): CodeIgniter\CodeIgniter->handleRequest(NULL, Object(Config\Cache), false)
#11 C:\Users\Administrator\Documents\GITHUB\KAPAL-FE-HTML\home\vendor\codeigniter4\framework\system\Boot.php(363): CodeIgniter\CodeIgniter->run()
#12 C:\Users\Administrator\Documents\GITHUB\KAPAL-FE-HTML\home\vendor\codeigniter4\framework\system\Boot.php(68): CodeIgniter\Boot::runCodeIgniter(Object(CodeIgniter\CodeIgniter))
#13 C:\Users\Administrator\Documents\GITHUB\KAPAL-FE-HTML\home\public\index.php(59): CodeIgniter\Boot::bootWeb(Object(Config\Paths))
#14 C:\Users\Administrator\Documents\GITHUB\KAPAL-FE-HTML\home\vendor\codeigniter4\framework\system\rewrite.php(44): require_once('C:\\Users\\Admini...')
#15 {main}
DEBUG - 2025-08-13 09:18:33 --> Session: Class initialized using 'CodeIgniter\Session\Handlers\FileHandler' driver.
WARNING - 2025-08-13 09:18:33 --> [DEPRECATED] Creation of dynamic property App\Controllers\Boats::$session is deprecated in APPPATH\Controllers\BaseController.php on line 53.
 1 SYSTEMPATH\CodeIgniter.php(904): App\Controllers\BaseController->initController(Object(CodeIgniter\HTTP\IncomingRequest), Object(CodeIgniter\HTTP\Response), Object(CodeIgniter\Log\Logger))
 2 SYSTEMPATH\CodeIgniter.php(498): CodeIgniter\CodeIgniter->createController()
 3 SYSTEMPATH\CodeIgniter.php(354): CodeIgniter\CodeIgniter->handleRequest(null, Object(Config\Cache), false)
 4 SYSTEMPATH\Boot.php(363): CodeIgniter\CodeIgniter->run()
 5 SYSTEMPATH\Boot.php(68): CodeIgniter\Boot::runCodeIgniter(Object(CodeIgniter\CodeIgniter))
 6 FCPATH\index.php(59): CodeIgniter\Boot::bootWeb(Object(Config\Paths))
 7 SYSTEMPATH\rewrite.php(44): require_once('C:\\Users\\Administrator\\Documents\\GITHUB\\KAPAL-FE-HTML\\home\\public\\index.php')
DEBUG - 2025-08-13 09:18:46 --> Session: Class initialized using 'CodeIgniter\Session\Handlers\FileHandler' driver.
WARNING - 2025-08-13 09:18:46 --> [DEPRECATED] Creation of dynamic property App\Controllers\Boats::$session is deprecated in APPPATH\Controllers\BaseController.php on line 53.
 1 SYSTEMPATH\CodeIgniter.php(904): App\Controllers\BaseController->initController(Object(CodeIgniter\HTTP\IncomingRequest), Object(CodeIgniter\HTTP\Response), Object(CodeIgniter\Log\Logger))
 2 SYSTEMPATH\CodeIgniter.php(498): CodeIgniter\CodeIgniter->createController()
 3 SYSTEMPATH\CodeIgniter.php(354): CodeIgniter\CodeIgniter->handleRequest(null, Object(Config\Cache), false)
 4 SYSTEMPATH\Boot.php(363): CodeIgniter\CodeIgniter->run()
 5 SYSTEMPATH\Boot.php(68): CodeIgniter\Boot::runCodeIgniter(Object(CodeIgniter\CodeIgniter))
 6 FCPATH\index.php(59): CodeIgniter\Boot::bootWeb(Object(Config\Paths))
 7 SYSTEMPATH\rewrite.php(44): require_once('C:\\Users\\Administrator\\Documents\\GITHUB\\KAPAL-FE-HTML\\home\\public\\index.php')
CRITICAL - 2025-08-13 09:18:46 --> Error: Class "App\Controllers\RequestOpenTripsModel" not found
[Method: POST, Route: boats/request-open-trip]
in APPPATH\Controllers\Boats.php on line 199.
 1 SYSTEMPATH\CodeIgniter.php(933): App\Controllers\Boats->openTripRequest()
 2 SYSTEMPATH\CodeIgniter.php(507): CodeIgniter\CodeIgniter->runController(Object(App\Controllers\Boats))
 3 SYSTEMPATH\CodeIgniter.php(354): CodeIgniter\CodeIgniter->handleRequest(null, Object(Config\Cache), false)
 4 SYSTEMPATH\Boot.php(363): CodeIgniter\CodeIgniter->run()
 5 SYSTEMPATH\Boot.php(68): CodeIgniter\Boot::runCodeIgniter(Object(CodeIgniter\CodeIgniter))
 6 FCPATH\index.php(59): CodeIgniter\Boot::bootWeb(Object(Config\Paths))
 7 SYSTEMPATH\rewrite.php(44): require_once('C:\\Users\\Administrator\\Documents\\GITHUB\\KAPAL-FE-HTML\\home\\public\\index.php')
DEBUG - 2025-08-13 09:19:12 --> Session: Class initialized using 'CodeIgniter\Session\Handlers\FileHandler' driver.
WARNING - 2025-08-13 09:19:12 --> [DEPRECATED] Creation of dynamic property App\Controllers\Boats::$session is deprecated in APPPATH\Controllers\BaseController.php on line 53.
 1 SYSTEMPATH\CodeIgniter.php(904): App\Controllers\BaseController->initController(Object(CodeIgniter\HTTP\IncomingRequest), Object(CodeIgniter\HTTP\Response), Object(CodeIgniter\Log\Logger))
 2 SYSTEMPATH\CodeIgniter.php(498): CodeIgniter\CodeIgniter->createController()
 3 SYSTEMPATH\CodeIgniter.php(354): CodeIgniter\CodeIgniter->handleRequest(null, Object(Config\Cache), false)
 4 SYSTEMPATH\Boot.php(363): CodeIgniter\CodeIgniter->run()
 5 SYSTEMPATH\Boot.php(68): CodeIgniter\Boot::runCodeIgniter(Object(CodeIgniter\CodeIgniter))
 6 FCPATH\index.php(59): CodeIgniter\Boot::bootWeb(Object(Config\Paths))
 7 SYSTEMPATH\rewrite.php(44): require_once('C:\\Users\\Administrator\\Documents\\GITHUB\\KAPAL-FE-HTML\\home\\public\\index.php')
DEBUG - 2025-08-13 09:19:25 --> Session: Class initialized using 'CodeIgniter\Session\Handlers\FileHandler' driver.
WARNING - 2025-08-13 09:19:25 --> [DEPRECATED] Creation of dynamic property App\Controllers\Boats::$session is deprecated in APPPATH\Controllers\BaseController.php on line 53.
 1 SYSTEMPATH\CodeIgniter.php(904): App\Controllers\BaseController->initController(Object(CodeIgniter\HTTP\IncomingRequest), Object(CodeIgniter\HTTP\Response), Object(CodeIgniter\Log\Logger))
 2 SYSTEMPATH\CodeIgniter.php(498): CodeIgniter\CodeIgniter->createController()
 3 SYSTEMPATH\CodeIgniter.php(354): CodeIgniter\CodeIgniter->handleRequest(null, Object(Config\Cache), false)
 4 SYSTEMPATH\Boot.php(363): CodeIgniter\CodeIgniter->run()
 5 SYSTEMPATH\Boot.php(68): CodeIgniter\Boot::runCodeIgniter(Object(CodeIgniter\CodeIgniter))
 6 FCPATH\index.php(59): CodeIgniter\Boot::bootWeb(Object(Config\Paths))
 7 SYSTEMPATH\rewrite.php(44): require_once('C:\\Users\\Administrator\\Documents\\GITHUB\\KAPAL-FE-HTML\\home\\public\\index.php')
CRITICAL - 2025-08-13 09:19:25 --> Error: Class "App\Controllers\RequestOpenTripsModel" not found
[Method: POST, Route: boats/request-open-trip]
in APPPATH\Controllers\Boats.php on line 199.
 1 SYSTEMPATH\CodeIgniter.php(933): App\Controllers\Boats->openTripRequest()
 2 SYSTEMPATH\CodeIgniter.php(507): CodeIgniter\CodeIgniter->runController(Object(App\Controllers\Boats))
 3 SYSTEMPATH\CodeIgniter.php(354): CodeIgniter\CodeIgniter->handleRequest(null, Object(Config\Cache), false)
 4 SYSTEMPATH\Boot.php(363): CodeIgniter\CodeIgniter->run()
 5 SYSTEMPATH\Boot.php(68): CodeIgniter\Boot::runCodeIgniter(Object(CodeIgniter\CodeIgniter))
 6 FCPATH\index.php(59): CodeIgniter\Boot::bootWeb(Object(Config\Paths))
 7 SYSTEMPATH\rewrite.php(44): require_once('C:\\Users\\Administrator\\Documents\\GITHUB\\KAPAL-FE-HTML\\home\\public\\index.php')
DEBUG - 2025-08-13 09:20:30 --> Session: Class initialized using 'CodeIgniter\Session\Handlers\FileHandler' driver.
WARNING - 2025-08-13 09:20:30 --> [DEPRECATED] Creation of dynamic property App\Controllers\Boats::$session is deprecated in APPPATH\Controllers\BaseController.php on line 53.
 1 SYSTEMPATH\CodeIgniter.php(904): App\Controllers\BaseController->initController(Object(CodeIgniter\HTTP\IncomingRequest), Object(CodeIgniter\HTTP\Response), Object(CodeIgniter\Log\Logger))
 2 SYSTEMPATH\CodeIgniter.php(498): CodeIgniter\CodeIgniter->createController()
 3 SYSTEMPATH\CodeIgniter.php(354): CodeIgniter\CodeIgniter->handleRequest(null, Object(Config\Cache), false)
 4 SYSTEMPATH\Boot.php(363): CodeIgniter\CodeIgniter->run()
 5 SYSTEMPATH\Boot.php(68): CodeIgniter\Boot::runCodeIgniter(Object(CodeIgniter\CodeIgniter))
 6 FCPATH\index.php(59): CodeIgniter\Boot::bootWeb(Object(Config\Paths))
 7 SYSTEMPATH\rewrite.php(44): require_once('C:\\Users\\Administrator\\Documents\\GITHUB\\KAPAL-FE-HTML\\home\\public\\index.php')
ERROR - 2025-08-13 09:20:30 --> mysqli_sql_exception: Column 'user_id' cannot be null in C:\Users\Administrator\Documents\GITHUB\KAPAL-FE-HTML\home\vendor\codeigniter4\framework\system\Database\MySQLi\Connection.php:327
Stack trace:
#0 C:\Users\Administrator\Documents\GITHUB\KAPAL-FE-HTML\home\vendor\codeigniter4\framework\system\Database\MySQLi\Connection.php(327): mysqli->query('INSERT INTO `re...', 0)
#1 C:\Users\Administrator\Documents\GITHUB\KAPAL-FE-HTML\home\vendor\codeigniter4\framework\system\Database\BaseConnection.php(729): CodeIgniter\Database\MySQLi\Connection->execute('INSERT INTO `re...')
#2 C:\Users\Administrator\Documents\GITHUB\KAPAL-FE-HTML\home\vendor\codeigniter4\framework\system\Database\BaseConnection.php(646): CodeIgniter\Database\BaseConnection->simpleQuery('INSERT INTO `re...')
#3 C:\Users\Administrator\Documents\GITHUB\KAPAL-FE-HTML\home\vendor\codeigniter4\framework\system\Database\BaseBuilder.php(2345): CodeIgniter\Database\BaseConnection->query('INSERT INTO `re...', Array, false)
#4 C:\Users\Administrator\Documents\GITHUB\KAPAL-FE-HTML\home\vendor\codeigniter4\framework\system\Model.php(394): CodeIgniter\Database\BaseBuilder->insert()
#5 C:\Users\Administrator\Documents\GITHUB\KAPAL-FE-HTML\home\vendor\codeigniter4\framework\system\BaseModel.php(838): CodeIgniter\Model->doInsert(Array)
#6 C:\Users\Administrator\Documents\GITHUB\KAPAL-FE-HTML\home\vendor\codeigniter4\framework\system\Model.php(797): CodeIgniter\BaseModel->insert(Array, true)
#7 C:\Users\Administrator\Documents\GITHUB\KAPAL-FE-HTML\home\app\Controllers\Boats.php(214): CodeIgniter\Model->insert(Array)
#8 C:\Users\Administrator\Documents\GITHUB\KAPAL-FE-HTML\home\vendor\codeigniter4\framework\system\CodeIgniter.php(933): App\Controllers\Boats->openTripRequest()
#9 C:\Users\Administrator\Documents\GITHUB\KAPAL-FE-HTML\home\vendor\codeigniter4\framework\system\CodeIgniter.php(507): CodeIgniter\CodeIgniter->runController(Object(App\Controllers\Boats))
#10 C:\Users\Administrator\Documents\GITHUB\KAPAL-FE-HTML\home\vendor\codeigniter4\framework\system\CodeIgniter.php(354): CodeIgniter\CodeIgniter->handleRequest(NULL, Object(Config\Cache), false)
#11 C:\Users\Administrator\Documents\GITHUB\KAPAL-FE-HTML\home\vendor\codeigniter4\framework\system\Boot.php(363): CodeIgniter\CodeIgniter->run()
#12 C:\Users\Administrator\Documents\GITHUB\KAPAL-FE-HTML\home\vendor\codeigniter4\framework\system\Boot.php(68): CodeIgniter\Boot::runCodeIgniter(Object(CodeIgniter\CodeIgniter))
#13 C:\Users\Administrator\Documents\GITHUB\KAPAL-FE-HTML\home\public\index.php(59): CodeIgniter\Boot::bootWeb(Object(Config\Paths))
#14 C:\Users\Administrator\Documents\GITHUB\KAPAL-FE-HTML\home\vendor\codeigniter4\framework\system\rewrite.php(44): require_once('C:\\Users\\Admini...')
#15 {main}
DEBUG - 2025-08-13 09:21:35 --> Session: Class initialized using 'CodeIgniter\Session\Handlers\FileHandler' driver.
WARNING - 2025-08-13 09:21:35 --> [DEPRECATED] Creation of dynamic property App\Controllers\Boats::$session is deprecated in APPPATH\Controllers\BaseController.php on line 53.
 1 SYSTEMPATH\CodeIgniter.php(904): App\Controllers\BaseController->initController(Object(CodeIgniter\HTTP\IncomingRequest), Object(CodeIgniter\HTTP\Response), Object(CodeIgniter\Log\Logger))
 2 SYSTEMPATH\CodeIgniter.php(498): CodeIgniter\CodeIgniter->createController()
 3 SYSTEMPATH\CodeIgniter.php(354): CodeIgniter\CodeIgniter->handleRequest(null, Object(Config\Cache), false)
 4 SYSTEMPATH\Boot.php(363): CodeIgniter\CodeIgniter->run()
 5 SYSTEMPATH\Boot.php(68): CodeIgniter\Boot::runCodeIgniter(Object(CodeIgniter\CodeIgniter))
 6 FCPATH\index.php(59): CodeIgniter\Boot::bootWeb(Object(Config\Paths))
 7 SYSTEMPATH\rewrite.php(44): require_once('C:\\Users\\Administrator\\Documents\\GITHUB\\KAPAL-FE-HTML\\home\\public\\index.php')
DEBUG - 2025-08-13 09:21:38 --> Session: Class initialized using 'CodeIgniter\Session\Handlers\FileHandler' driver.
WARNING - 2025-08-13 09:21:38 --> [DEPRECATED] Creation of dynamic property App\Controllers\Boats::$session is deprecated in APPPATH\Controllers\BaseController.php on line 53.
 1 SYSTEMPATH\CodeIgniter.php(904): App\Controllers\BaseController->initController(Object(CodeIgniter\HTTP\IncomingRequest), Object(CodeIgniter\HTTP\Response), Object(CodeIgniter\Log\Logger))
 2 SYSTEMPATH\CodeIgniter.php(498): CodeIgniter\CodeIgniter->createController()
 3 SYSTEMPATH\CodeIgniter.php(354): CodeIgniter\CodeIgniter->handleRequest(null, Object(Config\Cache), false)
 4 SYSTEMPATH\Boot.php(363): CodeIgniter\CodeIgniter->run()
 5 SYSTEMPATH\Boot.php(68): CodeIgniter\Boot::runCodeIgniter(Object(CodeIgniter\CodeIgniter))
 6 FCPATH\index.php(59): CodeIgniter\Boot::bootWeb(Object(Config\Paths))
 7 SYSTEMPATH\rewrite.php(44): require_once('C:\\Users\\Administrator\\Documents\\GITHUB\\KAPAL-FE-HTML\\home\\public\\index.php')
DEBUG - 2025-08-13 09:21:41 --> Session: Class initialized using 'CodeIgniter\Session\Handlers\FileHandler' driver.
WARNING - 2025-08-13 09:21:41 --> [DEPRECATED] Creation of dynamic property App\Controllers\Boats::$session is deprecated in APPPATH\Controllers\BaseController.php on line 53.
 1 SYSTEMPATH\CodeIgniter.php(904): App\Controllers\BaseController->initController(Object(CodeIgniter\HTTP\IncomingRequest), Object(CodeIgniter\HTTP\Response), Object(CodeIgniter\Log\Logger))
 2 SYSTEMPATH\CodeIgniter.php(498): CodeIgniter\CodeIgniter->createController()
 3 SYSTEMPATH\CodeIgniter.php(354): CodeIgniter\CodeIgniter->handleRequest(null, Object(Config\Cache), false)
 4 SYSTEMPATH\Boot.php(363): CodeIgniter\CodeIgniter->run()
 5 SYSTEMPATH\Boot.php(68): CodeIgniter\Boot::runCodeIgniter(Object(CodeIgniter\CodeIgniter))
 6 FCPATH\index.php(59): CodeIgniter\Boot::bootWeb(Object(Config\Paths))
 7 SYSTEMPATH\rewrite.php(44): require_once('C:\\Users\\Administrator\\Documents\\GITHUB\\KAPAL-FE-HTML\\home\\public\\index.php')
DEBUG - 2025-08-13 09:29:52 --> Session: Class initialized using 'CodeIgniter\Session\Handlers\FileHandler' driver.
WARNING - 2025-08-13 09:29:52 --> [DEPRECATED] Creation of dynamic property App\Controllers\Boats::$session is deprecated in APPPATH\Controllers\BaseController.php on line 53.
 1 SYSTEMPATH\CodeIgniter.php(904): App\Controllers\BaseController->initController(Object(CodeIgniter\HTTP\IncomingRequest), Object(CodeIgniter\HTTP\Response), Object(CodeIgniter\Log\Logger))
 2 SYSTEMPATH\CodeIgniter.php(498): CodeIgniter\CodeIgniter->createController()
 3 SYSTEMPATH\CodeIgniter.php(354): CodeIgniter\CodeIgniter->handleRequest(null, Object(Config\Cache), false)
 4 SYSTEMPATH\Boot.php(363): CodeIgniter\CodeIgniter->run()
 5 SYSTEMPATH\Boot.php(68): CodeIgniter\Boot::runCodeIgniter(Object(CodeIgniter\CodeIgniter))
 6 FCPATH\index.php(59): CodeIgniter\Boot::bootWeb(Object(Config\Paths))
 7 SYSTEMPATH\rewrite.php(44): require_once('C:\\Users\\Administrator\\Documents\\GITHUB\\KAPAL-FE-HTML\\home\\public\\index.php')
DEBUG - 2025-08-13 09:30:27 --> Session: Class initialized using 'CodeIgniter\Session\Handlers\FileHandler' driver.
WARNING - 2025-08-13 09:30:27 --> [DEPRECATED] Creation of dynamic property App\Controllers\Boats::$session is deprecated in APPPATH\Controllers\BaseController.php on line 53.
 1 SYSTEMPATH\CodeIgniter.php(904): App\Controllers\BaseController->initController(Object(CodeIgniter\HTTP\IncomingRequest), Object(CodeIgniter\HTTP\Response), Object(CodeIgniter\Log\Logger))
 2 SYSTEMPATH\CodeIgniter.php(498): CodeIgniter\CodeIgniter->createController()
 3 SYSTEMPATH\CodeIgniter.php(354): CodeIgniter\CodeIgniter->handleRequest(null, Object(Config\Cache), false)
 4 SYSTEMPATH\Boot.php(363): CodeIgniter\CodeIgniter->run()
 5 SYSTEMPATH\Boot.php(68): CodeIgniter\Boot::runCodeIgniter(Object(CodeIgniter\CodeIgniter))
 6 FCPATH\index.php(59): CodeIgniter\Boot::bootWeb(Object(Config\Paths))
 7 SYSTEMPATH\rewrite.php(44): require_once('C:\\Users\\Administrator\\Documents\\GITHUB\\KAPAL-FE-HTML\\home\\public\\index.php')
DEBUG - 2025-08-13 09:31:01 --> Session: Class initialized using 'CodeIgniter\Session\Handlers\FileHandler' driver.
WARNING - 2025-08-13 09:31:01 --> [DEPRECATED] Creation of dynamic property App\Controllers\Boats::$session is deprecated in APPPATH\Controllers\BaseController.php on line 53.
 1 SYSTEMPATH\CodeIgniter.php(904): App\Controllers\BaseController->initController(Object(CodeIgniter\HTTP\IncomingRequest), Object(CodeIgniter\HTTP\Response), Object(CodeIgniter\Log\Logger))
 2 SYSTEMPATH\CodeIgniter.php(498): CodeIgniter\CodeIgniter->createController()
 3 SYSTEMPATH\CodeIgniter.php(354): CodeIgniter\CodeIgniter->handleRequest(null, Object(Config\Cache), false)
 4 SYSTEMPATH\Boot.php(363): CodeIgniter\CodeIgniter->run()
 5 SYSTEMPATH\Boot.php(68): CodeIgniter\Boot::runCodeIgniter(Object(CodeIgniter\CodeIgniter))
 6 FCPATH\index.php(59): CodeIgniter\Boot::bootWeb(Object(Config\Paths))
 7 SYSTEMPATH\rewrite.php(44): require_once('C:\\Users\\Administrator\\Documents\\GITHUB\\KAPAL-FE-HTML\\home\\public\\index.php')
DEBUG - 2025-08-13 09:31:04 --> Session: Class initialized using 'CodeIgniter\Session\Handlers\FileHandler' driver.
WARNING - 2025-08-13 09:31:04 --> [DEPRECATED] Creation of dynamic property App\Controllers\Boats::$session is deprecated in APPPATH\Controllers\BaseController.php on line 53.
 1 SYSTEMPATH\CodeIgniter.php(904): App\Controllers\BaseController->initController(Object(CodeIgniter\HTTP\IncomingRequest), Object(CodeIgniter\HTTP\Response), Object(CodeIgniter\Log\Logger))
 2 SYSTEMPATH\CodeIgniter.php(498): CodeIgniter\CodeIgniter->createController()
 3 SYSTEMPATH\CodeIgniter.php(354): CodeIgniter\CodeIgniter->handleRequest(null, Object(Config\Cache), false)
 4 SYSTEMPATH\Boot.php(363): CodeIgniter\CodeIgniter->run()
 5 SYSTEMPATH\Boot.php(68): CodeIgniter\Boot::runCodeIgniter(Object(CodeIgniter\CodeIgniter))
 6 FCPATH\index.php(59): CodeIgniter\Boot::bootWeb(Object(Config\Paths))
 7 SYSTEMPATH\rewrite.php(44): require_once('C:\\Users\\Administrator\\Documents\\GITHUB\\KAPAL-FE-HTML\\home\\public\\index.php')
DEBUG - 2025-08-13 09:31:10 --> Session: Class initialized using 'CodeIgniter\Session\Handlers\FileHandler' driver.
WARNING - 2025-08-13 09:31:10 --> [DEPRECATED] Creation of dynamic property App\Controllers\Boats::$session is deprecated in APPPATH\Controllers\BaseController.php on line 53.
 1 SYSTEMPATH\CodeIgniter.php(904): App\Controllers\BaseController->initController(Object(CodeIgniter\HTTP\IncomingRequest), Object(CodeIgniter\HTTP\Response), Object(CodeIgniter\Log\Logger))
 2 SYSTEMPATH\CodeIgniter.php(498): CodeIgniter\CodeIgniter->createController()
 3 SYSTEMPATH\CodeIgniter.php(354): CodeIgniter\CodeIgniter->handleRequest(null, Object(Config\Cache), false)
 4 SYSTEMPATH\Boot.php(363): CodeIgniter\CodeIgniter->run()
 5 SYSTEMPATH\Boot.php(68): CodeIgniter\Boot::runCodeIgniter(Object(CodeIgniter\CodeIgniter))
 6 FCPATH\index.php(59): CodeIgniter\Boot::bootWeb(Object(Config\Paths))
 7 SYSTEMPATH\rewrite.php(44): require_once('C:\\Users\\Administrator\\Documents\\GITHUB\\KAPAL-FE-HTML\\home\\public\\index.php')
DEBUG - 2025-08-13 09:31:12 --> Session: Class initialized using 'CodeIgniter\Session\Handlers\FileHandler' driver.
WARNING - 2025-08-13 09:31:12 --> [DEPRECATED] Creation of dynamic property App\Controllers\Boats::$session is deprecated in APPPATH\Controllers\BaseController.php on line 53.
 1 SYSTEMPATH\CodeIgniter.php(904): App\Controllers\BaseController->initController(Object(CodeIgniter\HTTP\IncomingRequest), Object(CodeIgniter\HTTP\Response), Object(CodeIgniter\Log\Logger))
 2 SYSTEMPATH\CodeIgniter.php(498): CodeIgniter\CodeIgniter->createController()
 3 SYSTEMPATH\CodeIgniter.php(354): CodeIgniter\CodeIgniter->handleRequest(null, Object(Config\Cache), false)
 4 SYSTEMPATH\Boot.php(363): CodeIgniter\CodeIgniter->run()
 5 SYSTEMPATH\Boot.php(68): CodeIgniter\Boot::runCodeIgniter(Object(CodeIgniter\CodeIgniter))
 6 FCPATH\index.php(59): CodeIgniter\Boot::bootWeb(Object(Config\Paths))
 7 SYSTEMPATH\rewrite.php(44): require_once('C:\\Users\\Administrator\\Documents\\GITHUB\\KAPAL-FE-HTML\\home\\public\\index.php')
DEBUG - 2025-08-13 09:31:22 --> Session: Class initialized using 'CodeIgniter\Session\Handlers\FileHandler' driver.
WARNING - 2025-08-13 09:31:22 --> [DEPRECATED] Creation of dynamic property App\Controllers\Boats::$session is deprecated in APPPATH\Controllers\BaseController.php on line 53.
 1 SYSTEMPATH\CodeIgniter.php(904): App\Controllers\BaseController->initController(Object(CodeIgniter\HTTP\IncomingRequest), Object(CodeIgniter\HTTP\Response), Object(CodeIgniter\Log\Logger))
 2 SYSTEMPATH\CodeIgniter.php(498): CodeIgniter\CodeIgniter->createController()
 3 SYSTEMPATH\CodeIgniter.php(354): CodeIgniter\CodeIgniter->handleRequest(null, Object(Config\Cache), false)
 4 SYSTEMPATH\Boot.php(363): CodeIgniter\CodeIgniter->run()
 5 SYSTEMPATH\Boot.php(68): CodeIgniter\Boot::runCodeIgniter(Object(CodeIgniter\CodeIgniter))
 6 FCPATH\index.php(59): CodeIgniter\Boot::bootWeb(Object(Config\Paths))
 7 SYSTEMPATH\rewrite.php(44): require_once('C:\\Users\\Administrator\\Documents\\GITHUB\\KAPAL-FE-HTML\\home\\public\\index.php')
DEBUG - 2025-08-13 09:31:26 --> Session: Class initialized using 'CodeIgniter\Session\Handlers\FileHandler' driver.
WARNING - 2025-08-13 09:31:26 --> [DEPRECATED] Creation of dynamic property App\Controllers\Boats::$session is deprecated in APPPATH\Controllers\BaseController.php on line 53.
 1 SYSTEMPATH\CodeIgniter.php(904): App\Controllers\BaseController->initController(Object(CodeIgniter\HTTP\IncomingRequest), Object(CodeIgniter\HTTP\Response), Object(CodeIgniter\Log\Logger))
 2 SYSTEMPATH\CodeIgniter.php(498): CodeIgniter\CodeIgniter->createController()
 3 SYSTEMPATH\CodeIgniter.php(354): CodeIgniter\CodeIgniter->handleRequest(null, Object(Config\Cache), false)
 4 SYSTEMPATH\Boot.php(363): CodeIgniter\CodeIgniter->run()
 5 SYSTEMPATH\Boot.php(68): CodeIgniter\Boot::runCodeIgniter(Object(CodeIgniter\CodeIgniter))
 6 FCPATH\index.php(59): CodeIgniter\Boot::bootWeb(Object(Config\Paths))
 7 SYSTEMPATH\rewrite.php(44): require_once('C:\\Users\\Administrator\\Documents\\GITHUB\\KAPAL-FE-HTML\\home\\public\\index.php')
DEBUG - 2025-08-13 09:34:58 --> Session: Class initialized using 'CodeIgniter\Session\Handlers\FileHandler' driver.
WARNING - 2025-08-13 09:34:58 --> [DEPRECATED] Creation of dynamic property App\Controllers\Boats::$session is deprecated in APPPATH\Controllers\BaseController.php on line 53.
 1 SYSTEMPATH\CodeIgniter.php(904): App\Controllers\BaseController->initController(Object(CodeIgniter\HTTP\IncomingRequest), Object(CodeIgniter\HTTP\Response), Object(CodeIgniter\Log\Logger))
 2 SYSTEMPATH\CodeIgniter.php(498): CodeIgniter\CodeIgniter->createController()
 3 SYSTEMPATH\CodeIgniter.php(354): CodeIgniter\CodeIgniter->handleRequest(null, Object(Config\Cache), false)
 4 SYSTEMPATH\Boot.php(363): CodeIgniter\CodeIgniter->run()
 5 SYSTEMPATH\Boot.php(68): CodeIgniter\Boot::runCodeIgniter(Object(CodeIgniter\CodeIgniter))
 6 FCPATH\index.php(59): CodeIgniter\Boot::bootWeb(Object(Config\Paths))
 7 SYSTEMPATH\rewrite.php(44): require_once('C:\\Users\\Administrator\\Documents\\GITHUB\\KAPAL-FE-HTML\\home\\public\\index.php')
DEBUG - 2025-08-13 09:34:59 --> Session: Class initialized using 'CodeIgniter\Session\Handlers\FileHandler' driver.
WARNING - 2025-08-13 09:34:59 --> [DEPRECATED] Creation of dynamic property App\Controllers\Boats::$session is deprecated in APPPATH\Controllers\BaseController.php on line 53.
 1 SYSTEMPATH\CodeIgniter.php(904): App\Controllers\BaseController->initController(Object(CodeIgniter\HTTP\IncomingRequest), Object(CodeIgniter\HTTP\Response), Object(CodeIgniter\Log\Logger))
 2 SYSTEMPATH\CodeIgniter.php(498): CodeIgniter\CodeIgniter->createController()
 3 SYSTEMPATH\CodeIgniter.php(354): CodeIgniter\CodeIgniter->handleRequest(null, Object(Config\Cache), false)
 4 SYSTEMPATH\Boot.php(363): CodeIgniter\CodeIgniter->run()
 5 SYSTEMPATH\Boot.php(68): CodeIgniter\Boot::runCodeIgniter(Object(CodeIgniter\CodeIgniter))
 6 FCPATH\index.php(59): CodeIgniter\Boot::bootWeb(Object(Config\Paths))
 7 SYSTEMPATH\rewrite.php(44): require_once('C:\\Users\\Administrator\\Documents\\GITHUB\\KAPAL-FE-HTML\\home\\public\\index.php')
DEBUG - 2025-08-13 09:35:01 --> Session: Class initialized using 'CodeIgniter\Session\Handlers\FileHandler' driver.
WARNING - 2025-08-13 09:35:01 --> [DEPRECATED] Creation of dynamic property App\Controllers\Boats::$session is deprecated in APPPATH\Controllers\BaseController.php on line 53.
 1 SYSTEMPATH\CodeIgniter.php(904): App\Controllers\BaseController->initController(Object(CodeIgniter\HTTP\IncomingRequest), Object(CodeIgniter\HTTP\Response), Object(CodeIgniter\Log\Logger))
 2 SYSTEMPATH\CodeIgniter.php(498): CodeIgniter\CodeIgniter->createController()
 3 SYSTEMPATH\CodeIgniter.php(354): CodeIgniter\CodeIgniter->handleRequest(null, Object(Config\Cache), false)
 4 SYSTEMPATH\Boot.php(363): CodeIgniter\CodeIgniter->run()
 5 SYSTEMPATH\Boot.php(68): CodeIgniter\Boot::runCodeIgniter(Object(CodeIgniter\CodeIgniter))
 6 FCPATH\index.php(59): CodeIgniter\Boot::bootWeb(Object(Config\Paths))
 7 SYSTEMPATH\rewrite.php(44): require_once('C:\\Users\\Administrator\\Documents\\GITHUB\\KAPAL-FE-HTML\\home\\public\\index.php')
DEBUG - 2025-08-13 09:35:14 --> Session: Class initialized using 'CodeIgniter\Session\Handlers\FileHandler' driver.
WARNING - 2025-08-13 09:35:14 --> [DEPRECATED] Creation of dynamic property App\Controllers\Boats::$session is deprecated in APPPATH\Controllers\BaseController.php on line 53.
 1 SYSTEMPATH\CodeIgniter.php(904): App\Controllers\BaseController->initController(Object(CodeIgniter\HTTP\IncomingRequest), Object(CodeIgniter\HTTP\Response), Object(CodeIgniter\Log\Logger))
 2 SYSTEMPATH\CodeIgniter.php(498): CodeIgniter\CodeIgniter->createController()
 3 SYSTEMPATH\CodeIgniter.php(354): CodeIgniter\CodeIgniter->handleRequest(null, Object(Config\Cache), false)
 4 SYSTEMPATH\Boot.php(363): CodeIgniter\CodeIgniter->run()
 5 SYSTEMPATH\Boot.php(68): CodeIgniter\Boot::runCodeIgniter(Object(CodeIgniter\CodeIgniter))
 6 FCPATH\index.php(59): CodeIgniter\Boot::bootWeb(Object(Config\Paths))
 7 SYSTEMPATH\rewrite.php(44): require_once('C:\\Users\\Administrator\\Documents\\GITHUB\\KAPAL-FE-HTML\\home\\public\\index.php')
DEBUG - 2025-08-13 09:35:20 --> Session: Class initialized using 'CodeIgniter\Session\Handlers\FileHandler' driver.
WARNING - 2025-08-13 09:35:20 --> [DEPRECATED] Creation of dynamic property App\Controllers\Boats::$session is deprecated in APPPATH\Controllers\BaseController.php on line 53.
 1 SYSTEMPATH\CodeIgniter.php(904): App\Controllers\BaseController->initController(Object(CodeIgniter\HTTP\IncomingRequest), Object(CodeIgniter\HTTP\Response), Object(CodeIgniter\Log\Logger))
 2 SYSTEMPATH\CodeIgniter.php(498): CodeIgniter\CodeIgniter->createController()
 3 SYSTEMPATH\CodeIgniter.php(354): CodeIgniter\CodeIgniter->handleRequest(null, Object(Config\Cache), false)
 4 SYSTEMPATH\Boot.php(363): CodeIgniter\CodeIgniter->run()
 5 SYSTEMPATH\Boot.php(68): CodeIgniter\Boot::runCodeIgniter(Object(CodeIgniter\CodeIgniter))
 6 FCPATH\index.php(59): CodeIgniter\Boot::bootWeb(Object(Config\Paths))
 7 SYSTEMPATH\rewrite.php(44): require_once('C:\\Users\\Administrator\\Documents\\GITHUB\\KAPAL-FE-HTML\\home\\public\\index.php')
DEBUG - 2025-08-13 09:35:21 --> Session: Class initialized using 'CodeIgniter\Session\Handlers\FileHandler' driver.
WARNING - 2025-08-13 09:35:21 --> [DEPRECATED] Creation of dynamic property App\Controllers\Boats::$session is deprecated in APPPATH\Controllers\BaseController.php on line 53.
 1 SYSTEMPATH\CodeIgniter.php(904): App\Controllers\BaseController->initController(Object(CodeIgniter\HTTP\IncomingRequest), Object(CodeIgniter\HTTP\Response), Object(CodeIgniter\Log\Logger))
 2 SYSTEMPATH\CodeIgniter.php(498): CodeIgniter\CodeIgniter->createController()
 3 SYSTEMPATH\CodeIgniter.php(354): CodeIgniter\CodeIgniter->handleRequest(null, Object(Config\Cache), false)
 4 SYSTEMPATH\Boot.php(363): CodeIgniter\CodeIgniter->run()
 5 SYSTEMPATH\Boot.php(68): CodeIgniter\Boot::runCodeIgniter(Object(CodeIgniter\CodeIgniter))
 6 FCPATH\index.php(59): CodeIgniter\Boot::bootWeb(Object(Config\Paths))
 7 SYSTEMPATH\rewrite.php(44): require_once('C:\\Users\\Administrator\\Documents\\GITHUB\\KAPAL-FE-HTML\\home\\public\\index.php')
DEBUG - 2025-08-13 09:36:50 --> Session: Class initialized using 'CodeIgniter\Session\Handlers\FileHandler' driver.
WARNING - 2025-08-13 09:36:51 --> [DEPRECATED] Creation of dynamic property App\Controllers\Boats::$session is deprecated in APPPATH\Controllers\BaseController.php on line 53.
 1 SYSTEMPATH\CodeIgniter.php(904): App\Controllers\BaseController->initController(Object(CodeIgniter\HTTP\IncomingRequest), Object(CodeIgniter\HTTP\Response), Object(CodeIgniter\Log\Logger))
 2 SYSTEMPATH\CodeIgniter.php(498): CodeIgniter\CodeIgniter->createController()
 3 SYSTEMPATH\CodeIgniter.php(354): CodeIgniter\CodeIgniter->handleRequest(null, Object(Config\Cache), false)
 4 SYSTEMPATH\Boot.php(363): CodeIgniter\CodeIgniter->run()
 5 SYSTEMPATH\Boot.php(68): CodeIgniter\Boot::runCodeIgniter(Object(CodeIgniter\CodeIgniter))
 6 FCPATH\index.php(59): CodeIgniter\Boot::bootWeb(Object(Config\Paths))
 7 SYSTEMPATH\rewrite.php(44): require_once('C:\\Users\\Administrator\\Documents\\GITHUB\\KAPAL-FE-HTML\\home\\public\\index.php')
DEBUG - 2025-08-13 09:47:40 --> Session: Class initialized using 'CodeIgniter\Session\Handlers\FileHandler' driver.
WARNING - 2025-08-13 09:47:40 --> [DEPRECATED] Creation of dynamic property App\Controllers\Home::$session is deprecated in APPPATH\Controllers\BaseController.php on line 53.
 1 SYSTEMPATH\CodeIgniter.php(904): App\Controllers\BaseController->initController(Object(CodeIgniter\HTTP\IncomingRequest), Object(CodeIgniter\HTTP\Response), Object(CodeIgniter\Log\Logger))
 2 SYSTEMPATH\CodeIgniter.php(498): CodeIgniter\CodeIgniter->createController()
 3 SYSTEMPATH\CodeIgniter.php(354): CodeIgniter\CodeIgniter->handleRequest(null, Object(Config\Cache), false)
 4 SYSTEMPATH\Boot.php(363): CodeIgniter\CodeIgniter->run()
 5 SYSTEMPATH\Boot.php(68): CodeIgniter\Boot::runCodeIgniter(Object(CodeIgniter\CodeIgniter))
 6 FCPATH\index.php(59): CodeIgniter\Boot::bootWeb(Object(Config\Paths))
 7 SYSTEMPATH\rewrite.php(44): require_once('C:\\Users\\Administrator\\Documents\\GITHUB\\KAPAL-FE-HTML\\home\\public\\index.php')
DEBUG - 2025-08-13 09:47:43 --> Session: Class initialized using 'CodeIgniter\Session\Handlers\FileHandler' driver.
WARNING - 2025-08-13 09:47:43 --> [DEPRECATED] Creation of dynamic property App\Controllers\Home::$session is deprecated in APPPATH\Controllers\BaseController.php on line 53.
 1 SYSTEMPATH\CodeIgniter.php(904): App\Controllers\BaseController->initController(Object(CodeIgniter\HTTP\IncomingRequest), Object(CodeIgniter\HTTP\Response), Object(CodeIgniter\Log\Logger))
 2 SYSTEMPATH\CodeIgniter.php(498): CodeIgniter\CodeIgniter->createController()
 3 SYSTEMPATH\CodeIgniter.php(354): CodeIgniter\CodeIgniter->handleRequest(null, Object(Config\Cache), false)
 4 SYSTEMPATH\Boot.php(363): CodeIgniter\CodeIgniter->run()
 5 SYSTEMPATH\Boot.php(68): CodeIgniter\Boot::runCodeIgniter(Object(CodeIgniter\CodeIgniter))
 6 FCPATH\index.php(59): CodeIgniter\Boot::bootWeb(Object(Config\Paths))
 7 SYSTEMPATH\rewrite.php(44): require_once('C:\\Users\\Administrator\\Documents\\GITHUB\\KAPAL-FE-HTML\\home\\public\\index.php')
CRITICAL - 2025-08-13 09:47:43 --> CodeIgniter\View\Exceptions\ViewException: Invalid file: "blog.php"
[Method: GET, Route: blog]
in SYSTEMPATH\Exceptions\FrameworkException.php on line 39.
 1 SYSTEMPATH\View\View.php(214): CodeIgniter\Exceptions\FrameworkException::forInvalidFile('blog.php')
 2 SYSTEMPATH\Common.php(1167): CodeIgniter\View\View->render('blog', [], true)
 3 APPPATH\Controllers\BaseController.php(65): view('blog', [...])
 4 APPPATH\Controllers\Home.php(49): App\Controllers\BaseController->render('blog', [...])
 5 SYSTEMPATH\CodeIgniter.php(933): App\Controllers\Home->blog()
 6 SYSTEMPATH\CodeIgniter.php(507): CodeIgniter\CodeIgniter->runController(Object(App\Controllers\Home))
 7 SYSTEMPATH\CodeIgniter.php(354): CodeIgniter\CodeIgniter->handleRequest(null, Object(Config\Cache), false)
 8 SYSTEMPATH\Boot.php(363): CodeIgniter\CodeIgniter->run()
 9 SYSTEMPATH\Boot.php(68): CodeIgniter\Boot::runCodeIgniter(Object(CodeIgniter\CodeIgniter))
10 FCPATH\index.php(59): CodeIgniter\Boot::bootWeb(Object(Config\Paths))
11 SYSTEMPATH\rewrite.php(44): require_once('C:\\Users\\Administrator\\Documents\\GITHUB\\KAPAL-FE-HTML\\home\\public\\index.php')
