ERROR - 2025-09-11 02:13:33 --> Error connecting to the database: mysqli_sql_exception: The server requested authentication method unknown to the client [auth_gssapi_client] in C:\Users\Administrator\Documents\GITHUB\KAPAL-FE-HTML\dashboard-dir\vendor\codeigniter4\framework\system\Database\MySQLi\Connection.php:201
Stack trace:
#0 C:\Users\Administrator\Documents\GITHUB\KAPAL-FE-HTML\dashboard-dir\vendor\codeigniter4\framework\system\Database\MySQLi\Connection.php(201): mysqli->real_connect('localhost', '', Object(SensitiveParameterValue), '', 3306, '', 0)
#1 C:\Users\Administrator\Documents\GITHUB\KAPAL-FE-HTML\dashboard-dir\vendor\codeigniter4\framework\system\Database\BaseConnection.php(419): CodeIgniter\Database\MySQLi\Connection->connect(false)
#2 C:\Users\Administrator\Documents\GITHUB\KAPAL-FE-HTML\dashboard-dir\vendor\codeigniter4\framework\system\Database\BaseConnection.php(614): CodeIgniter\Database\BaseConnection->initialize()
#3 C:\Users\Administrator\Documents\GITHUB\KAPAL-FE-HTML\dashboard-dir\vendor\codeigniter4\framework\system\Database\BaseBuilder.php(1649): CodeIgniter\Database\BaseConnection->query('SELECT *\nFROM `...', Array, false)
#4 C:\Users\Administrator\Documents\GITHUB\KAPAL-FE-HTML\dashboard-dir\vendor\codeigniter4\framework\system\Model.php(330): CodeIgniter\Database\BaseBuilder->get()
#5 C:\Users\Administrator\Documents\GITHUB\KAPAL-FE-HTML\dashboard-dir\vendor\codeigniter4\framework\system\BaseModel.php(715): CodeIgniter\Model->doFirst()
#6 C:\Users\Administrator\Documents\GITHUB\KAPAL-FE-HTML\dashboard-dir\app\Controllers\Auth.php(34): CodeIgniter\BaseModel->first()
#7 C:\Users\Administrator\Documents\GITHUB\KAPAL-FE-HTML\dashboard-dir\vendor\codeigniter4\framework\system\CodeIgniter.php(933): App\Controllers\Auth->login()
#8 C:\Users\Administrator\Documents\GITHUB\KAPAL-FE-HTML\dashboard-dir\vendor\codeigniter4\framework\system\CodeIgniter.php(507): CodeIgniter\CodeIgniter->runController(Object(App\Controllers\Auth))
#9 C:\Users\Administrator\Documents\GITHUB\KAPAL-FE-HTML\dashboard-dir\vendor\codeigniter4\framework\system\CodeIgniter.php(354): CodeIgniter\CodeIgniter->handleRequest(NULL, Object(Config\Cache), false)
#10 C:\Users\Administrator\Documents\GITHUB\KAPAL-FE-HTML\dashboard-dir\vendor\codeigniter4\framework\system\Boot.php(363): CodeIgniter\CodeIgniter->run()
#11 C:\Users\Administrator\Documents\GITHUB\KAPAL-FE-HTML\dashboard-dir\vendor\codeigniter4\framework\system\Boot.php(68): CodeIgniter\Boot::runCodeIgniter(Object(CodeIgniter\CodeIgniter))
#12 C:\Users\Administrator\Documents\GITHUB\KAPAL-FE-HTML\dashboard-dir\public\index.php(59): CodeIgniter\Boot::bootWeb(Object(Config\Paths))
#13 {main}

Next CodeIgniter\Database\Exceptions\DatabaseException: The server requested authentication method unknown to the client [auth_gssapi_client] in C:\Users\Administrator\Documents\GITHUB\KAPAL-FE-HTML\dashboard-dir\vendor\codeigniter4\framework\system\Database\MySQLi\Connection.php:246
Stack trace:
#0 C:\Users\Administrator\Documents\GITHUB\KAPAL-FE-HTML\dashboard-dir\vendor\codeigniter4\framework\system\Database\BaseConnection.php(419): CodeIgniter\Database\MySQLi\Connection->connect(false)
#1 C:\Users\Administrator\Documents\GITHUB\KAPAL-FE-HTML\dashboard-dir\vendor\codeigniter4\framework\system\Database\BaseConnection.php(614): CodeIgniter\Database\BaseConnection->initialize()
#2 C:\Users\Administrator\Documents\GITHUB\KAPAL-FE-HTML\dashboard-dir\vendor\codeigniter4\framework\system\Database\BaseBuilder.php(1649): CodeIgniter\Database\BaseConnection->query('SELECT *\nFROM `...', Array, false)
#3 C:\Users\Administrator\Documents\GITHUB\KAPAL-FE-HTML\dashboard-dir\vendor\codeigniter4\framework\system\Model.php(330): CodeIgniter\Database\BaseBuilder->get()
#4 C:\Users\Administrator\Documents\GITHUB\KAPAL-FE-HTML\dashboard-dir\vendor\codeigniter4\framework\system\BaseModel.php(715): CodeIgniter\Model->doFirst()
#5 C:\Users\Administrator\Documents\GITHUB\KAPAL-FE-HTML\dashboard-dir\app\Controllers\Auth.php(34): CodeIgniter\BaseModel->first()
#6 C:\Users\Administrator\Documents\GITHUB\KAPAL-FE-HTML\dashboard-dir\vendor\codeigniter4\framework\system\CodeIgniter.php(933): App\Controllers\Auth->login()
#7 C:\Users\Administrator\Documents\GITHUB\KAPAL-FE-HTML\dashboard-dir\vendor\codeigniter4\framework\system\CodeIgniter.php(507): CodeIgniter\CodeIgniter->runController(Object(App\Controllers\Auth))
#8 C:\Users\Administrator\Documents\GITHUB\KAPAL-FE-HTML\dashboard-dir\vendor\codeigniter4\framework\system\CodeIgniter.php(354): CodeIgniter\CodeIgniter->handleRequest(NULL, Object(Config\Cache), false)
#9 C:\Users\Administrator\Documents\GITHUB\KAPAL-FE-HTML\dashboard-dir\vendor\codeigniter4\framework\system\Boot.php(363): CodeIgniter\CodeIgniter->run()
#10 C:\Users\Administrator\Documents\GITHUB\KAPAL-FE-HTML\dashboard-dir\vendor\codeigniter4\framework\system\Boot.php(68): CodeIgniter\Boot::runCodeIgniter(Object(CodeIgniter\CodeIgniter))
#11 C:\Users\Administrator\Documents\GITHUB\KAPAL-FE-HTML\dashboard-dir\public\index.php(59): CodeIgniter\Boot::bootWeb(Object(Config\Paths))
#12 {main}
CRITICAL - 2025-09-11 02:13:33 --> CodeIgniter\Database\Exceptions\DatabaseException: Unable to connect to the database.
Main connection [MySQLi]: The server requested authentication method unknown to the client [auth_gssapi_client]
[Method: POST, Route: login]
in SYSTEMPATH\Database\BaseConnection.php on line 465.
 1 SYSTEMPATH\Database\BaseConnection.php(614): CodeIgniter\Database\BaseConnection->initialize()
 2 SYSTEMPATH\Database\BaseBuilder.php(1649): CodeIgniter\Database\BaseConnection->query('SELECT *
FROM `users`
WHERE `username` = :username:
 LIMIT 1', [...], false)
 3 SYSTEMPATH\Model.php(330): CodeIgniter\Database\BaseBuilder->get()
 4 SYSTEMPATH\BaseModel.php(715): CodeIgniter\Model->doFirst()
 5 APPPATH\Controllers\Auth.php(34): CodeIgniter\BaseModel->first()
 6 SYSTEMPATH\CodeIgniter.php(933): App\Controllers\Auth->login()
 7 SYSTEMPATH\CodeIgniter.php(507): CodeIgniter\CodeIgniter->runController(Object(App\Controllers\Auth))
 8 SYSTEMPATH\CodeIgniter.php(354): CodeIgniter\CodeIgniter->handleRequest(null, Object(Config\Cache), false)
 9 SYSTEMPATH\Boot.php(363): CodeIgniter\CodeIgniter->run()
10 SYSTEMPATH\Boot.php(68): CodeIgniter\Boot::runCodeIgniter(Object(CodeIgniter\CodeIgniter))
11 FCPATH\index.php(59): CodeIgniter\Boot::bootWeb(Object(Config\Paths))
DEBUG - 2025-09-11 02:15:06 --> Session: Class initialized using 'CodeIgniter\Session\Handlers\FileHandler' driver.
WARNING - 2025-09-11 02:15:06 --> [DEPRECATED] Creation of dynamic property App\Controllers\Auth::$session is deprecated in APPPATH\Controllers\Auth.php on line 11.
 1 SYSTEMPATH\CodeIgniter.php(903): App\Controllers\Auth->__construct()
 2 SYSTEMPATH\CodeIgniter.php(498): CodeIgniter\CodeIgniter->createController()
 3 SYSTEMPATH\CodeIgniter.php(354): CodeIgniter\CodeIgniter->handleRequest(null, Object(Config\Cache), false)
 4 SYSTEMPATH\Boot.php(363): CodeIgniter\CodeIgniter->run()
 5 SYSTEMPATH\Boot.php(68): CodeIgniter\Boot::runCodeIgniter(Object(CodeIgniter\CodeIgniter))
 6 FCPATH\index.php(59): CodeIgniter\Boot::bootWeb(Object(Config\Paths))
DEBUG - 2025-09-11 02:15:07 --> Session: Class initialized using 'CodeIgniter\Session\Handlers\FileHandler' driver.
WARNING - 2025-09-11 02:15:07 --> [DEPRECATED] Creation of dynamic property App\Controllers\Auth::$session is deprecated in APPPATH\Controllers\Auth.php on line 11.
 1 SYSTEMPATH\CodeIgniter.php(903): App\Controllers\Auth->__construct()
 2 SYSTEMPATH\CodeIgniter.php(498): CodeIgniter\CodeIgniter->createController()
 3 SYSTEMPATH\CodeIgniter.php(354): CodeIgniter\CodeIgniter->handleRequest(null, Object(Config\Cache), false)
 4 SYSTEMPATH\Boot.php(363): CodeIgniter\CodeIgniter->run()
 5 SYSTEMPATH\Boot.php(68): CodeIgniter\Boot::runCodeIgniter(Object(CodeIgniter\CodeIgniter))
 6 FCPATH\index.php(59): CodeIgniter\Boot::bootWeb(Object(Config\Paths))
DEBUG - 2025-09-11 02:15:10 --> Session: Class initialized using 'CodeIgniter\Session\Handlers\FileHandler' driver.
WARNING - 2025-09-11 02:15:10 --> [DEPRECATED] Creation of dynamic property App\Controllers\Auth::$session is deprecated in APPPATH\Controllers\Auth.php on line 11.
 1 SYSTEMPATH\CodeIgniter.php(903): App\Controllers\Auth->__construct()
 2 SYSTEMPATH\CodeIgniter.php(498): CodeIgniter\CodeIgniter->createController()
 3 SYSTEMPATH\CodeIgniter.php(354): CodeIgniter\CodeIgniter->handleRequest(null, Object(Config\Cache), false)
 4 SYSTEMPATH\Boot.php(363): CodeIgniter\CodeIgniter->run()
 5 SYSTEMPATH\Boot.php(68): CodeIgniter\Boot::runCodeIgniter(Object(CodeIgniter\CodeIgniter))
 6 FCPATH\index.php(59): CodeIgniter\Boot::bootWeb(Object(Config\Paths))
DEBUG - 2025-09-11 02:15:11 --> Session: Class initialized using 'CodeIgniter\Session\Handlers\FileHandler' driver.
WARNING - 2025-09-11 02:15:11 --> [DEPRECATED] Creation of dynamic property App\Controllers\Auth::$session is deprecated in APPPATH\Controllers\Auth.php on line 11.
 1 SYSTEMPATH\CodeIgniter.php(903): App\Controllers\Auth->__construct()
 2 SYSTEMPATH\CodeIgniter.php(498): CodeIgniter\CodeIgniter->createController()
 3 SYSTEMPATH\CodeIgniter.php(354): CodeIgniter\CodeIgniter->handleRequest(null, Object(Config\Cache), false)
 4 SYSTEMPATH\Boot.php(363): CodeIgniter\CodeIgniter->run()
 5 SYSTEMPATH\Boot.php(68): CodeIgniter\Boot::runCodeIgniter(Object(CodeIgniter\CodeIgniter))
 6 FCPATH\index.php(59): CodeIgniter\Boot::bootWeb(Object(Config\Paths))
DEBUG - 2025-09-11 02:15:27 --> Session: Class initialized using 'CodeIgniter\Session\Handlers\FileHandler' driver.
WARNING - 2025-09-11 02:15:27 --> [DEPRECATED] Creation of dynamic property App\Controllers\Auth::$session is deprecated in APPPATH\Controllers\Auth.php on line 11.
 1 SYSTEMPATH\CodeIgniter.php(903): App\Controllers\Auth->__construct()
 2 SYSTEMPATH\CodeIgniter.php(498): CodeIgniter\CodeIgniter->createController()
 3 SYSTEMPATH\CodeIgniter.php(354): CodeIgniter\CodeIgniter->handleRequest(null, Object(Config\Cache), false)
 4 SYSTEMPATH\Boot.php(363): CodeIgniter\CodeIgniter->run()
 5 SYSTEMPATH\Boot.php(68): CodeIgniter\Boot::runCodeIgniter(Object(CodeIgniter\CodeIgniter))
 6 FCPATH\index.php(59): CodeIgniter\Boot::bootWeb(Object(Config\Paths))
DEBUG - 2025-09-11 02:15:27 --> Session: Class initialized using 'CodeIgniter\Session\Handlers\FileHandler' driver.
WARNING - 2025-09-11 02:15:27 --> [DEPRECATED] Creation of dynamic property App\Controllers\Auth::$session is deprecated in APPPATH\Controllers\Auth.php on line 11.
 1 SYSTEMPATH\CodeIgniter.php(903): App\Controllers\Auth->__construct()
 2 SYSTEMPATH\CodeIgniter.php(498): CodeIgniter\CodeIgniter->createController()
 3 SYSTEMPATH\CodeIgniter.php(354): CodeIgniter\CodeIgniter->handleRequest(null, Object(Config\Cache), false)
 4 SYSTEMPATH\Boot.php(363): CodeIgniter\CodeIgniter->run()
 5 SYSTEMPATH\Boot.php(68): CodeIgniter\Boot::runCodeIgniter(Object(CodeIgniter\CodeIgniter))
 6 FCPATH\index.php(59): CodeIgniter\Boot::bootWeb(Object(Config\Paths))
DEBUG - 2025-09-11 02:15:33 --> Session: Class initialized using 'CodeIgniter\Session\Handlers\FileHandler' driver.
WARNING - 2025-09-11 02:15:33 --> [DEPRECATED] Creation of dynamic property App\Controllers\Auth::$session is deprecated in APPPATH\Controllers\Auth.php on line 11.
 1 SYSTEMPATH\CodeIgniter.php(903): App\Controllers\Auth->__construct()
 2 SYSTEMPATH\CodeIgniter.php(498): CodeIgniter\CodeIgniter->createController()
 3 SYSTEMPATH\CodeIgniter.php(354): CodeIgniter\CodeIgniter->handleRequest(null, Object(Config\Cache), false)
 4 SYSTEMPATH\Boot.php(363): CodeIgniter\CodeIgniter->run()
 5 SYSTEMPATH\Boot.php(68): CodeIgniter\Boot::runCodeIgniter(Object(CodeIgniter\CodeIgniter))
 6 FCPATH\index.php(59): CodeIgniter\Boot::bootWeb(Object(Config\Paths))
DEBUG - 2025-09-11 02:15:33 --> Session: Class initialized using 'CodeIgniter\Session\Handlers\FileHandler' driver.
WARNING - 2025-09-11 02:15:33 --> [DEPRECATED] Creation of dynamic property App\Controllers\Auth::$session is deprecated in APPPATH\Controllers\Auth.php on line 11.
 1 SYSTEMPATH\CodeIgniter.php(903): App\Controllers\Auth->__construct()
 2 SYSTEMPATH\CodeIgniter.php(498): CodeIgniter\CodeIgniter->createController()
 3 SYSTEMPATH\CodeIgniter.php(354): CodeIgniter\CodeIgniter->handleRequest(null, Object(Config\Cache), false)
 4 SYSTEMPATH\Boot.php(363): CodeIgniter\CodeIgniter->run()
 5 SYSTEMPATH\Boot.php(68): CodeIgniter\Boot::runCodeIgniter(Object(CodeIgniter\CodeIgniter))
 6 FCPATH\index.php(59): CodeIgniter\Boot::bootWeb(Object(Config\Paths))
DEBUG - 2025-09-11 02:15:40 --> Session: Class initialized using 'CodeIgniter\Session\Handlers\FileHandler' driver.
WARNING - 2025-09-11 02:15:40 --> [DEPRECATED] Creation of dynamic property App\Controllers\Auth::$session is deprecated in APPPATH\Controllers\Auth.php on line 11.
 1 SYSTEMPATH\CodeIgniter.php(903): App\Controllers\Auth->__construct()
 2 SYSTEMPATH\CodeIgniter.php(498): CodeIgniter\CodeIgniter->createController()
 3 SYSTEMPATH\CodeIgniter.php(354): CodeIgniter\CodeIgniter->handleRequest(null, Object(Config\Cache), false)
 4 SYSTEMPATH\Boot.php(363): CodeIgniter\CodeIgniter->run()
 5 SYSTEMPATH\Boot.php(68): CodeIgniter\Boot::runCodeIgniter(Object(CodeIgniter\CodeIgniter))
 6 FCPATH\index.php(59): CodeIgniter\Boot::bootWeb(Object(Config\Paths))
DEBUG - 2025-09-11 02:15:40 --> Session: Class initialized using 'CodeIgniter\Session\Handlers\FileHandler' driver.
WARNING - 2025-09-11 02:15:40 --> [DEPRECATED] Creation of dynamic property App\Controllers\Auth::$session is deprecated in APPPATH\Controllers\Auth.php on line 11.
 1 SYSTEMPATH\CodeIgniter.php(903): App\Controllers\Auth->__construct()
 2 SYSTEMPATH\CodeIgniter.php(498): CodeIgniter\CodeIgniter->createController()
 3 SYSTEMPATH\CodeIgniter.php(354): CodeIgniter\CodeIgniter->handleRequest(null, Object(Config\Cache), false)
 4 SYSTEMPATH\Boot.php(363): CodeIgniter\CodeIgniter->run()
 5 SYSTEMPATH\Boot.php(68): CodeIgniter\Boot::runCodeIgniter(Object(CodeIgniter\CodeIgniter))
 6 FCPATH\index.php(59): CodeIgniter\Boot::bootWeb(Object(Config\Paths))
DEBUG - 2025-09-11 02:16:04 --> Session: Class initialized using 'CodeIgniter\Session\Handlers\FileHandler' driver.
WARNING - 2025-09-11 02:16:04 --> [DEPRECATED] Creation of dynamic property App\Controllers\Auth::$session is deprecated in APPPATH\Controllers\Auth.php on line 11.
 1 SYSTEMPATH\CodeIgniter.php(903): App\Controllers\Auth->__construct()
 2 SYSTEMPATH\CodeIgniter.php(498): CodeIgniter\CodeIgniter->createController()
 3 SYSTEMPATH\CodeIgniter.php(354): CodeIgniter\CodeIgniter->handleRequest(null, Object(Config\Cache), false)
 4 SYSTEMPATH\Boot.php(363): CodeIgniter\CodeIgniter->run()
 5 SYSTEMPATH\Boot.php(68): CodeIgniter\Boot::runCodeIgniter(Object(CodeIgniter\CodeIgniter))
 6 FCPATH\index.php(59): CodeIgniter\Boot::bootWeb(Object(Config\Paths))
DEBUG - 2025-09-11 02:16:04 --> Session: Class initialized using 'CodeIgniter\Session\Handlers\FileHandler' driver.
WARNING - 2025-09-11 02:16:04 --> [DEPRECATED] Creation of dynamic property App\Controllers\Auth::$session is deprecated in APPPATH\Controllers\Auth.php on line 11.
 1 SYSTEMPATH\CodeIgniter.php(903): App\Controllers\Auth->__construct()
 2 SYSTEMPATH\CodeIgniter.php(498): CodeIgniter\CodeIgniter->createController()
 3 SYSTEMPATH\CodeIgniter.php(354): CodeIgniter\CodeIgniter->handleRequest(null, Object(Config\Cache), false)
 4 SYSTEMPATH\Boot.php(363): CodeIgniter\CodeIgniter->run()
 5 SYSTEMPATH\Boot.php(68): CodeIgniter\Boot::runCodeIgniter(Object(CodeIgniter\CodeIgniter))
 6 FCPATH\index.php(59): CodeIgniter\Boot::bootWeb(Object(Config\Paths))
DEBUG - 2025-09-11 02:18:03 --> Session: Class initialized using 'CodeIgniter\Session\Handlers\FileHandler' driver.
WARNING - 2025-09-11 02:18:03 --> [DEPRECATED] Creation of dynamic property App\Controllers\Auth::$session is deprecated in APPPATH\Controllers\Auth.php on line 11.
 1 SYSTEMPATH\CodeIgniter.php(903): App\Controllers\Auth->__construct()
 2 SYSTEMPATH\CodeIgniter.php(498): CodeIgniter\CodeIgniter->createController()
 3 SYSTEMPATH\CodeIgniter.php(354): CodeIgniter\CodeIgniter->handleRequest(null, Object(Config\Cache), false)
 4 SYSTEMPATH\Boot.php(363): CodeIgniter\CodeIgniter->run()
 5 SYSTEMPATH\Boot.php(68): CodeIgniter\Boot::runCodeIgniter(Object(CodeIgniter\CodeIgniter))
 6 FCPATH\index.php(59): CodeIgniter\Boot::bootWeb(Object(Config\Paths))
DEBUG - 2025-09-11 02:18:03 --> Session: Class initialized using 'CodeIgniter\Session\Handlers\FileHandler' driver.
WARNING - 2025-09-11 02:18:03 --> [DEPRECATED] Creation of dynamic property App\Controllers\Admin::$session is deprecated in APPPATH\Controllers\Admin.php on line 11.
 1 SYSTEMPATH\CodeIgniter.php(903): App\Controllers\Admin->__construct()
 2 SYSTEMPATH\CodeIgniter.php(498): CodeIgniter\CodeIgniter->createController()
 3 SYSTEMPATH\CodeIgniter.php(354): CodeIgniter\CodeIgniter->handleRequest(null, Object(Config\Cache), false)
 4 SYSTEMPATH\Boot.php(363): CodeIgniter\CodeIgniter->run()
 5 SYSTEMPATH\Boot.php(68): CodeIgniter\Boot::runCodeIgniter(Object(CodeIgniter\CodeIgniter))
 6 FCPATH\index.php(59): CodeIgniter\Boot::bootWeb(Object(Config\Paths))
DEBUG - 2025-09-11 02:18:22 --> Session: Class initialized using 'CodeIgniter\Session\Handlers\FileHandler' driver.
WARNING - 2025-09-11 02:18:22 --> [DEPRECATED] Creation of dynamic property App\Controllers\Admin::$session is deprecated in APPPATH\Controllers\Admin.php on line 11.
 1 SYSTEMPATH\CodeIgniter.php(903): App\Controllers\Admin->__construct()
 2 SYSTEMPATH\CodeIgniter.php(498): CodeIgniter\CodeIgniter->createController()
 3 SYSTEMPATH\CodeIgniter.php(354): CodeIgniter\CodeIgniter->handleRequest(null, Object(Config\Cache), false)
 4 SYSTEMPATH\Boot.php(363): CodeIgniter\CodeIgniter->run()
 5 SYSTEMPATH\Boot.php(68): CodeIgniter\Boot::runCodeIgniter(Object(CodeIgniter\CodeIgniter))
 6 FCPATH\index.php(59): CodeIgniter\Boot::bootWeb(Object(Config\Paths))
DEBUG - 2025-09-11 02:18:28 --> Session: Class initialized using 'CodeIgniter\Session\Handlers\FileHandler' driver.
WARNING - 2025-09-11 02:18:28 --> [DEPRECATED] Creation of dynamic property App\Controllers\Admin::$session is deprecated in APPPATH\Controllers\Admin.php on line 11.
 1 SYSTEMPATH\CodeIgniter.php(903): App\Controllers\Admin->__construct()
 2 SYSTEMPATH\CodeIgniter.php(498): CodeIgniter\CodeIgniter->createController()
 3 SYSTEMPATH\CodeIgniter.php(354): CodeIgniter\CodeIgniter->handleRequest(null, Object(Config\Cache), false)
 4 SYSTEMPATH\Boot.php(363): CodeIgniter\CodeIgniter->run()
 5 SYSTEMPATH\Boot.php(68): CodeIgniter\Boot::runCodeIgniter(Object(CodeIgniter\CodeIgniter))
 6 FCPATH\index.php(59): CodeIgniter\Boot::bootWeb(Object(Config\Paths))
ERROR - 2025-09-11 02:18:28 --> mysqli_sql_exception: Cannot delete or update a parent row: a foreign key constraint fails (`u375117440_kapal`.`schedules`, CONSTRAINT `schedules_ibfk_2` FOREIGN KEY (`boat_id`) REFERENCES `boats` (`boat_id`)) in C:\Users\Administrator\Documents\GITHUB\KAPAL-FE-HTML\dashboard-dir\vendor\codeigniter4\framework\system\Database\MySQLi\Connection.php:327
Stack trace:
#0 C:\Users\Administrator\Documents\GITHUB\KAPAL-FE-HTML\dashboard-dir\vendor\codeigniter4\framework\system\Database\MySQLi\Connection.php(327): mysqli->query('DELETE FROM `bo...', 0)
#1 C:\Users\Administrator\Documents\GITHUB\KAPAL-FE-HTML\dashboard-dir\vendor\codeigniter4\framework\system\Database\BaseConnection.php(729): CodeIgniter\Database\MySQLi\Connection->execute('DELETE FROM `bo...')
#2 C:\Users\Administrator\Documents\GITHUB\KAPAL-FE-HTML\dashboard-dir\vendor\codeigniter4\framework\system\Database\BaseConnection.php(646): CodeIgniter\Database\BaseConnection->simpleQuery('DELETE FROM `bo...')
#3 C:\Users\Administrator\Documents\GITHUB\KAPAL-FE-HTML\dashboard-dir\vendor\codeigniter4\framework\system\Database\BaseBuilder.php(2848): CodeIgniter\Database\BaseConnection->query('DELETE FROM `bo...', Array, false)
#4 C:\Users\Administrator\Documents\GITHUB\KAPAL-FE-HTML\dashboard-dir\vendor\codeigniter4\framework\system\Model.php(521): CodeIgniter\Database\BaseBuilder->delete()
#5 C:\Users\Administrator\Documents\GITHUB\KAPAL-FE-HTML\dashboard-dir\vendor\codeigniter4\framework\system\BaseModel.php(1152): CodeIgniter\Model->doDelete(Array, false)
#6 C:\Users\Administrator\Documents\GITHUB\KAPAL-FE-HTML\dashboard-dir\app\Controllers\Admin.php(218): CodeIgniter\BaseModel->delete(Array)
#7 C:\Users\Administrator\Documents\GITHUB\KAPAL-FE-HTML\dashboard-dir\vendor\codeigniter4\framework\system\CodeIgniter.php(933): App\Controllers\Admin->deleteBoat('1')
#8 C:\Users\Administrator\Documents\GITHUB\KAPAL-FE-HTML\dashboard-dir\vendor\codeigniter4\framework\system\CodeIgniter.php(507): CodeIgniter\CodeIgniter->runController(Object(App\Controllers\Admin))
#9 C:\Users\Administrator\Documents\GITHUB\KAPAL-FE-HTML\dashboard-dir\vendor\codeigniter4\framework\system\CodeIgniter.php(354): CodeIgniter\CodeIgniter->handleRequest(NULL, Object(Config\Cache), false)
#10 C:\Users\Administrator\Documents\GITHUB\KAPAL-FE-HTML\dashboard-dir\vendor\codeigniter4\framework\system\Boot.php(363): CodeIgniter\CodeIgniter->run()
#11 C:\Users\Administrator\Documents\GITHUB\KAPAL-FE-HTML\dashboard-dir\vendor\codeigniter4\framework\system\Boot.php(68): CodeIgniter\Boot::runCodeIgniter(Object(CodeIgniter\CodeIgniter))
#12 C:\Users\Administrator\Documents\GITHUB\KAPAL-FE-HTML\dashboard-dir\public\index.php(59): CodeIgniter\Boot::bootWeb(Object(Config\Paths))
#13 {main}
CRITICAL - 2025-09-11 02:18:28 --> CodeIgniter\Database\Exceptions\DatabaseException: Cannot delete or update a parent row: a foreign key constraint fails (`u375117440_kapal`.`schedules`, CONSTRAINT `schedules_ibfk_2` FOREIGN KEY (`boat_id`) REFERENCES `boats` (`boat_id`))
[Method: GET, Route: admin/boats/delete/1]
in SYSTEMPATH\Database\BaseConnection.php on line 684.
 1 SYSTEMPATH\Database\BaseBuilder.php(2848): CodeIgniter\Database\BaseConnection->query('DELETE FROM `boats`
WHERE `boat_id` IN :boat_id:', [...], false)
 2 SYSTEMPATH\Model.php(521): CodeIgniter\Database\BaseBuilder->delete()
 3 SYSTEMPATH\BaseModel.php(1152): CodeIgniter\Model->doDelete([...], false)
 4 APPPATH\Controllers\Admin.php(218): CodeIgniter\BaseModel->delete([...])
 5 SYSTEMPATH\CodeIgniter.php(933): App\Controllers\Admin->deleteBoat('1')
 6 SYSTEMPATH\CodeIgniter.php(507): CodeIgniter\CodeIgniter->runController(Object(App\Controllers\Admin))
 7 SYSTEMPATH\CodeIgniter.php(354): CodeIgniter\CodeIgniter->handleRequest(null, Object(Config\Cache), false)
 8 SYSTEMPATH\Boot.php(363): CodeIgniter\CodeIgniter->run()
 9 SYSTEMPATH\Boot.php(68): CodeIgniter\Boot::runCodeIgniter(Object(CodeIgniter\CodeIgniter))
10 FCPATH\index.php(59): CodeIgniter\Boot::bootWeb(Object(Config\Paths))
CRITICAL - 2025-09-11 02:18:28 --> [Caused by] CodeIgniter\Database\Exceptions\DatabaseException: Cannot delete or update a parent row: a foreign key constraint fails (`u375117440_kapal`.`schedules`, CONSTRAINT `schedules_ibfk_2` FOREIGN KEY (`boat_id`) REFERENCES `boats` (`boat_id`))
in SYSTEMPATH\Database\MySQLi\Connection.php on line 332.
 1 SYSTEMPATH\Database\BaseConnection.php(729): CodeIgniter\Database\MySQLi\Connection->execute('DELETE FROM `boats`
WHERE `boat_id` IN (\'1\')')
 2 SYSTEMPATH\Database\BaseConnection.php(646): CodeIgniter\Database\BaseConnection->simpleQuery('DELETE FROM `boats`
WHERE `boat_id` IN (\'1\')')
 3 SYSTEMPATH\Database\BaseBuilder.php(2848): CodeIgniter\Database\BaseConnection->query('DELETE FROM `boats`
WHERE `boat_id` IN :boat_id:', [...], false)
 4 SYSTEMPATH\Model.php(521): CodeIgniter\Database\BaseBuilder->delete()
 5 SYSTEMPATH\BaseModel.php(1152): CodeIgniter\Model->doDelete([...], false)
 6 APPPATH\Controllers\Admin.php(218): CodeIgniter\BaseModel->delete([...])
 7 SYSTEMPATH\CodeIgniter.php(933): App\Controllers\Admin->deleteBoat('1')
 8 SYSTEMPATH\CodeIgniter.php(507): CodeIgniter\CodeIgniter->runController(Object(App\Controllers\Admin))
 9 SYSTEMPATH\CodeIgniter.php(354): CodeIgniter\CodeIgniter->handleRequest(null, Object(Config\Cache), false)
10 SYSTEMPATH\Boot.php(363): CodeIgniter\CodeIgniter->run()
11 SYSTEMPATH\Boot.php(68): CodeIgniter\Boot::runCodeIgniter(Object(CodeIgniter\CodeIgniter))
12 FCPATH\index.php(59): CodeIgniter\Boot::bootWeb(Object(Config\Paths))
CRITICAL - 2025-09-11 02:18:28 --> [Caused by] mysqli_sql_exception: Cannot delete or update a parent row: a foreign key constraint fails (`u375117440_kapal`.`schedules`, CONSTRAINT `schedules_ibfk_2` FOREIGN KEY (`boat_id`) REFERENCES `boats` (`boat_id`))
in SYSTEMPATH\Database\MySQLi\Connection.php on line 327.
 1 SYSTEMPATH\Database\MySQLi\Connection.php(327): mysqli->query('DELETE FROM `boats`
WHERE `boat_id` IN (\'1\')', 0)
 2 SYSTEMPATH\Database\BaseConnection.php(729): CodeIgniter\Database\MySQLi\Connection->execute('DELETE FROM `boats`
WHERE `boat_id` IN (\'1\')')
 3 SYSTEMPATH\Database\BaseConnection.php(646): CodeIgniter\Database\BaseConnection->simpleQuery('DELETE FROM `boats`
WHERE `boat_id` IN (\'1\')')
 4 SYSTEMPATH\Database\BaseBuilder.php(2848): CodeIgniter\Database\BaseConnection->query('DELETE FROM `boats`
WHERE `boat_id` IN :boat_id:', [...], false)
 5 SYSTEMPATH\Model.php(521): CodeIgniter\Database\BaseBuilder->delete()
 6 SYSTEMPATH\BaseModel.php(1152): CodeIgniter\Model->doDelete([...], false)
 7 APPPATH\Controllers\Admin.php(218): CodeIgniter\BaseModel->delete([...])
 8 SYSTEMPATH\CodeIgniter.php(933): App\Controllers\Admin->deleteBoat('1')
 9 SYSTEMPATH\CodeIgniter.php(507): CodeIgniter\CodeIgniter->runController(Object(App\Controllers\Admin))
10 SYSTEMPATH\CodeIgniter.php(354): CodeIgniter\CodeIgniter->handleRequest(null, Object(Config\Cache), false)
11 SYSTEMPATH\Boot.php(363): CodeIgniter\CodeIgniter->run()
12 SYSTEMPATH\Boot.php(68): CodeIgniter\Boot::runCodeIgniter(Object(CodeIgniter\CodeIgniter))
13 FCPATH\index.php(59): CodeIgniter\Boot::bootWeb(Object(Config\Paths))
DEBUG - 2025-09-11 02:18:47 --> Session: Class initialized using 'CodeIgniter\Session\Handlers\FileHandler' driver.
WARNING - 2025-09-11 02:18:47 --> [DEPRECATED] Creation of dynamic property App\Controllers\CheckinController::$session is deprecated in APPPATH\Controllers\CheckinController.php on line 18.
 1 SYSTEMPATH\CodeIgniter.php(903): App\Controllers\CheckinController->__construct()
 2 SYSTEMPATH\CodeIgniter.php(498): CodeIgniter\CodeIgniter->createController()
 3 SYSTEMPATH\CodeIgniter.php(354): CodeIgniter\CodeIgniter->handleRequest(null, Object(Config\Cache), false)
 4 SYSTEMPATH\Boot.php(363): CodeIgniter\CodeIgniter->run()
 5 SYSTEMPATH\Boot.php(68): CodeIgniter\Boot::runCodeIgniter(Object(CodeIgniter\CodeIgniter))
 6 FCPATH\index.php(59): CodeIgniter\Boot::bootWeb(Object(Config\Paths))
DEBUG - 2025-09-11 02:18:49 --> Session: Class initialized using 'CodeIgniter\Session\Handlers\FileHandler' driver.
WARNING - 2025-09-11 02:18:49 --> [DEPRECATED] Creation of dynamic property App\Controllers\BookingController::$session is deprecated in APPPATH\Controllers\BookingController.php on line 21.
 1 SYSTEMPATH\CodeIgniter.php(903): App\Controllers\BookingController->__construct()
 2 SYSTEMPATH\CodeIgniter.php(498): CodeIgniter\CodeIgniter->createController()
 3 SYSTEMPATH\CodeIgniter.php(354): CodeIgniter\CodeIgniter->handleRequest(null, Object(Config\Cache), false)
 4 SYSTEMPATH\Boot.php(363): CodeIgniter\CodeIgniter->run()
 5 SYSTEMPATH\Boot.php(68): CodeIgniter\Boot::runCodeIgniter(Object(CodeIgniter\CodeIgniter))
 6 FCPATH\index.php(59): CodeIgniter\Boot::bootWeb(Object(Config\Paths))
DEBUG - 2025-09-11 02:18:53 --> Session: Class initialized using 'CodeIgniter\Session\Handlers\FileHandler' driver.
WARNING - 2025-09-11 02:18:53 --> [DEPRECATED] Creation of dynamic property App\Controllers\BookingController::$session is deprecated in APPPATH\Controllers\BookingController.php on line 21.
 1 SYSTEMPATH\CodeIgniter.php(903): App\Controllers\BookingController->__construct()
 2 SYSTEMPATH\CodeIgniter.php(498): CodeIgniter\CodeIgniter->createController()
 3 SYSTEMPATH\CodeIgniter.php(354): CodeIgniter\CodeIgniter->handleRequest(null, Object(Config\Cache), false)
 4 SYSTEMPATH\Boot.php(363): CodeIgniter\CodeIgniter->run()
 5 SYSTEMPATH\Boot.php(68): CodeIgniter\Boot::runCodeIgniter(Object(CodeIgniter\CodeIgniter))
 6 FCPATH\index.php(59): CodeIgniter\Boot::bootWeb(Object(Config\Paths))
CRITICAL - 2025-09-11 02:18:54 --> ErrorException: Undefined array key "customer_name"
[Method: GET, Route: admin/bookings/24]
in APPPATH\Views\admin\bookings\show.php on line 11.
 1 APPPATH\Views\admin\bookings\show.php(11): CodeIgniter\Debug\Exceptions->errorHandler(2, 'Undefined array key "customer_name"', 'C:\\Users\\Administrator\\Documents\\GITHUB\\KAPAL-FE-HTML\\dashboard-dir\\app\\Views\\admin\\bookings\\show.php', 11)
 2 SYSTEMPATH\View\View.php(226): include('C:\\Users\\Administrator\\Documents\\GITHUB\\KAPAL-FE-HTML\\dashboard-dir\\app\\Views\\admin\\bookings\\show.php')
 3 SYSTEMPATH\View\View.php(229): CodeIgniter\View\View->CodeIgniter\View\{closure}()
 4 SYSTEMPATH\Common.php(1167): CodeIgniter\View\View->render('admin/bookings/show', [], true)
 5 APPPATH\Controllers\BookingController.php(53): view('admin/bookings/show', [...])
 6 SYSTEMPATH\CodeIgniter.php(933): App\Controllers\BookingController->show('24')
 7 SYSTEMPATH\CodeIgniter.php(507): CodeIgniter\CodeIgniter->runController(Object(App\Controllers\BookingController))
 8 SYSTEMPATH\CodeIgniter.php(354): CodeIgniter\CodeIgniter->handleRequest(null, Object(Config\Cache), false)
 9 SYSTEMPATH\Boot.php(363): CodeIgniter\CodeIgniter->run()
10 SYSTEMPATH\Boot.php(68): CodeIgniter\Boot::runCodeIgniter(Object(CodeIgniter\CodeIgniter))
11 FCPATH\index.php(59): CodeIgniter\Boot::bootWeb(Object(Config\Paths))
DEBUG - 2025-09-11 02:19:03 --> Session: Class initialized using 'CodeIgniter\Session\Handlers\FileHandler' driver.
WARNING - 2025-09-11 02:19:03 --> [DEPRECATED] Creation of dynamic property App\Controllers\RouteController::$session is deprecated in APPPATH\Controllers\RouteController.php on line 15.
 1 SYSTEMPATH\CodeIgniter.php(903): App\Controllers\RouteController->__construct()
 2 SYSTEMPATH\CodeIgniter.php(498): CodeIgniter\CodeIgniter->createController()
 3 SYSTEMPATH\CodeIgniter.php(354): CodeIgniter\CodeIgniter->handleRequest(null, Object(Config\Cache), false)
 4 SYSTEMPATH\Boot.php(363): CodeIgniter\CodeIgniter->run()
 5 SYSTEMPATH\Boot.php(68): CodeIgniter\Boot::runCodeIgniter(Object(CodeIgniter\CodeIgniter))
 6 FCPATH\index.php(59): CodeIgniter\Boot::bootWeb(Object(Config\Paths))
DEBUG - 2025-09-11 02:19:12 --> Session: Class initialized using 'CodeIgniter\Session\Handlers\FileHandler' driver.
WARNING - 2025-09-11 02:19:12 --> [DEPRECATED] Creation of dynamic property App\Controllers\ScheduleController::$session is deprecated in APPPATH\Controllers\ScheduleController.php on line 18.
 1 SYSTEMPATH\CodeIgniter.php(903): App\Controllers\ScheduleController->__construct()
 2 SYSTEMPATH\CodeIgniter.php(498): CodeIgniter\CodeIgniter->createController()
 3 SYSTEMPATH\CodeIgniter.php(354): CodeIgniter\CodeIgniter->handleRequest(null, Object(Config\Cache), false)
 4 SYSTEMPATH\Boot.php(363): CodeIgniter\CodeIgniter->run()
 5 SYSTEMPATH\Boot.php(68): CodeIgniter\Boot::runCodeIgniter(Object(CodeIgniter\CodeIgniter))
 6 FCPATH\index.php(59): CodeIgniter\Boot::bootWeb(Object(Config\Paths))
DEBUG - 2025-09-11 02:19:18 --> Session: Class initialized using 'CodeIgniter\Session\Handlers\FileHandler' driver.
WARNING - 2025-09-11 02:19:18 --> [DEPRECATED] Creation of dynamic property App\Controllers\SettingController::$session is deprecated in APPPATH\Controllers\SettingController.php on line 12.
 1 SYSTEMPATH\CodeIgniter.php(903): App\Controllers\SettingController->__construct()
 2 SYSTEMPATH\CodeIgniter.php(498): CodeIgniter\CodeIgniter->createController()
 3 SYSTEMPATH\CodeIgniter.php(354): CodeIgniter\CodeIgniter->handleRequest(null, Object(Config\Cache), false)
 4 SYSTEMPATH\Boot.php(363): CodeIgniter\CodeIgniter->run()
 5 SYSTEMPATH\Boot.php(68): CodeIgniter\Boot::runCodeIgniter(Object(CodeIgniter\CodeIgniter))
 6 FCPATH\index.php(59): CodeIgniter\Boot::bootWeb(Object(Config\Paths))
DEBUG - 2025-09-11 02:19:19 --> Session: Class initialized using 'CodeIgniter\Session\Handlers\FileHandler' driver.
WARNING - 2025-09-11 02:19:19 --> [DEPRECATED] Creation of dynamic property App\Controllers\TestimonialController::$session is deprecated in APPPATH\Controllers\TestimonialController.php on line 15.
 1 SYSTEMPATH\CodeIgniter.php(903): App\Controllers\TestimonialController->__construct()
 2 SYSTEMPATH\CodeIgniter.php(498): CodeIgniter\CodeIgniter->createController()
 3 SYSTEMPATH\CodeIgniter.php(354): CodeIgniter\CodeIgniter->handleRequest(null, Object(Config\Cache), false)
 4 SYSTEMPATH\Boot.php(363): CodeIgniter\CodeIgniter->run()
 5 SYSTEMPATH\Boot.php(68): CodeIgniter\Boot::runCodeIgniter(Object(CodeIgniter\CodeIgniter))
 6 FCPATH\index.php(59): CodeIgniter\Boot::bootWeb(Object(Config\Paths))
DEBUG - 2025-09-11 02:19:21 --> Session: Class initialized using 'CodeIgniter\Session\Handlers\FileHandler' driver.
WARNING - 2025-09-11 02:19:21 --> [DEPRECATED] Creation of dynamic property App\Controllers\SettingController::$session is deprecated in APPPATH\Controllers\SettingController.php on line 12.
 1 SYSTEMPATH\CodeIgniter.php(903): App\Controllers\SettingController->__construct()
 2 SYSTEMPATH\CodeIgniter.php(498): CodeIgniter\CodeIgniter->createController()
 3 SYSTEMPATH\CodeIgniter.php(354): CodeIgniter\CodeIgniter->handleRequest(null, Object(Config\Cache), false)
 4 SYSTEMPATH\Boot.php(363): CodeIgniter\CodeIgniter->run()
 5 SYSTEMPATH\Boot.php(68): CodeIgniter\Boot::runCodeIgniter(Object(CodeIgniter\CodeIgniter))
 6 FCPATH\index.php(59): CodeIgniter\Boot::bootWeb(Object(Config\Paths))
DEBUG - 2025-09-11 02:19:46 --> Session: Class initialized using 'CodeIgniter\Session\Handlers\FileHandler' driver.
WARNING - 2025-09-11 02:19:46 --> [DEPRECATED] Creation of dynamic property App\Controllers\SettingController::$session is deprecated in APPPATH\Controllers\SettingController.php on line 12.
 1 SYSTEMPATH\CodeIgniter.php(903): App\Controllers\SettingController->__construct()
 2 SYSTEMPATH\CodeIgniter.php(498): CodeIgniter\CodeIgniter->createController()
 3 SYSTEMPATH\CodeIgniter.php(354): CodeIgniter\CodeIgniter->handleRequest(null, Object(Config\Cache), false)
 4 SYSTEMPATH\Boot.php(363): CodeIgniter\CodeIgniter->run()
 5 SYSTEMPATH\Boot.php(68): CodeIgniter\Boot::runCodeIgniter(Object(CodeIgniter\CodeIgniter))
 6 FCPATH\index.php(59): CodeIgniter\Boot::bootWeb(Object(Config\Paths))
DEBUG - 2025-09-11 02:19:46 --> Session: Class initialized using 'CodeIgniter\Session\Handlers\FileHandler' driver.
WARNING - 2025-09-11 02:19:46 --> [DEPRECATED] Creation of dynamic property App\Controllers\SettingController::$session is deprecated in APPPATH\Controllers\SettingController.php on line 12.
 1 SYSTEMPATH\CodeIgniter.php(903): App\Controllers\SettingController->__construct()
 2 SYSTEMPATH\CodeIgniter.php(498): CodeIgniter\CodeIgniter->createController()
 3 SYSTEMPATH\CodeIgniter.php(354): CodeIgniter\CodeIgniter->handleRequest(null, Object(Config\Cache), false)
 4 SYSTEMPATH\Boot.php(363): CodeIgniter\CodeIgniter->run()
 5 SYSTEMPATH\Boot.php(68): CodeIgniter\Boot::runCodeIgniter(Object(CodeIgniter\CodeIgniter))
 6 FCPATH\index.php(59): CodeIgniter\Boot::bootWeb(Object(Config\Paths))
DEBUG - 2025-09-11 02:23:35 --> Session: Class initialized using 'CodeIgniter\Session\Handlers\FileHandler' driver.
WARNING - 2025-09-11 02:23:35 --> [DEPRECATED] Creation of dynamic property App\Controllers\SettingController::$session is deprecated in APPPATH\Controllers\SettingController.php on line 12.
 1 SYSTEMPATH\CodeIgniter.php(903): App\Controllers\SettingController->__construct()
 2 SYSTEMPATH\CodeIgniter.php(498): CodeIgniter\CodeIgniter->createController()
 3 SYSTEMPATH\CodeIgniter.php(354): CodeIgniter\CodeIgniter->handleRequest(null, Object(Config\Cache), false)
 4 SYSTEMPATH\Boot.php(363): CodeIgniter\CodeIgniter->run()
 5 SYSTEMPATH\Boot.php(68): CodeIgniter\Boot::runCodeIgniter(Object(CodeIgniter\CodeIgniter))
 6 FCPATH\index.php(59): CodeIgniter\Boot::bootWeb(Object(Config\Paths))
DEBUG - 2025-09-11 02:23:41 --> Session: Class initialized using 'CodeIgniter\Session\Handlers\FileHandler' driver.
WARNING - 2025-09-11 02:23:41 --> [DEPRECATED] Creation of dynamic property App\Controllers\ScheduleController::$session is deprecated in APPPATH\Controllers\ScheduleController.php on line 18.
 1 SYSTEMPATH\CodeIgniter.php(903): App\Controllers\ScheduleController->__construct()
 2 SYSTEMPATH\CodeIgniter.php(498): CodeIgniter\CodeIgniter->createController()
 3 SYSTEMPATH\CodeIgniter.php(354): CodeIgniter\CodeIgniter->handleRequest(null, Object(Config\Cache), false)
 4 SYSTEMPATH\Boot.php(363): CodeIgniter\CodeIgniter->run()
 5 SYSTEMPATH\Boot.php(68): CodeIgniter\Boot::runCodeIgniter(Object(CodeIgniter\CodeIgniter))
 6 FCPATH\index.php(59): CodeIgniter\Boot::bootWeb(Object(Config\Paths))
DEBUG - 2025-09-11 02:42:09 --> Session: Class initialized using 'CodeIgniter\Session\Handlers\FileHandler' driver.
WARNING - 2025-09-11 02:42:09 --> [DEPRECATED] Creation of dynamic property App\Controllers\SettingController::$session is deprecated in APPPATH\Controllers\SettingController.php on line 12.
 1 SYSTEMPATH\CodeIgniter.php(903): App\Controllers\SettingController->__construct()
 2 SYSTEMPATH\CodeIgniter.php(498): CodeIgniter\CodeIgniter->createController()
 3 SYSTEMPATH\CodeIgniter.php(354): CodeIgniter\CodeIgniter->handleRequest(null, Object(Config\Cache), false)
 4 SYSTEMPATH\Boot.php(363): CodeIgniter\CodeIgniter->run()
 5 SYSTEMPATH\Boot.php(68): CodeIgniter\Boot::runCodeIgniter(Object(CodeIgniter\CodeIgniter))
 6 FCPATH\index.php(59): CodeIgniter\Boot::bootWeb(Object(Config\Paths))
DEBUG - 2025-09-11 02:42:47 --> Session: Class initialized using 'CodeIgniter\Session\Handlers\FileHandler' driver.
WARNING - 2025-09-11 02:42:47 --> [DEPRECATED] Creation of dynamic property App\Controllers\SettingController::$session is deprecated in APPPATH\Controllers\SettingController.php on line 12.
 1 SYSTEMPATH\CodeIgniter.php(903): App\Controllers\SettingController->__construct()
 2 SYSTEMPATH\CodeIgniter.php(498): CodeIgniter\CodeIgniter->createController()
 3 SYSTEMPATH\CodeIgniter.php(354): CodeIgniter\CodeIgniter->handleRequest(null, Object(Config\Cache), false)
 4 SYSTEMPATH\Boot.php(363): CodeIgniter\CodeIgniter->run()
 5 SYSTEMPATH\Boot.php(68): CodeIgniter\Boot::runCodeIgniter(Object(CodeIgniter\CodeIgniter))
 6 FCPATH\index.php(59): CodeIgniter\Boot::bootWeb(Object(Config\Paths))
ERROR - 2025-09-11 02:42:47 --> mysqli_sql_exception: Unknown column 'created_at' in 'INSERT INTO' in C:\Users\Administrator\Documents\GITHUB\KAPAL-FE-HTML\dashboard-dir\vendor\codeigniter4\framework\system\Database\MySQLi\Connection.php:327
Stack trace:
#0 C:\Users\Administrator\Documents\GITHUB\KAPAL-FE-HTML\dashboard-dir\vendor\codeigniter4\framework\system\Database\MySQLi\Connection.php(327): mysqli->query('INSERT INTO `se...', 0)
#1 C:\Users\Administrator\Documents\GITHUB\KAPAL-FE-HTML\dashboard-dir\vendor\codeigniter4\framework\system\Database\BaseConnection.php(729): CodeIgniter\Database\MySQLi\Connection->execute('INSERT INTO `se...')
#2 C:\Users\Administrator\Documents\GITHUB\KAPAL-FE-HTML\dashboard-dir\vendor\codeigniter4\framework\system\Database\BaseConnection.php(646): CodeIgniter\Database\BaseConnection->simpleQuery('INSERT INTO `se...')
#3 C:\Users\Administrator\Documents\GITHUB\KAPAL-FE-HTML\dashboard-dir\vendor\codeigniter4\framework\system\Database\BaseBuilder.php(2345): CodeIgniter\Database\BaseConnection->query('INSERT INTO `se...', Array, false)
#4 C:\Users\Administrator\Documents\GITHUB\KAPAL-FE-HTML\dashboard-dir\vendor\codeigniter4\framework\system\Model.php(394): CodeIgniter\Database\BaseBuilder->insert()
#5 C:\Users\Administrator\Documents\GITHUB\KAPAL-FE-HTML\dashboard-dir\vendor\codeigniter4\framework\system\BaseModel.php(838): CodeIgniter\Model->doInsert(Array)
#6 C:\Users\Administrator\Documents\GITHUB\KAPAL-FE-HTML\dashboard-dir\vendor\codeigniter4\framework\system\Model.php(797): CodeIgniter\BaseModel->insert(Array, true)
#7 C:\Users\Administrator\Documents\GITHUB\KAPAL-FE-HTML\dashboard-dir\app\Models\SettingModel.php(34): CodeIgniter\Model->insert(Array)
#8 C:\Users\Administrator\Documents\GITHUB\KAPAL-FE-HTML\dashboard-dir\app\Controllers\SettingController.php(51): App\Models\SettingModel->updateSettings(Array)
#9 C:\Users\Administrator\Documents\GITHUB\KAPAL-FE-HTML\dashboard-dir\vendor\codeigniter4\framework\system\CodeIgniter.php(933): App\Controllers\SettingController->update()
#10 C:\Users\Administrator\Documents\GITHUB\KAPAL-FE-HTML\dashboard-dir\vendor\codeigniter4\framework\system\CodeIgniter.php(507): CodeIgniter\CodeIgniter->runController(Object(App\Controllers\SettingController))
#11 C:\Users\Administrator\Documents\GITHUB\KAPAL-FE-HTML\dashboard-dir\vendor\codeigniter4\framework\system\CodeIgniter.php(354): CodeIgniter\CodeIgniter->handleRequest(NULL, Object(Config\Cache), false)
#12 C:\Users\Administrator\Documents\GITHUB\KAPAL-FE-HTML\dashboard-dir\vendor\codeigniter4\framework\system\Boot.php(363): CodeIgniter\CodeIgniter->run()
#13 C:\Users\Administrator\Documents\GITHUB\KAPAL-FE-HTML\dashboard-dir\vendor\codeigniter4\framework\system\Boot.php(68): CodeIgniter\Boot::runCodeIgniter(Object(CodeIgniter\CodeIgniter))
#14 C:\Users\Administrator\Documents\GITHUB\KAPAL-FE-HTML\dashboard-dir\public\index.php(59): CodeIgniter\Boot::bootWeb(Object(Config\Paths))
#15 {main}
CRITICAL - 2025-09-11 02:42:47 --> CodeIgniter\Database\Exceptions\DatabaseException: Unknown column 'created_at' in 'INSERT INTO'
[Method: POST, Route: admin/settings/update]
in SYSTEMPATH\Database\BaseConnection.php on line 684.
 1 SYSTEMPATH\Database\BaseBuilder.php(2345): CodeIgniter\Database\BaseConnection->query('INSERT INTO `settings` (`setting_key`, `setting_value`, `description`, `created_at`, `updated_at`) VALUES (:setting_key:, :setting_value:, :description:, :created_at:, :updated_at:)', [...], false)
 2 SYSTEMPATH\Model.php(394): CodeIgniter\Database\BaseBuilder->insert()
 3 SYSTEMPATH\BaseModel.php(838): CodeIgniter\Model->doInsert([...])
 4 SYSTEMPATH\Model.php(797): CodeIgniter\BaseModel->insert([...], true)
 5 APPPATH\Models\SettingModel.php(34): CodeIgniter\Model->insert([...])
 6 APPPATH\Controllers\SettingController.php(51): App\Models\SettingModel->updateSettings([...])
 7 SYSTEMPATH\CodeIgniter.php(933): App\Controllers\SettingController->update()
 8 SYSTEMPATH\CodeIgniter.php(507): CodeIgniter\CodeIgniter->runController(Object(App\Controllers\SettingController))
 9 SYSTEMPATH\CodeIgniter.php(354): CodeIgniter\CodeIgniter->handleRequest(null, Object(Config\Cache), false)
10 SYSTEMPATH\Boot.php(363): CodeIgniter\CodeIgniter->run()
11 SYSTEMPATH\Boot.php(68): CodeIgniter\Boot::runCodeIgniter(Object(CodeIgniter\CodeIgniter))
12 FCPATH\index.php(59): CodeIgniter\Boot::bootWeb(Object(Config\Paths))
CRITICAL - 2025-09-11 02:42:47 --> [Caused by] CodeIgniter\Database\Exceptions\DatabaseException: Unknown column 'created_at' in 'INSERT INTO'
in SYSTEMPATH\Database\MySQLi\Connection.php on line 332.
 1 SYSTEMPATH\Database\BaseConnection.php(729): CodeIgniter\Database\MySQLi\Connection->execute('INSERT INTO `settings` (`setting_key`, `setting_value`, `description`, `created_at`, `updated_at`) VALUES (\'csrf_test_name\', \'4f170061b72d4049a811140ab4d3caac\', \'System setting\', \'2025-09-11 02:42:47\', \'2025-09-11 02:42:47\')')
 2 SYSTEMPATH\Database\BaseConnection.php(646): CodeIgniter\Database\BaseConnection->simpleQuery('INSERT INTO `settings` (`setting_key`, `setting_value`, `description`, `created_at`, `updated_at`) VALUES (\'csrf_test_name\', \'4f170061b72d4049a811140ab4d3caac\', \'System setting\', \'2025-09-11 02:42:47\', \'2025-09-11 02:42:47\')')
 3 SYSTEMPATH\Database\BaseBuilder.php(2345): CodeIgniter\Database\BaseConnection->query('INSERT INTO `settings` (`setting_key`, `setting_value`, `description`, `created_at`, `updated_at`) VALUES (:setting_key:, :setting_value:, :description:, :created_at:, :updated_at:)', [...], false)
 4 SYSTEMPATH\Model.php(394): CodeIgniter\Database\BaseBuilder->insert()
 5 SYSTEMPATH\BaseModel.php(838): CodeIgniter\Model->doInsert([...])
 6 SYSTEMPATH\Model.php(797): CodeIgniter\BaseModel->insert([...], true)
 7 APPPATH\Models\SettingModel.php(34): CodeIgniter\Model->insert([...])
 8 APPPATH\Controllers\SettingController.php(51): App\Models\SettingModel->updateSettings([...])
 9 SYSTEMPATH\CodeIgniter.php(933): App\Controllers\SettingController->update()
10 SYSTEMPATH\CodeIgniter.php(507): CodeIgniter\CodeIgniter->runController(Object(App\Controllers\SettingController))
11 SYSTEMPATH\CodeIgniter.php(354): CodeIgniter\CodeIgniter->handleRequest(null, Object(Config\Cache), false)
12 SYSTEMPATH\Boot.php(363): CodeIgniter\CodeIgniter->run()
13 SYSTEMPATH\Boot.php(68): CodeIgniter\Boot::runCodeIgniter(Object(CodeIgniter\CodeIgniter))
14 FCPATH\index.php(59): CodeIgniter\Boot::bootWeb(Object(Config\Paths))
CRITICAL - 2025-09-11 02:42:47 --> [Caused by] mysqli_sql_exception: Unknown column 'created_at' in 'INSERT INTO'
in SYSTEMPATH\Database\MySQLi\Connection.php on line 327.
 1 SYSTEMPATH\Database\MySQLi\Connection.php(327): mysqli->query('INSERT INTO `settings` (`setting_key`, `setting_value`, `description`, `created_at`, `updated_at`) VALUES (\'csrf_test_name\', \'4f170061b72d4049a811140ab4d3caac\', \'System setting\', \'2025-09-11 02:42:47\', \'2025-09-11 02:42:47\')', 0)
 2 SYSTEMPATH\Database\BaseConnection.php(729): CodeIgniter\Database\MySQLi\Connection->execute('INSERT INTO `settings` (`setting_key`, `setting_value`, `description`, `created_at`, `updated_at`) VALUES (\'csrf_test_name\', \'4f170061b72d4049a811140ab4d3caac\', \'System setting\', \'2025-09-11 02:42:47\', \'2025-09-11 02:42:47\')')
 3 SYSTEMPATH\Database\BaseConnection.php(646): CodeIgniter\Database\BaseConnection->simpleQuery('INSERT INTO `settings` (`setting_key`, `setting_value`, `description`, `created_at`, `updated_at`) VALUES (\'csrf_test_name\', \'4f170061b72d4049a811140ab4d3caac\', \'System setting\', \'2025-09-11 02:42:47\', \'2025-09-11 02:42:47\')')
 4 SYSTEMPATH\Database\BaseBuilder.php(2345): CodeIgniter\Database\BaseConnection->query('INSERT INTO `settings` (`setting_key`, `setting_value`, `description`, `created_at`, `updated_at`) VALUES (:setting_key:, :setting_value:, :description:, :created_at:, :updated_at:)', [...], false)
 5 SYSTEMPATH\Model.php(394): CodeIgniter\Database\BaseBuilder->insert()
 6 SYSTEMPATH\BaseModel.php(838): CodeIgniter\Model->doInsert([...])
 7 SYSTEMPATH\Model.php(797): CodeIgniter\BaseModel->insert([...], true)
 8 APPPATH\Models\SettingModel.php(34): CodeIgniter\Model->insert([...])
 9 APPPATH\Controllers\SettingController.php(51): App\Models\SettingModel->updateSettings([...])
10 SYSTEMPATH\CodeIgniter.php(933): App\Controllers\SettingController->update()
11 SYSTEMPATH\CodeIgniter.php(507): CodeIgniter\CodeIgniter->runController(Object(App\Controllers\SettingController))
12 SYSTEMPATH\CodeIgniter.php(354): CodeIgniter\CodeIgniter->handleRequest(null, Object(Config\Cache), false)
13 SYSTEMPATH\Boot.php(363): CodeIgniter\CodeIgniter->run()
14 SYSTEMPATH\Boot.php(68): CodeIgniter\Boot::runCodeIgniter(Object(CodeIgniter\CodeIgniter))
15 FCPATH\index.php(59): CodeIgniter\Boot::bootWeb(Object(Config\Paths))
DEBUG - 2025-09-11 02:43:49 --> Session: Class initialized using 'CodeIgniter\Session\Handlers\FileHandler' driver.
WARNING - 2025-09-11 02:43:49 --> [DEPRECATED] Creation of dynamic property App\Controllers\SettingController::$session is deprecated in APPPATH\Controllers\SettingController.php on line 12.
 1 SYSTEMPATH\CodeIgniter.php(903): App\Controllers\SettingController->__construct()
 2 SYSTEMPATH\CodeIgniter.php(498): CodeIgniter\CodeIgniter->createController()
 3 SYSTEMPATH\CodeIgniter.php(354): CodeIgniter\CodeIgniter->handleRequest(null, Object(Config\Cache), false)
 4 SYSTEMPATH\Boot.php(363): CodeIgniter\CodeIgniter->run()
 5 SYSTEMPATH\Boot.php(68): CodeIgniter\Boot::runCodeIgniter(Object(CodeIgniter\CodeIgniter))
 6 FCPATH\index.php(59): CodeIgniter\Boot::bootWeb(Object(Config\Paths))
DEBUG - 2025-09-11 02:43:50 --> Session: Class initialized using 'CodeIgniter\Session\Handlers\FileHandler' driver.
WARNING - 2025-09-11 02:43:50 --> [DEPRECATED] Creation of dynamic property App\Controllers\SettingController::$session is deprecated in APPPATH\Controllers\SettingController.php on line 12.
 1 SYSTEMPATH\CodeIgniter.php(903): App\Controllers\SettingController->__construct()
 2 SYSTEMPATH\CodeIgniter.php(498): CodeIgniter\CodeIgniter->createController()
 3 SYSTEMPATH\CodeIgniter.php(354): CodeIgniter\CodeIgniter->handleRequest(null, Object(Config\Cache), false)
 4 SYSTEMPATH\Boot.php(363): CodeIgniter\CodeIgniter->run()
 5 SYSTEMPATH\Boot.php(68): CodeIgniter\Boot::runCodeIgniter(Object(CodeIgniter\CodeIgniter))
 6 FCPATH\index.php(59): CodeIgniter\Boot::bootWeb(Object(Config\Paths))
DEBUG - 2025-09-11 02:44:15 --> Session: Class initialized using 'CodeIgniter\Session\Handlers\FileHandler' driver.
WARNING - 2025-09-11 02:44:15 --> [DEPRECATED] Creation of dynamic property App\Controllers\TestimonialController::$session is deprecated in APPPATH\Controllers\TestimonialController.php on line 15.
 1 SYSTEMPATH\CodeIgniter.php(903): App\Controllers\TestimonialController->__construct()
 2 SYSTEMPATH\CodeIgniter.php(498): CodeIgniter\CodeIgniter->createController()
 3 SYSTEMPATH\CodeIgniter.php(354): CodeIgniter\CodeIgniter->handleRequest(null, Object(Config\Cache), false)
 4 SYSTEMPATH\Boot.php(363): CodeIgniter\CodeIgniter->run()
 5 SYSTEMPATH\Boot.php(68): CodeIgniter\Boot::runCodeIgniter(Object(CodeIgniter\CodeIgniter))
 6 FCPATH\index.php(59): CodeIgniter\Boot::bootWeb(Object(Config\Paths))
DEBUG - 2025-09-11 02:44:17 --> Session: Class initialized using 'CodeIgniter\Session\Handlers\FileHandler' driver.
WARNING - 2025-09-11 02:44:17 --> [DEPRECATED] Creation of dynamic property App\Controllers\SettingController::$session is deprecated in APPPATH\Controllers\SettingController.php on line 12.
 1 SYSTEMPATH\CodeIgniter.php(903): App\Controllers\SettingController->__construct()
 2 SYSTEMPATH\CodeIgniter.php(498): CodeIgniter\CodeIgniter->createController()
 3 SYSTEMPATH\CodeIgniter.php(354): CodeIgniter\CodeIgniter->handleRequest(null, Object(Config\Cache), false)
 4 SYSTEMPATH\Boot.php(363): CodeIgniter\CodeIgniter->run()
 5 SYSTEMPATH\Boot.php(68): CodeIgniter\Boot::runCodeIgniter(Object(CodeIgniter\CodeIgniter))
 6 FCPATH\index.php(59): CodeIgniter\Boot::bootWeb(Object(Config\Paths))
DEBUG - 2025-09-11 02:44:29 --> Session: Class initialized using 'CodeIgniter\Session\Handlers\FileHandler' driver.
WARNING - 2025-09-11 02:44:29 --> [DEPRECATED] Creation of dynamic property App\Controllers\SettingController::$session is deprecated in APPPATH\Controllers\SettingController.php on line 12.
 1 SYSTEMPATH\CodeIgniter.php(903): App\Controllers\SettingController->__construct()
 2 SYSTEMPATH\CodeIgniter.php(498): CodeIgniter\CodeIgniter->createController()
 3 SYSTEMPATH\CodeIgniter.php(354): CodeIgniter\CodeIgniter->handleRequest(null, Object(Config\Cache), false)
 4 SYSTEMPATH\Boot.php(363): CodeIgniter\CodeIgniter->run()
 5 SYSTEMPATH\Boot.php(68): CodeIgniter\Boot::runCodeIgniter(Object(CodeIgniter\CodeIgniter))
 6 FCPATH\index.php(59): CodeIgniter\Boot::bootWeb(Object(Config\Paths))
DEBUG - 2025-09-11 02:44:29 --> Session: Class initialized using 'CodeIgniter\Session\Handlers\FileHandler' driver.
WARNING - 2025-09-11 02:44:29 --> [DEPRECATED] Creation of dynamic property App\Controllers\SettingController::$session is deprecated in APPPATH\Controllers\SettingController.php on line 12.
 1 SYSTEMPATH\CodeIgniter.php(903): App\Controllers\SettingController->__construct()
 2 SYSTEMPATH\CodeIgniter.php(498): CodeIgniter\CodeIgniter->createController()
 3 SYSTEMPATH\CodeIgniter.php(354): CodeIgniter\CodeIgniter->handleRequest(null, Object(Config\Cache), false)
 4 SYSTEMPATH\Boot.php(363): CodeIgniter\CodeIgniter->run()
 5 SYSTEMPATH\Boot.php(68): CodeIgniter\Boot::runCodeIgniter(Object(CodeIgniter\CodeIgniter))
 6 FCPATH\index.php(59): CodeIgniter\Boot::bootWeb(Object(Config\Paths))
DEBUG - 2025-09-11 02:46:22 --> Session: Class initialized using 'CodeIgniter\Session\Handlers\FileHandler' driver.
WARNING - 2025-09-11 02:46:22 --> [DEPRECATED] Creation of dynamic property App\Controllers\RouteController::$session is deprecated in APPPATH\Controllers\RouteController.php on line 15.
 1 SYSTEMPATH\CodeIgniter.php(903): App\Controllers\RouteController->__construct()
 2 SYSTEMPATH\CodeIgniter.php(498): CodeIgniter\CodeIgniter->createController()
 3 SYSTEMPATH\CodeIgniter.php(354): CodeIgniter\CodeIgniter->handleRequest(null, Object(Config\Cache), false)
 4 SYSTEMPATH\Boot.php(363): CodeIgniter\CodeIgniter->run()
 5 SYSTEMPATH\Boot.php(68): CodeIgniter\Boot::runCodeIgniter(Object(CodeIgniter\CodeIgniter))
 6 FCPATH\index.php(59): CodeIgniter\Boot::bootWeb(Object(Config\Paths))
DEBUG - 2025-09-11 02:46:23 --> Session: Class initialized using 'CodeIgniter\Session\Handlers\FileHandler' driver.
WARNING - 2025-09-11 02:46:23 --> [DEPRECATED] Creation of dynamic property App\Controllers\ScheduleController::$session is deprecated in APPPATH\Controllers\ScheduleController.php on line 18.
 1 SYSTEMPATH\CodeIgniter.php(903): App\Controllers\ScheduleController->__construct()
 2 SYSTEMPATH\CodeIgniter.php(498): CodeIgniter\CodeIgniter->createController()
 3 SYSTEMPATH\CodeIgniter.php(354): CodeIgniter\CodeIgniter->handleRequest(null, Object(Config\Cache), false)
 4 SYSTEMPATH\Boot.php(363): CodeIgniter\CodeIgniter->run()
 5 SYSTEMPATH\Boot.php(68): CodeIgniter\Boot::runCodeIgniter(Object(CodeIgniter\CodeIgniter))
 6 FCPATH\index.php(59): CodeIgniter\Boot::bootWeb(Object(Config\Paths))
DEBUG - 2025-09-11 02:46:32 --> Session: Class initialized using 'CodeIgniter\Session\Handlers\FileHandler' driver.
WARNING - 2025-09-11 02:46:33 --> [DEPRECATED] Creation of dynamic property App\Controllers\OpenTripController::$session is deprecated in APPPATH\Controllers\OpenTripController.php on line 27.
 1 SYSTEMPATH\CodeIgniter.php(903): App\Controllers\OpenTripController->__construct()
 2 SYSTEMPATH\CodeIgniter.php(498): CodeIgniter\CodeIgniter->createController()
 3 SYSTEMPATH\CodeIgniter.php(354): CodeIgniter\CodeIgniter->handleRequest(null, Object(Config\Cache), false)
 4 SYSTEMPATH\Boot.php(363): CodeIgniter\CodeIgniter->run()
 5 SYSTEMPATH\Boot.php(68): CodeIgniter\Boot::runCodeIgniter(Object(CodeIgniter\CodeIgniter))
 6 FCPATH\index.php(59): CodeIgniter\Boot::bootWeb(Object(Config\Paths))
DEBUG - 2025-09-11 02:46:34 --> Session: Class initialized using 'CodeIgniter\Session\Handlers\FileHandler' driver.
WARNING - 2025-09-11 02:46:34 --> [DEPRECATED] Creation of dynamic property App\Controllers\OpenTripController::$session is deprecated in APPPATH\Controllers\OpenTripController.php on line 27.
 1 SYSTEMPATH\CodeIgniter.php(903): App\Controllers\OpenTripController->__construct()
 2 SYSTEMPATH\CodeIgniter.php(498): CodeIgniter\CodeIgniter->createController()
 3 SYSTEMPATH\CodeIgniter.php(354): CodeIgniter\CodeIgniter->handleRequest(null, Object(Config\Cache), false)
 4 SYSTEMPATH\Boot.php(363): CodeIgniter\CodeIgniter->run()
 5 SYSTEMPATH\Boot.php(68): CodeIgniter\Boot::runCodeIgniter(Object(CodeIgniter\CodeIgniter))
 6 FCPATH\index.php(59): CodeIgniter\Boot::bootWeb(Object(Config\Paths))
DEBUG - 2025-09-11 02:46:34 --> Session: Class initialized using 'CodeIgniter\Session\Handlers\FileHandler' driver.
WARNING - 2025-09-11 02:46:34 --> [DEPRECATED] Creation of dynamic property App\Controllers\OpenTripController::$session is deprecated in APPPATH\Controllers\OpenTripController.php on line 27.
 1 SYSTEMPATH\CodeIgniter.php(903): App\Controllers\OpenTripController->__construct()
 2 SYSTEMPATH\CodeIgniter.php(498): CodeIgniter\CodeIgniter->createController()
 3 SYSTEMPATH\CodeIgniter.php(354): CodeIgniter\CodeIgniter->handleRequest(null, Object(Config\Cache), false)
 4 SYSTEMPATH\Boot.php(363): CodeIgniter\CodeIgniter->run()
 5 SYSTEMPATH\Boot.php(68): CodeIgniter\Boot::runCodeIgniter(Object(CodeIgniter\CodeIgniter))
 6 FCPATH\index.php(59): CodeIgniter\Boot::bootWeb(Object(Config\Paths))
DEBUG - 2025-09-11 02:46:44 --> Session: Class initialized using 'CodeIgniter\Session\Handlers\FileHandler' driver.
WARNING - 2025-09-11 02:46:44 --> [DEPRECATED] Creation of dynamic property App\Controllers\OpenTripController::$session is deprecated in APPPATH\Controllers\OpenTripController.php on line 27.
 1 SYSTEMPATH\CodeIgniter.php(903): App\Controllers\OpenTripController->__construct()
 2 SYSTEMPATH\CodeIgniter.php(498): CodeIgniter\CodeIgniter->createController()
 3 SYSTEMPATH\CodeIgniter.php(354): CodeIgniter\CodeIgniter->handleRequest(null, Object(Config\Cache), false)
 4 SYSTEMPATH\Boot.php(363): CodeIgniter\CodeIgniter->run()
 5 SYSTEMPATH\Boot.php(68): CodeIgniter\Boot::runCodeIgniter(Object(CodeIgniter\CodeIgniter))
 6 FCPATH\index.php(59): CodeIgniter\Boot::bootWeb(Object(Config\Paths))
DEBUG - 2025-09-11 02:46:45 --> Session: Class initialized using 'CodeIgniter\Session\Handlers\FileHandler' driver.
WARNING - 2025-09-11 02:46:45 --> [DEPRECATED] Creation of dynamic property App\Controllers\OpenTripController::$session is deprecated in APPPATH\Controllers\OpenTripController.php on line 27.
 1 SYSTEMPATH\CodeIgniter.php(903): App\Controllers\OpenTripController->__construct()
 2 SYSTEMPATH\CodeIgniter.php(498): CodeIgniter\CodeIgniter->createController()
 3 SYSTEMPATH\CodeIgniter.php(354): CodeIgniter\CodeIgniter->handleRequest(null, Object(Config\Cache), false)
 4 SYSTEMPATH\Boot.php(363): CodeIgniter\CodeIgniter->run()
 5 SYSTEMPATH\Boot.php(68): CodeIgniter\Boot::runCodeIgniter(Object(CodeIgniter\CodeIgniter))
 6 FCPATH\index.php(59): CodeIgniter\Boot::bootWeb(Object(Config\Paths))
DEBUG - 2025-09-11 02:46:47 --> Session: Class initialized using 'CodeIgniter\Session\Handlers\FileHandler' driver.
WARNING - 2025-09-11 02:46:47 --> [DEPRECATED] Creation of dynamic property App\Controllers\OpenTripController::$session is deprecated in APPPATH\Controllers\OpenTripController.php on line 27.
 1 SYSTEMPATH\CodeIgniter.php(903): App\Controllers\OpenTripController->__construct()
 2 SYSTEMPATH\CodeIgniter.php(498): CodeIgniter\CodeIgniter->createController()
 3 SYSTEMPATH\CodeIgniter.php(354): CodeIgniter\CodeIgniter->handleRequest(null, Object(Config\Cache), false)
 4 SYSTEMPATH\Boot.php(363): CodeIgniter\CodeIgniter->run()
 5 SYSTEMPATH\Boot.php(68): CodeIgniter\Boot::runCodeIgniter(Object(CodeIgniter\CodeIgniter))
 6 FCPATH\index.php(59): CodeIgniter\Boot::bootWeb(Object(Config\Paths))
DEBUG - 2025-09-11 02:46:47 --> Session: Class initialized using 'CodeIgniter\Session\Handlers\FileHandler' driver.
WARNING - 2025-09-11 02:46:47 --> [DEPRECATED] Creation of dynamic property App\Controllers\OpenTripController::$session is deprecated in APPPATH\Controllers\OpenTripController.php on line 27.
 1 SYSTEMPATH\CodeIgniter.php(903): App\Controllers\OpenTripController->__construct()
 2 SYSTEMPATH\CodeIgniter.php(498): CodeIgniter\CodeIgniter->createController()
 3 SYSTEMPATH\CodeIgniter.php(354): CodeIgniter\CodeIgniter->handleRequest(null, Object(Config\Cache), false)
 4 SYSTEMPATH\Boot.php(363): CodeIgniter\CodeIgniter->run()
 5 SYSTEMPATH\Boot.php(68): CodeIgniter\Boot::runCodeIgniter(Object(CodeIgniter\CodeIgniter))
 6 FCPATH\index.php(59): CodeIgniter\Boot::bootWeb(Object(Config\Paths))
DEBUG - 2025-09-11 02:46:49 --> Session: Class initialized using 'CodeIgniter\Session\Handlers\FileHandler' driver.
WARNING - 2025-09-11 02:46:49 --> [DEPRECATED] Creation of dynamic property App\Controllers\OpenTripController::$session is deprecated in APPPATH\Controllers\OpenTripController.php on line 27.
 1 SYSTEMPATH\CodeIgniter.php(903): App\Controllers\OpenTripController->__construct()
 2 SYSTEMPATH\CodeIgniter.php(498): CodeIgniter\CodeIgniter->createController()
 3 SYSTEMPATH\CodeIgniter.php(354): CodeIgniter\CodeIgniter->handleRequest(null, Object(Config\Cache), false)
 4 SYSTEMPATH\Boot.php(363): CodeIgniter\CodeIgniter->run()
 5 SYSTEMPATH\Boot.php(68): CodeIgniter\Boot::runCodeIgniter(Object(CodeIgniter\CodeIgniter))
 6 FCPATH\index.php(59): CodeIgniter\Boot::bootWeb(Object(Config\Paths))
DEBUG - 2025-09-11 02:46:49 --> Session: Class initialized using 'CodeIgniter\Session\Handlers\FileHandler' driver.
WARNING - 2025-09-11 02:46:49 --> [DEPRECATED] Creation of dynamic property App\Controllers\OpenTripController::$session is deprecated in APPPATH\Controllers\OpenTripController.php on line 27.
 1 SYSTEMPATH\CodeIgniter.php(903): App\Controllers\OpenTripController->__construct()
 2 SYSTEMPATH\CodeIgniter.php(498): CodeIgniter\CodeIgniter->createController()
 3 SYSTEMPATH\CodeIgniter.php(354): CodeIgniter\CodeIgniter->handleRequest(null, Object(Config\Cache), false)
 4 SYSTEMPATH\Boot.php(363): CodeIgniter\CodeIgniter->run()
 5 SYSTEMPATH\Boot.php(68): CodeIgniter\Boot::runCodeIgniter(Object(CodeIgniter\CodeIgniter))
 6 FCPATH\index.php(59): CodeIgniter\Boot::bootWeb(Object(Config\Paths))
DEBUG - 2025-09-11 02:46:51 --> Session: Class initialized using 'CodeIgniter\Session\Handlers\FileHandler' driver.
WARNING - 2025-09-11 02:46:51 --> [DEPRECATED] Creation of dynamic property App\Controllers\OpenTripController::$session is deprecated in APPPATH\Controllers\OpenTripController.php on line 27.
 1 SYSTEMPATH\CodeIgniter.php(903): App\Controllers\OpenTripController->__construct()
 2 SYSTEMPATH\CodeIgniter.php(498): CodeIgniter\CodeIgniter->createController()
 3 SYSTEMPATH\CodeIgniter.php(354): CodeIgniter\CodeIgniter->handleRequest(null, Object(Config\Cache), false)
 4 SYSTEMPATH\Boot.php(363): CodeIgniter\CodeIgniter->run()
 5 SYSTEMPATH\Boot.php(68): CodeIgniter\Boot::runCodeIgniter(Object(CodeIgniter\CodeIgniter))
 6 FCPATH\index.php(59): CodeIgniter\Boot::bootWeb(Object(Config\Paths))
DEBUG - 2025-09-11 02:46:51 --> Session: Class initialized using 'CodeIgniter\Session\Handlers\FileHandler' driver.
WARNING - 2025-09-11 02:46:51 --> [DEPRECATED] Creation of dynamic property App\Controllers\OpenTripController::$session is deprecated in APPPATH\Controllers\OpenTripController.php on line 27.
 1 SYSTEMPATH\CodeIgniter.php(903): App\Controllers\OpenTripController->__construct()
 2 SYSTEMPATH\CodeIgniter.php(498): CodeIgniter\CodeIgniter->createController()
 3 SYSTEMPATH\CodeIgniter.php(354): CodeIgniter\CodeIgniter->handleRequest(null, Object(Config\Cache), false)
 4 SYSTEMPATH\Boot.php(363): CodeIgniter\CodeIgniter->run()
 5 SYSTEMPATH\Boot.php(68): CodeIgniter\Boot::runCodeIgniter(Object(CodeIgniter\CodeIgniter))
 6 FCPATH\index.php(59): CodeIgniter\Boot::bootWeb(Object(Config\Paths))
DEBUG - 2025-09-11 02:46:53 --> Session: Class initialized using 'CodeIgniter\Session\Handlers\FileHandler' driver.
WARNING - 2025-09-11 02:46:53 --> [DEPRECATED] Creation of dynamic property App\Controllers\OpenTripController::$session is deprecated in APPPATH\Controllers\OpenTripController.php on line 27.
 1 SYSTEMPATH\CodeIgniter.php(903): App\Controllers\OpenTripController->__construct()
 2 SYSTEMPATH\CodeIgniter.php(498): CodeIgniter\CodeIgniter->createController()
 3 SYSTEMPATH\CodeIgniter.php(354): CodeIgniter\CodeIgniter->handleRequest(null, Object(Config\Cache), false)
 4 SYSTEMPATH\Boot.php(363): CodeIgniter\CodeIgniter->run()
 5 SYSTEMPATH\Boot.php(68): CodeIgniter\Boot::runCodeIgniter(Object(CodeIgniter\CodeIgniter))
 6 FCPATH\index.php(59): CodeIgniter\Boot::bootWeb(Object(Config\Paths))
DEBUG - 2025-09-11 02:46:53 --> Session: Class initialized using 'CodeIgniter\Session\Handlers\FileHandler' driver.
WARNING - 2025-09-11 02:46:53 --> [DEPRECATED] Creation of dynamic property App\Controllers\OpenTripController::$session is deprecated in APPPATH\Controllers\OpenTripController.php on line 27.
 1 SYSTEMPATH\CodeIgniter.php(903): App\Controllers\OpenTripController->__construct()
 2 SYSTEMPATH\CodeIgniter.php(498): CodeIgniter\CodeIgniter->createController()
 3 SYSTEMPATH\CodeIgniter.php(354): CodeIgniter\CodeIgniter->handleRequest(null, Object(Config\Cache), false)
 4 SYSTEMPATH\Boot.php(363): CodeIgniter\CodeIgniter->run()
 5 SYSTEMPATH\Boot.php(68): CodeIgniter\Boot::runCodeIgniter(Object(CodeIgniter\CodeIgniter))
 6 FCPATH\index.php(59): CodeIgniter\Boot::bootWeb(Object(Config\Paths))
DEBUG - 2025-09-11 02:46:57 --> Session: Class initialized using 'CodeIgniter\Session\Handlers\FileHandler' driver.
WARNING - 2025-09-11 02:46:57 --> [DEPRECATED] Creation of dynamic property App\Controllers\OpenTripController::$session is deprecated in APPPATH\Controllers\OpenTripController.php on line 27.
 1 SYSTEMPATH\CodeIgniter.php(903): App\Controllers\OpenTripController->__construct()
 2 SYSTEMPATH\CodeIgniter.php(498): CodeIgniter\CodeIgniter->createController()
 3 SYSTEMPATH\CodeIgniter.php(354): CodeIgniter\CodeIgniter->handleRequest(null, Object(Config\Cache), false)
 4 SYSTEMPATH\Boot.php(363): CodeIgniter\CodeIgniter->run()
 5 SYSTEMPATH\Boot.php(68): CodeIgniter\Boot::runCodeIgniter(Object(CodeIgniter\CodeIgniter))
 6 FCPATH\index.php(59): CodeIgniter\Boot::bootWeb(Object(Config\Paths))
DEBUG - 2025-09-11 02:47:01 --> Session: Class initialized using 'CodeIgniter\Session\Handlers\FileHandler' driver.
WARNING - 2025-09-11 02:47:01 --> [DEPRECATED] Creation of dynamic property App\Controllers\OpenTripController::$session is deprecated in APPPATH\Controllers\OpenTripController.php on line 27.
 1 SYSTEMPATH\CodeIgniter.php(903): App\Controllers\OpenTripController->__construct()
 2 SYSTEMPATH\CodeIgniter.php(498): CodeIgniter\CodeIgniter->createController()
 3 SYSTEMPATH\CodeIgniter.php(354): CodeIgniter\CodeIgniter->handleRequest(null, Object(Config\Cache), false)
 4 SYSTEMPATH\Boot.php(363): CodeIgniter\CodeIgniter->run()
 5 SYSTEMPATH\Boot.php(68): CodeIgniter\Boot::runCodeIgniter(Object(CodeIgniter\CodeIgniter))
 6 FCPATH\index.php(59): CodeIgniter\Boot::bootWeb(Object(Config\Paths))
DEBUG - 2025-09-11 02:47:02 --> Session: Class initialized using 'CodeIgniter\Session\Handlers\FileHandler' driver.
WARNING - 2025-09-11 02:47:02 --> [DEPRECATED] Creation of dynamic property App\Controllers\OpenTripController::$session is deprecated in APPPATH\Controllers\OpenTripController.php on line 27.
 1 SYSTEMPATH\CodeIgniter.php(903): App\Controllers\OpenTripController->__construct()
 2 SYSTEMPATH\CodeIgniter.php(498): CodeIgniter\CodeIgniter->createController()
 3 SYSTEMPATH\CodeIgniter.php(354): CodeIgniter\CodeIgniter->handleRequest(null, Object(Config\Cache), false)
 4 SYSTEMPATH\Boot.php(363): CodeIgniter\CodeIgniter->run()
 5 SYSTEMPATH\Boot.php(68): CodeIgniter\Boot::runCodeIgniter(Object(CodeIgniter\CodeIgniter))
 6 FCPATH\index.php(59): CodeIgniter\Boot::bootWeb(Object(Config\Paths))
DEBUG - 2025-09-11 02:47:04 --> Session: Class initialized using 'CodeIgniter\Session\Handlers\FileHandler' driver.
WARNING - 2025-09-11 02:47:04 --> [DEPRECATED] Creation of dynamic property App\Controllers\OpenTripController::$session is deprecated in APPPATH\Controllers\OpenTripController.php on line 27.
 1 SYSTEMPATH\CodeIgniter.php(903): App\Controllers\OpenTripController->__construct()
 2 SYSTEMPATH\CodeIgniter.php(498): CodeIgniter\CodeIgniter->createController()
 3 SYSTEMPATH\CodeIgniter.php(354): CodeIgniter\CodeIgniter->handleRequest(null, Object(Config\Cache), false)
 4 SYSTEMPATH\Boot.php(363): CodeIgniter\CodeIgniter->run()
 5 SYSTEMPATH\Boot.php(68): CodeIgniter\Boot::runCodeIgniter(Object(CodeIgniter\CodeIgniter))
 6 FCPATH\index.php(59): CodeIgniter\Boot::bootWeb(Object(Config\Paths))
DEBUG - 2025-09-11 02:47:06 --> Session: Class initialized using 'CodeIgniter\Session\Handlers\FileHandler' driver.
WARNING - 2025-09-11 02:47:06 --> [DEPRECATED] Creation of dynamic property App\Controllers\OpenTripController::$session is deprecated in APPPATH\Controllers\OpenTripController.php on line 27.
 1 SYSTEMPATH\CodeIgniter.php(903): App\Controllers\OpenTripController->__construct()
 2 SYSTEMPATH\CodeIgniter.php(498): CodeIgniter\CodeIgniter->createController()
 3 SYSTEMPATH\CodeIgniter.php(354): CodeIgniter\CodeIgniter->handleRequest(null, Object(Config\Cache), false)
 4 SYSTEMPATH\Boot.php(363): CodeIgniter\CodeIgniter->run()
 5 SYSTEMPATH\Boot.php(68): CodeIgniter\Boot::runCodeIgniter(Object(CodeIgniter\CodeIgniter))
 6 FCPATH\index.php(59): CodeIgniter\Boot::bootWeb(Object(Config\Paths))
DEBUG - 2025-09-11 02:47:07 --> Session: Class initialized using 'CodeIgniter\Session\Handlers\FileHandler' driver.
WARNING - 2025-09-11 02:47:07 --> [DEPRECATED] Creation of dynamic property App\Controllers\OpenTripController::$session is deprecated in APPPATH\Controllers\OpenTripController.php on line 27.
 1 SYSTEMPATH\CodeIgniter.php(903): App\Controllers\OpenTripController->__construct()
 2 SYSTEMPATH\CodeIgniter.php(498): CodeIgniter\CodeIgniter->createController()
 3 SYSTEMPATH\CodeIgniter.php(354): CodeIgniter\CodeIgniter->handleRequest(null, Object(Config\Cache), false)
 4 SYSTEMPATH\Boot.php(363): CodeIgniter\CodeIgniter->run()
 5 SYSTEMPATH\Boot.php(68): CodeIgniter\Boot::runCodeIgniter(Object(CodeIgniter\CodeIgniter))
 6 FCPATH\index.php(59): CodeIgniter\Boot::bootWeb(Object(Config\Paths))
DEBUG - 2025-09-11 02:47:07 --> Session: Class initialized using 'CodeIgniter\Session\Handlers\FileHandler' driver.
WARNING - 2025-09-11 02:47:07 --> [DEPRECATED] Creation of dynamic property App\Controllers\OpenTripController::$session is deprecated in APPPATH\Controllers\OpenTripController.php on line 27.
 1 SYSTEMPATH\CodeIgniter.php(903): App\Controllers\OpenTripController->__construct()
 2 SYSTEMPATH\CodeIgniter.php(498): CodeIgniter\CodeIgniter->createController()
 3 SYSTEMPATH\CodeIgniter.php(354): CodeIgniter\CodeIgniter->handleRequest(null, Object(Config\Cache), false)
 4 SYSTEMPATH\Boot.php(363): CodeIgniter\CodeIgniter->run()
 5 SYSTEMPATH\Boot.php(68): CodeIgniter\Boot::runCodeIgniter(Object(CodeIgniter\CodeIgniter))
 6 FCPATH\index.php(59): CodeIgniter\Boot::bootWeb(Object(Config\Paths))
DEBUG - 2025-09-11 02:48:54 --> Session: Class initialized using 'CodeIgniter\Session\Handlers\FileHandler' driver.
WARNING - 2025-09-11 02:48:54 --> [DEPRECATED] Creation of dynamic property App\Controllers\FaqController::$session is deprecated in APPPATH\Controllers\FaqController.php on line 12.
 1 SYSTEMPATH\CodeIgniter.php(903): App\Controllers\FaqController->__construct()
 2 SYSTEMPATH\CodeIgniter.php(498): CodeIgniter\CodeIgniter->createController()
 3 SYSTEMPATH\CodeIgniter.php(354): CodeIgniter\CodeIgniter->handleRequest(null, Object(Config\Cache), false)
 4 SYSTEMPATH\Boot.php(363): CodeIgniter\CodeIgniter->run()
 5 SYSTEMPATH\Boot.php(68): CodeIgniter\Boot::runCodeIgniter(Object(CodeIgniter\CodeIgniter))
 6 FCPATH\index.php(59): CodeIgniter\Boot::bootWeb(Object(Config\Paths))
DEBUG - 2025-09-11 02:49:00 --> Session: Class initialized using 'CodeIgniter\Session\Handlers\FileHandler' driver.
WARNING - 2025-09-11 02:49:00 --> [DEPRECATED] Creation of dynamic property App\Controllers\FaqController::$session is deprecated in APPPATH\Controllers\FaqController.php on line 12.
 1 SYSTEMPATH\CodeIgniter.php(903): App\Controllers\FaqController->__construct()
 2 SYSTEMPATH\CodeIgniter.php(498): CodeIgniter\CodeIgniter->createController()
 3 SYSTEMPATH\CodeIgniter.php(354): CodeIgniter\CodeIgniter->handleRequest(null, Object(Config\Cache), false)
 4 SYSTEMPATH\Boot.php(363): CodeIgniter\CodeIgniter->run()
 5 SYSTEMPATH\Boot.php(68): CodeIgniter\Boot::runCodeIgniter(Object(CodeIgniter\CodeIgniter))
 6 FCPATH\index.php(59): CodeIgniter\Boot::bootWeb(Object(Config\Paths))
DEBUG - 2025-09-11 02:49:01 --> Session: Class initialized using 'CodeIgniter\Session\Handlers\FileHandler' driver.
WARNING - 2025-09-11 02:49:01 --> [DEPRECATED] Creation of dynamic property App\Controllers\FaqController::$session is deprecated in APPPATH\Controllers\FaqController.php on line 12.
 1 SYSTEMPATH\CodeIgniter.php(903): App\Controllers\FaqController->__construct()
 2 SYSTEMPATH\CodeIgniter.php(498): CodeIgniter\CodeIgniter->createController()
 3 SYSTEMPATH\CodeIgniter.php(354): CodeIgniter\CodeIgniter->handleRequest(null, Object(Config\Cache), false)
 4 SYSTEMPATH\Boot.php(363): CodeIgniter\CodeIgniter->run()
 5 SYSTEMPATH\Boot.php(68): CodeIgniter\Boot::runCodeIgniter(Object(CodeIgniter\CodeIgniter))
 6 FCPATH\index.php(59): CodeIgniter\Boot::bootWeb(Object(Config\Paths))
DEBUG - 2025-09-11 02:49:02 --> Session: Class initialized using 'CodeIgniter\Session\Handlers\FileHandler' driver.
WARNING - 2025-09-11 02:49:02 --> [DEPRECATED] Creation of dynamic property App\Controllers\FaqController::$session is deprecated in APPPATH\Controllers\FaqController.php on line 12.
 1 SYSTEMPATH\CodeIgniter.php(903): App\Controllers\FaqController->__construct()
 2 SYSTEMPATH\CodeIgniter.php(498): CodeIgniter\CodeIgniter->createController()
 3 SYSTEMPATH\CodeIgniter.php(354): CodeIgniter\CodeIgniter->handleRequest(null, Object(Config\Cache), false)
 4 SYSTEMPATH\Boot.php(363): CodeIgniter\CodeIgniter->run()
 5 SYSTEMPATH\Boot.php(68): CodeIgniter\Boot::runCodeIgniter(Object(CodeIgniter\CodeIgniter))
 6 FCPATH\index.php(59): CodeIgniter\Boot::bootWeb(Object(Config\Paths))
DEBUG - 2025-09-11 02:49:22 --> Session: Class initialized using 'CodeIgniter\Session\Handlers\FileHandler' driver.
WARNING - 2025-09-11 02:49:22 --> [DEPRECATED] Creation of dynamic property App\Controllers\BlogController::$session is deprecated in APPPATH\Controllers\BlogController.php on line 12.
 1 SYSTEMPATH\CodeIgniter.php(903): App\Controllers\BlogController->__construct()
 2 SYSTEMPATH\CodeIgniter.php(498): CodeIgniter\CodeIgniter->createController()
 3 SYSTEMPATH\CodeIgniter.php(354): CodeIgniter\CodeIgniter->handleRequest(null, Object(Config\Cache), false)
 4 SYSTEMPATH\Boot.php(363): CodeIgniter\CodeIgniter->run()
 5 SYSTEMPATH\Boot.php(68): CodeIgniter\Boot::runCodeIgniter(Object(CodeIgniter\CodeIgniter))
 6 FCPATH\index.php(59): CodeIgniter\Boot::bootWeb(Object(Config\Paths))
DEBUG - 2025-09-11 02:49:23 --> Session: Class initialized using 'CodeIgniter\Session\Handlers\FileHandler' driver.
WARNING - 2025-09-11 02:49:23 --> [DEPRECATED] Creation of dynamic property App\Controllers\BlogController::$session is deprecated in APPPATH\Controllers\BlogController.php on line 12.
 1 SYSTEMPATH\CodeIgniter.php(903): App\Controllers\BlogController->__construct()
 2 SYSTEMPATH\CodeIgniter.php(498): CodeIgniter\CodeIgniter->createController()
 3 SYSTEMPATH\CodeIgniter.php(354): CodeIgniter\CodeIgniter->handleRequest(null, Object(Config\Cache), false)
 4 SYSTEMPATH\Boot.php(363): CodeIgniter\CodeIgniter->run()
 5 SYSTEMPATH\Boot.php(68): CodeIgniter\Boot::runCodeIgniter(Object(CodeIgniter\CodeIgniter))
 6 FCPATH\index.php(59): CodeIgniter\Boot::bootWeb(Object(Config\Paths))
DEBUG - 2025-09-11 02:49:26 --> Session: Class initialized using 'CodeIgniter\Session\Handlers\FileHandler' driver.
WARNING - 2025-09-11 02:49:26 --> [DEPRECATED] Creation of dynamic property App\Controllers\BlogController::$session is deprecated in APPPATH\Controllers\BlogController.php on line 12.
 1 SYSTEMPATH\CodeIgniter.php(903): App\Controllers\BlogController->__construct()
 2 SYSTEMPATH\CodeIgniter.php(498): CodeIgniter\CodeIgniter->createController()
 3 SYSTEMPATH\CodeIgniter.php(354): CodeIgniter\CodeIgniter->handleRequest(null, Object(Config\Cache), false)
 4 SYSTEMPATH\Boot.php(363): CodeIgniter\CodeIgniter->run()
 5 SYSTEMPATH\Boot.php(68): CodeIgniter\Boot::runCodeIgniter(Object(CodeIgniter\CodeIgniter))
 6 FCPATH\index.php(59): CodeIgniter\Boot::bootWeb(Object(Config\Paths))
DEBUG - 2025-09-11 02:49:32 --> Session: Class initialized using 'CodeIgniter\Session\Handlers\FileHandler' driver.
WARNING - 2025-09-11 02:49:32 --> [DEPRECATED] Creation of dynamic property App\Controllers\BlogController::$session is deprecated in APPPATH\Controllers\BlogController.php on line 12.
 1 SYSTEMPATH\CodeIgniter.php(903): App\Controllers\BlogController->__construct()
 2 SYSTEMPATH\CodeIgniter.php(498): CodeIgniter\CodeIgniter->createController()
 3 SYSTEMPATH\CodeIgniter.php(354): CodeIgniter\CodeIgniter->handleRequest(null, Object(Config\Cache), false)
 4 SYSTEMPATH\Boot.php(363): CodeIgniter\CodeIgniter->run()
 5 SYSTEMPATH\Boot.php(68): CodeIgniter\Boot::runCodeIgniter(Object(CodeIgniter\CodeIgniter))
 6 FCPATH\index.php(59): CodeIgniter\Boot::bootWeb(Object(Config\Paths))
DEBUG - 2025-09-11 02:49:32 --> Session: Class initialized using 'CodeIgniter\Session\Handlers\FileHandler' driver.
WARNING - 2025-09-11 02:49:32 --> [DEPRECATED] Creation of dynamic property App\Controllers\BlogController::$session is deprecated in APPPATH\Controllers\BlogController.php on line 12.
 1 SYSTEMPATH\CodeIgniter.php(903): App\Controllers\BlogController->__construct()
 2 SYSTEMPATH\CodeIgniter.php(498): CodeIgniter\CodeIgniter->createController()
 3 SYSTEMPATH\CodeIgniter.php(354): CodeIgniter\CodeIgniter->handleRequest(null, Object(Config\Cache), false)
 4 SYSTEMPATH\Boot.php(363): CodeIgniter\CodeIgniter->run()
 5 SYSTEMPATH\Boot.php(68): CodeIgniter\Boot::runCodeIgniter(Object(CodeIgniter\CodeIgniter))
 6 FCPATH\index.php(59): CodeIgniter\Boot::bootWeb(Object(Config\Paths))
DEBUG - 2025-09-11 02:49:35 --> Session: Class initialized using 'CodeIgniter\Session\Handlers\FileHandler' driver.
WARNING - 2025-09-11 02:49:35 --> [DEPRECATED] Creation of dynamic property App\Controllers\BlogController::$session is deprecated in APPPATH\Controllers\BlogController.php on line 12.
 1 SYSTEMPATH\CodeIgniter.php(903): App\Controllers\BlogController->__construct()
 2 SYSTEMPATH\CodeIgniter.php(498): CodeIgniter\CodeIgniter->createController()
 3 SYSTEMPATH\CodeIgniter.php(354): CodeIgniter\CodeIgniter->handleRequest(null, Object(Config\Cache), false)
 4 SYSTEMPATH\Boot.php(363): CodeIgniter\CodeIgniter->run()
 5 SYSTEMPATH\Boot.php(68): CodeIgniter\Boot::runCodeIgniter(Object(CodeIgniter\CodeIgniter))
 6 FCPATH\index.php(59): CodeIgniter\Boot::bootWeb(Object(Config\Paths))
DEBUG - 2025-09-11 02:49:35 --> Session: Class initialized using 'CodeIgniter\Session\Handlers\FileHandler' driver.
WARNING - 2025-09-11 02:49:35 --> [DEPRECATED] Creation of dynamic property App\Controllers\BlogController::$session is deprecated in APPPATH\Controllers\BlogController.php on line 12.
 1 SYSTEMPATH\CodeIgniter.php(903): App\Controllers\BlogController->__construct()
 2 SYSTEMPATH\CodeIgniter.php(498): CodeIgniter\CodeIgniter->createController()
 3 SYSTEMPATH\CodeIgniter.php(354): CodeIgniter\CodeIgniter->handleRequest(null, Object(Config\Cache), false)
 4 SYSTEMPATH\Boot.php(363): CodeIgniter\CodeIgniter->run()
 5 SYSTEMPATH\Boot.php(68): CodeIgniter\Boot::runCodeIgniter(Object(CodeIgniter\CodeIgniter))
 6 FCPATH\index.php(59): CodeIgniter\Boot::bootWeb(Object(Config\Paths))
DEBUG - 2025-09-11 02:49:54 --> Session: Class initialized using 'CodeIgniter\Session\Handlers\FileHandler' driver.
WARNING - 2025-09-11 02:49:54 --> [DEPRECATED] Creation of dynamic property App\Controllers\BookingController::$session is deprecated in APPPATH\Controllers\BookingController.php on line 21.
 1 SYSTEMPATH\CodeIgniter.php(903): App\Controllers\BookingController->__construct()
 2 SYSTEMPATH\CodeIgniter.php(498): CodeIgniter\CodeIgniter->createController()
 3 SYSTEMPATH\CodeIgniter.php(354): CodeIgniter\CodeIgniter->handleRequest(null, Object(Config\Cache), false)
 4 SYSTEMPATH\Boot.php(363): CodeIgniter\CodeIgniter->run()
 5 SYSTEMPATH\Boot.php(68): CodeIgniter\Boot::runCodeIgniter(Object(CodeIgniter\CodeIgniter))
 6 FCPATH\index.php(59): CodeIgniter\Boot::bootWeb(Object(Config\Paths))
DEBUG - 2025-09-11 02:49:56 --> Session: Class initialized using 'CodeIgniter\Session\Handlers\FileHandler' driver.
WARNING - 2025-09-11 02:49:56 --> [DEPRECATED] Creation of dynamic property App\Controllers\BlogController::$session is deprecated in APPPATH\Controllers\BlogController.php on line 12.
 1 SYSTEMPATH\CodeIgniter.php(903): App\Controllers\BlogController->__construct()
 2 SYSTEMPATH\CodeIgniter.php(498): CodeIgniter\CodeIgniter->createController()
 3 SYSTEMPATH\CodeIgniter.php(354): CodeIgniter\CodeIgniter->handleRequest(null, Object(Config\Cache), false)
 4 SYSTEMPATH\Boot.php(363): CodeIgniter\CodeIgniter->run()
 5 SYSTEMPATH\Boot.php(68): CodeIgniter\Boot::runCodeIgniter(Object(CodeIgniter\CodeIgniter))
 6 FCPATH\index.php(59): CodeIgniter\Boot::bootWeb(Object(Config\Paths))
DEBUG - 2025-09-11 02:49:56 --> Session: Class initialized using 'CodeIgniter\Session\Handlers\FileHandler' driver.
WARNING - 2025-09-11 02:49:56 --> [DEPRECATED] Creation of dynamic property App\Controllers\BlogController::$session is deprecated in APPPATH\Controllers\BlogController.php on line 12.
 1 SYSTEMPATH\CodeIgniter.php(903): App\Controllers\BlogController->__construct()
 2 SYSTEMPATH\CodeIgniter.php(498): CodeIgniter\CodeIgniter->createController()
 3 SYSTEMPATH\CodeIgniter.php(354): CodeIgniter\CodeIgniter->handleRequest(null, Object(Config\Cache), false)
 4 SYSTEMPATH\Boot.php(363): CodeIgniter\CodeIgniter->run()
 5 SYSTEMPATH\Boot.php(68): CodeIgniter\Boot::runCodeIgniter(Object(CodeIgniter\CodeIgniter))
 6 FCPATH\index.php(59): CodeIgniter\Boot::bootWeb(Object(Config\Paths))
DEBUG - 2025-09-11 02:49:57 --> Session: Class initialized using 'CodeIgniter\Session\Handlers\FileHandler' driver.
WARNING - 2025-09-11 02:49:57 --> [DEPRECATED] Creation of dynamic property App\Controllers\BlogController::$session is deprecated in APPPATH\Controllers\BlogController.php on line 12.
 1 SYSTEMPATH\CodeIgniter.php(903): App\Controllers\BlogController->__construct()
 2 SYSTEMPATH\CodeIgniter.php(498): CodeIgniter\CodeIgniter->createController()
 3 SYSTEMPATH\CodeIgniter.php(354): CodeIgniter\CodeIgniter->handleRequest(null, Object(Config\Cache), false)
 4 SYSTEMPATH\Boot.php(363): CodeIgniter\CodeIgniter->run()
 5 SYSTEMPATH\Boot.php(68): CodeIgniter\Boot::runCodeIgniter(Object(CodeIgniter\CodeIgniter))
 6 FCPATH\index.php(59): CodeIgniter\Boot::bootWeb(Object(Config\Paths))
DEBUG - 2025-09-11 03:16:06 --> Session: Class initialized using 'CodeIgniter\Session\Handlers\FileHandler' driver.
WARNING - 2025-09-11 03:16:06 --> [DEPRECATED] Creation of dynamic property App\Controllers\BlogController::$session is deprecated in APPPATH\Controllers\BlogController.php on line 12.
 1 SYSTEMPATH\CodeIgniter.php(903): App\Controllers\BlogController->__construct()
 2 SYSTEMPATH\CodeIgniter.php(498): CodeIgniter\CodeIgniter->createController()
 3 SYSTEMPATH\CodeIgniter.php(354): CodeIgniter\CodeIgniter->handleRequest(null, Object(Config\Cache), false)
 4 SYSTEMPATH\Boot.php(363): CodeIgniter\CodeIgniter->run()
 5 SYSTEMPATH\Boot.php(68): CodeIgniter\Boot::runCodeIgniter(Object(CodeIgniter\CodeIgniter))
 6 FCPATH\index.php(59): CodeIgniter\Boot::bootWeb(Object(Config\Paths))
DEBUG - 2025-09-11 03:16:37 --> Session: Class initialized using 'CodeIgniter\Session\Handlers\FileHandler' driver.
WARNING - 2025-09-11 03:16:37 --> [DEPRECATED] Creation of dynamic property App\Controllers\BlogController::$session is deprecated in APPPATH\Controllers\BlogController.php on line 12.
 1 SYSTEMPATH\CodeIgniter.php(903): App\Controllers\BlogController->__construct()
 2 SYSTEMPATH\CodeIgniter.php(498): CodeIgniter\CodeIgniter->createController()
 3 SYSTEMPATH\CodeIgniter.php(354): CodeIgniter\CodeIgniter->handleRequest(null, Object(Config\Cache), false)
 4 SYSTEMPATH\Boot.php(363): CodeIgniter\CodeIgniter->run()
 5 SYSTEMPATH\Boot.php(68): CodeIgniter\Boot::runCodeIgniter(Object(CodeIgniter\CodeIgniter))
 6 FCPATH\index.php(59): CodeIgniter\Boot::bootWeb(Object(Config\Paths))
DEBUG - 2025-09-11 03:27:57 --> Session: Class initialized using 'CodeIgniter\Session\Handlers\FileHandler' driver.
WARNING - 2025-09-11 03:27:57 --> [DEPRECATED] Creation of dynamic property App\Controllers\BlogController::$session is deprecated in APPPATH\Controllers\BlogController.php on line 13.
 1 SYSTEMPATH\CodeIgniter.php(903): App\Controllers\BlogController->__construct()
 2 SYSTEMPATH\CodeIgniter.php(498): CodeIgniter\CodeIgniter->createController()
 3 SYSTEMPATH\CodeIgniter.php(354): CodeIgniter\CodeIgniter->handleRequest(null, Object(Config\Cache), false)
 4 SYSTEMPATH\Boot.php(363): CodeIgniter\CodeIgniter->run()
 5 SYSTEMPATH\Boot.php(68): CodeIgniter\Boot::runCodeIgniter(Object(CodeIgniter\CodeIgniter))
 6 FCPATH\index.php(59): CodeIgniter\Boot::bootWeb(Object(Config\Paths))
DEBUG - 2025-09-11 03:27:57 --> Session: Class initialized using 'CodeIgniter\Session\Handlers\FileHandler' driver.
WARNING - 2025-09-11 03:27:57 --> [DEPRECATED] Creation of dynamic property App\Controllers\BlogController::$session is deprecated in APPPATH\Controllers\BlogController.php on line 13.
 1 SYSTEMPATH\CodeIgniter.php(903): App\Controllers\BlogController->__construct()
 2 SYSTEMPATH\CodeIgniter.php(498): CodeIgniter\CodeIgniter->createController()
 3 SYSTEMPATH\CodeIgniter.php(354): CodeIgniter\CodeIgniter->handleRequest(null, Object(Config\Cache), false)
 4 SYSTEMPATH\Boot.php(363): CodeIgniter\CodeIgniter->run()
 5 SYSTEMPATH\Boot.php(68): CodeIgniter\Boot::runCodeIgniter(Object(CodeIgniter\CodeIgniter))
 6 FCPATH\index.php(59): CodeIgniter\Boot::bootWeb(Object(Config\Paths))
DEBUG - 2025-09-11 03:27:59 --> Session: Class initialized using 'CodeIgniter\Session\Handlers\FileHandler' driver.
WARNING - 2025-09-11 03:27:59 --> [DEPRECATED] Creation of dynamic property App\Controllers\BlogController::$session is deprecated in APPPATH\Controllers\BlogController.php on line 13.
 1 SYSTEMPATH\CodeIgniter.php(903): App\Controllers\BlogController->__construct()
 2 SYSTEMPATH\CodeIgniter.php(498): CodeIgniter\CodeIgniter->createController()
 3 SYSTEMPATH\CodeIgniter.php(354): CodeIgniter\CodeIgniter->handleRequest(null, Object(Config\Cache), false)
 4 SYSTEMPATH\Boot.php(363): CodeIgniter\CodeIgniter->run()
 5 SYSTEMPATH\Boot.php(68): CodeIgniter\Boot::runCodeIgniter(Object(CodeIgniter\CodeIgniter))
 6 FCPATH\index.php(59): CodeIgniter\Boot::bootWeb(Object(Config\Paths))
DEBUG - 2025-09-11 03:28:17 --> Session: Class initialized using 'CodeIgniter\Session\Handlers\FileHandler' driver.
WARNING - 2025-09-11 03:28:17 --> [DEPRECATED] Creation of dynamic property App\Controllers\BlogController::$session is deprecated in APPPATH\Controllers\BlogController.php on line 13.
 1 SYSTEMPATH\CodeIgniter.php(903): App\Controllers\BlogController->__construct()
 2 SYSTEMPATH\CodeIgniter.php(498): CodeIgniter\CodeIgniter->createController()
 3 SYSTEMPATH\CodeIgniter.php(354): CodeIgniter\CodeIgniter->handleRequest(null, Object(Config\Cache), false)
 4 SYSTEMPATH\Boot.php(363): CodeIgniter\CodeIgniter->run()
 5 SYSTEMPATH\Boot.php(68): CodeIgniter\Boot::runCodeIgniter(Object(CodeIgniter\CodeIgniter))
 6 FCPATH\index.php(59): CodeIgniter\Boot::bootWeb(Object(Config\Paths))
DEBUG - 2025-09-11 03:28:26 --> Session: Class initialized using 'CodeIgniter\Session\Handlers\FileHandler' driver.
WARNING - 2025-09-11 03:28:26 --> [DEPRECATED] Creation of dynamic property App\Controllers\BlogController::$session is deprecated in APPPATH\Controllers\BlogController.php on line 13.
 1 SYSTEMPATH\CodeIgniter.php(903): App\Controllers\BlogController->__construct()
 2 SYSTEMPATH\CodeIgniter.php(498): CodeIgniter\CodeIgniter->createController()
 3 SYSTEMPATH\CodeIgniter.php(354): CodeIgniter\CodeIgniter->handleRequest(null, Object(Config\Cache), false)
 4 SYSTEMPATH\Boot.php(363): CodeIgniter\CodeIgniter->run()
 5 SYSTEMPATH\Boot.php(68): CodeIgniter\Boot::runCodeIgniter(Object(CodeIgniter\CodeIgniter))
 6 FCPATH\index.php(59): CodeIgniter\Boot::bootWeb(Object(Config\Paths))
ERROR - 2025-09-11 03:28:26 --> mysqli_sql_exception: Unknown column 'thumbnail_image' in 'INSERT INTO' in C:\Users\Administrator\Documents\GITHUB\KAPAL-FE-HTML\dashboard-dir\vendor\codeigniter4\framework\system\Database\MySQLi\Connection.php:327
Stack trace:
#0 C:\Users\Administrator\Documents\GITHUB\KAPAL-FE-HTML\dashboard-dir\vendor\codeigniter4\framework\system\Database\MySQLi\Connection.php(327): mysqli->query('INSERT INTO `bl...', 0)
#1 C:\Users\Administrator\Documents\GITHUB\KAPAL-FE-HTML\dashboard-dir\vendor\codeigniter4\framework\system\Database\BaseConnection.php(729): CodeIgniter\Database\MySQLi\Connection->execute('INSERT INTO `bl...')
#2 C:\Users\Administrator\Documents\GITHUB\KAPAL-FE-HTML\dashboard-dir\vendor\codeigniter4\framework\system\Database\BaseConnection.php(646): CodeIgniter\Database\BaseConnection->simpleQuery('INSERT INTO `bl...')
#3 C:\Users\Administrator\Documents\GITHUB\KAPAL-FE-HTML\dashboard-dir\vendor\codeigniter4\framework\system\Database\BaseBuilder.php(2345): CodeIgniter\Database\BaseConnection->query('INSERT INTO `bl...', Array, false)
#4 C:\Users\Administrator\Documents\GITHUB\KAPAL-FE-HTML\dashboard-dir\vendor\codeigniter4\framework\system\Model.php(394): CodeIgniter\Database\BaseBuilder->insert()
#5 C:\Users\Administrator\Documents\GITHUB\KAPAL-FE-HTML\dashboard-dir\vendor\codeigniter4\framework\system\BaseModel.php(838): CodeIgniter\Model->doInsert(Array)
#6 C:\Users\Administrator\Documents\GITHUB\KAPAL-FE-HTML\dashboard-dir\vendor\codeigniter4\framework\system\Model.php(797): CodeIgniter\BaseModel->insert(Array, true)
#7 C:\Users\Administrator\Documents\GITHUB\KAPAL-FE-HTML\dashboard-dir\app\Controllers\BlogController.php(92): CodeIgniter\Model->insert(Array)
#8 C:\Users\Administrator\Documents\GITHUB\KAPAL-FE-HTML\dashboard-dir\vendor\codeigniter4\framework\system\CodeIgniter.php(933): App\Controllers\BlogController->store()
#9 C:\Users\Administrator\Documents\GITHUB\KAPAL-FE-HTML\dashboard-dir\vendor\codeigniter4\framework\system\CodeIgniter.php(507): CodeIgniter\CodeIgniter->runController(Object(App\Controllers\BlogController))
#10 C:\Users\Administrator\Documents\GITHUB\KAPAL-FE-HTML\dashboard-dir\vendor\codeigniter4\framework\system\CodeIgniter.php(354): CodeIgniter\CodeIgniter->handleRequest(NULL, Object(Config\Cache), false)
#11 C:\Users\Administrator\Documents\GITHUB\KAPAL-FE-HTML\dashboard-dir\vendor\codeigniter4\framework\system\Boot.php(363): CodeIgniter\CodeIgniter->run()
#12 C:\Users\Administrator\Documents\GITHUB\KAPAL-FE-HTML\dashboard-dir\vendor\codeigniter4\framework\system\Boot.php(68): CodeIgniter\Boot::runCodeIgniter(Object(CodeIgniter\CodeIgniter))
#13 C:\Users\Administrator\Documents\GITHUB\KAPAL-FE-HTML\dashboard-dir\public\index.php(59): CodeIgniter\Boot::bootWeb(Object(Config\Paths))
#14 {main}
CRITICAL - 2025-09-11 03:28:26 --> CodeIgniter\Database\Exceptions\DatabaseException: Unknown column 'thumbnail_image' in 'INSERT INTO'
[Method: POST, Route: admin/blogs/store]
in SYSTEMPATH\Database\BaseConnection.php on line 684.
 1 SYSTEMPATH\Database\BaseBuilder.php(2345): CodeIgniter\Database\BaseConnection->query('INSERT INTO `blogs` (`title`, `slug`, `content`, `excerpt`, `featured_image`, `thumbnail_image`, `author_id`, `category_id`, `status`, `published_at`, `created_at`, `updated_at`) VALUES (:title:, :slug:, :content:, :excerpt:, :featured_image:, :thumbnail_image:, :author_id:, :category_id:, :status:, :published_at:, :created_at:, :updated_at:)', [...], false)
 2 SYSTEMPATH\Model.php(394): CodeIgniter\Database\BaseBuilder->insert()
 3 SYSTEMPATH\BaseModel.php(838): CodeIgniter\Model->doInsert([...])
 4 SYSTEMPATH\Model.php(797): CodeIgniter\BaseModel->insert([...], true)
 5 APPPATH\Controllers\BlogController.php(92): CodeIgniter\Model->insert([...])
 6 SYSTEMPATH\CodeIgniter.php(933): App\Controllers\BlogController->store()
 7 SYSTEMPATH\CodeIgniter.php(507): CodeIgniter\CodeIgniter->runController(Object(App\Controllers\BlogController))
 8 SYSTEMPATH\CodeIgniter.php(354): CodeIgniter\CodeIgniter->handleRequest(null, Object(Config\Cache), false)
 9 SYSTEMPATH\Boot.php(363): CodeIgniter\CodeIgniter->run()
10 SYSTEMPATH\Boot.php(68): CodeIgniter\Boot::runCodeIgniter(Object(CodeIgniter\CodeIgniter))
11 FCPATH\index.php(59): CodeIgniter\Boot::bootWeb(Object(Config\Paths))
CRITICAL - 2025-09-11 03:28:26 --> [Caused by] CodeIgniter\Database\Exceptions\DatabaseException: Unknown column 'thumbnail_image' in 'INSERT INTO'
in SYSTEMPATH\Database\MySQLi\Connection.php on line 332.
 1 SYSTEMPATH\Database\BaseConnection.php(729): CodeIgniter\Database\MySQLi\Connection->execute('INSERT INTO `blogs` (`title`, `slug`, `content`, `excerpt`, `featured_image`, `thumbnail_image`, `author_id`, `category_id`, `status`, `published_at`, `created_at`, `updated_at`) VALUES (\'test upload\', \'test-upload\', \'test\', \'test\', \'uploads/blogs/original_1757561306_b5034a7a6caba44a50ef.jpeg\', \'uploads/blogs/resized_1757561306_b5034a7a6caba44a50ef.jpeg\', \'15\', \'11\', \'draft\', NULL, \'2025-09-11 03:28:26\', \'2025-09-11 03:28:26\')')
 2 SYSTEMPATH\Database\BaseConnection.php(646): CodeIgniter\Database\BaseConnection->simpleQuery('INSERT INTO `blogs` (`title`, `slug`, `content`, `excerpt`, `featured_image`, `thumbnail_image`, `author_id`, `category_id`, `status`, `published_at`, `created_at`, `updated_at`) VALUES (\'test upload\', \'test-upload\', \'test\', \'test\', \'uploads/blogs/original_1757561306_b5034a7a6caba44a50ef.jpeg\', \'uploads/blogs/resized_1757561306_b5034a7a6caba44a50ef.jpeg\', \'15\', \'11\', \'draft\', NULL, \'2025-09-11 03:28:26\', \'2025-09-11 03:28:26\')')
 3 SYSTEMPATH\Database\BaseBuilder.php(2345): CodeIgniter\Database\BaseConnection->query('INSERT INTO `blogs` (`title`, `slug`, `content`, `excerpt`, `featured_image`, `thumbnail_image`, `author_id`, `category_id`, `status`, `published_at`, `created_at`, `updated_at`) VALUES (:title:, :slug:, :content:, :excerpt:, :featured_image:, :thumbnail_image:, :author_id:, :category_id:, :status:, :published_at:, :created_at:, :updated_at:)', [...], false)
 4 SYSTEMPATH\Model.php(394): CodeIgniter\Database\BaseBuilder->insert()
 5 SYSTEMPATH\BaseModel.php(838): CodeIgniter\Model->doInsert([...])
 6 SYSTEMPATH\Model.php(797): CodeIgniter\BaseModel->insert([...], true)
 7 APPPATH\Controllers\BlogController.php(92): CodeIgniter\Model->insert([...])
 8 SYSTEMPATH\CodeIgniter.php(933): App\Controllers\BlogController->store()
 9 SYSTEMPATH\CodeIgniter.php(507): CodeIgniter\CodeIgniter->runController(Object(App\Controllers\BlogController))
10 SYSTEMPATH\CodeIgniter.php(354): CodeIgniter\CodeIgniter->handleRequest(null, Object(Config\Cache), false)
11 SYSTEMPATH\Boot.php(363): CodeIgniter\CodeIgniter->run()
12 SYSTEMPATH\Boot.php(68): CodeIgniter\Boot::runCodeIgniter(Object(CodeIgniter\CodeIgniter))
13 FCPATH\index.php(59): CodeIgniter\Boot::bootWeb(Object(Config\Paths))
CRITICAL - 2025-09-11 03:28:26 --> [Caused by] mysqli_sql_exception: Unknown column 'thumbnail_image' in 'INSERT INTO'
in SYSTEMPATH\Database\MySQLi\Connection.php on line 327.
 1 SYSTEMPATH\Database\MySQLi\Connection.php(327): mysqli->query('INSERT INTO `blogs` (`title`, `slug`, `content`, `excerpt`, `featured_image`, `thumbnail_image`, `author_id`, `category_id`, `status`, `published_at`, `created_at`, `updated_at`) VALUES (\'test upload\', \'test-upload\', \'test\', \'test\', \'uploads/blogs/original_1757561306_b5034a7a6caba44a50ef.jpeg\', \'uploads/blogs/resized_1757561306_b5034a7a6caba44a50ef.jpeg\', \'15\', \'11\', \'draft\', NULL, \'2025-09-11 03:28:26\', \'2025-09-11 03:28:26\')', 0)
 2 SYSTEMPATH\Database\BaseConnection.php(729): CodeIgniter\Database\MySQLi\Connection->execute('INSERT INTO `blogs` (`title`, `slug`, `content`, `excerpt`, `featured_image`, `thumbnail_image`, `author_id`, `category_id`, `status`, `published_at`, `created_at`, `updated_at`) VALUES (\'test upload\', \'test-upload\', \'test\', \'test\', \'uploads/blogs/original_1757561306_b5034a7a6caba44a50ef.jpeg\', \'uploads/blogs/resized_1757561306_b5034a7a6caba44a50ef.jpeg\', \'15\', \'11\', \'draft\', NULL, \'2025-09-11 03:28:26\', \'2025-09-11 03:28:26\')')
 3 SYSTEMPATH\Database\BaseConnection.php(646): CodeIgniter\Database\BaseConnection->simpleQuery('INSERT INTO `blogs` (`title`, `slug`, `content`, `excerpt`, `featured_image`, `thumbnail_image`, `author_id`, `category_id`, `status`, `published_at`, `created_at`, `updated_at`) VALUES (\'test upload\', \'test-upload\', \'test\', \'test\', \'uploads/blogs/original_1757561306_b5034a7a6caba44a50ef.jpeg\', \'uploads/blogs/resized_1757561306_b5034a7a6caba44a50ef.jpeg\', \'15\', \'11\', \'draft\', NULL, \'2025-09-11 03:28:26\', \'2025-09-11 03:28:26\')')
 4 SYSTEMPATH\Database\BaseBuilder.php(2345): CodeIgniter\Database\BaseConnection->query('INSERT INTO `blogs` (`title`, `slug`, `content`, `excerpt`, `featured_image`, `thumbnail_image`, `author_id`, `category_id`, `status`, `published_at`, `created_at`, `updated_at`) VALUES (:title:, :slug:, :content:, :excerpt:, :featured_image:, :thumbnail_image:, :author_id:, :category_id:, :status:, :published_at:, :created_at:, :updated_at:)', [...], false)
 5 SYSTEMPATH\Model.php(394): CodeIgniter\Database\BaseBuilder->insert()
 6 SYSTEMPATH\BaseModel.php(838): CodeIgniter\Model->doInsert([...])
 7 SYSTEMPATH\Model.php(797): CodeIgniter\BaseModel->insert([...], true)
 8 APPPATH\Controllers\BlogController.php(92): CodeIgniter\Model->insert([...])
 9 SYSTEMPATH\CodeIgniter.php(933): App\Controllers\BlogController->store()
10 SYSTEMPATH\CodeIgniter.php(507): CodeIgniter\CodeIgniter->runController(Object(App\Controllers\BlogController))
11 SYSTEMPATH\CodeIgniter.php(354): CodeIgniter\CodeIgniter->handleRequest(null, Object(Config\Cache), false)
12 SYSTEMPATH\Boot.php(363): CodeIgniter\CodeIgniter->run()
13 SYSTEMPATH\Boot.php(68): CodeIgniter\Boot::runCodeIgniter(Object(CodeIgniter\CodeIgniter))
14 FCPATH\index.php(59): CodeIgniter\Boot::bootWeb(Object(Config\Paths))
DEBUG - 2025-09-11 03:28:31 --> Session: Class initialized using 'CodeIgniter\Session\Handlers\FileHandler' driver.
WARNING - 2025-09-11 03:28:31 --> [DEPRECATED] Creation of dynamic property App\Controllers\BlogController::$session is deprecated in APPPATH\Controllers\BlogController.php on line 13.
 1 SYSTEMPATH\CodeIgniter.php(903): App\Controllers\BlogController->__construct()
 2 SYSTEMPATH\CodeIgniter.php(498): CodeIgniter\CodeIgniter->createController()
 3 SYSTEMPATH\CodeIgniter.php(354): CodeIgniter\CodeIgniter->handleRequest(null, Object(Config\Cache), false)
 4 SYSTEMPATH\Boot.php(363): CodeIgniter\CodeIgniter->run()
 5 SYSTEMPATH\Boot.php(68): CodeIgniter\Boot::runCodeIgniter(Object(CodeIgniter\CodeIgniter))
 6 FCPATH\index.php(59): CodeIgniter\Boot::bootWeb(Object(Config\Paths))
ERROR - 2025-09-11 03:28:31 --> mysqli_sql_exception: Unknown column 'thumbnail_image' in 'INSERT INTO' in C:\Users\Administrator\Documents\GITHUB\KAPAL-FE-HTML\dashboard-dir\vendor\codeigniter4\framework\system\Database\MySQLi\Connection.php:327
Stack trace:
#0 C:\Users\Administrator\Documents\GITHUB\KAPAL-FE-HTML\dashboard-dir\vendor\codeigniter4\framework\system\Database\MySQLi\Connection.php(327): mysqli->query('INSERT INTO `bl...', 0)
#1 C:\Users\Administrator\Documents\GITHUB\KAPAL-FE-HTML\dashboard-dir\vendor\codeigniter4\framework\system\Database\BaseConnection.php(729): CodeIgniter\Database\MySQLi\Connection->execute('INSERT INTO `bl...')
#2 C:\Users\Administrator\Documents\GITHUB\KAPAL-FE-HTML\dashboard-dir\vendor\codeigniter4\framework\system\Database\BaseConnection.php(646): CodeIgniter\Database\BaseConnection->simpleQuery('INSERT INTO `bl...')
#3 C:\Users\Administrator\Documents\GITHUB\KAPAL-FE-HTML\dashboard-dir\vendor\codeigniter4\framework\system\Database\BaseBuilder.php(2345): CodeIgniter\Database\BaseConnection->query('INSERT INTO `bl...', Array, false)
#4 C:\Users\Administrator\Documents\GITHUB\KAPAL-FE-HTML\dashboard-dir\vendor\codeigniter4\framework\system\Model.php(394): CodeIgniter\Database\BaseBuilder->insert()
#5 C:\Users\Administrator\Documents\GITHUB\KAPAL-FE-HTML\dashboard-dir\vendor\codeigniter4\framework\system\BaseModel.php(838): CodeIgniter\Model->doInsert(Array)
#6 C:\Users\Administrator\Documents\GITHUB\KAPAL-FE-HTML\dashboard-dir\vendor\codeigniter4\framework\system\Model.php(797): CodeIgniter\BaseModel->insert(Array, true)
#7 C:\Users\Administrator\Documents\GITHUB\KAPAL-FE-HTML\dashboard-dir\app\Controllers\BlogController.php(92): CodeIgniter\Model->insert(Array)
#8 C:\Users\Administrator\Documents\GITHUB\KAPAL-FE-HTML\dashboard-dir\vendor\codeigniter4\framework\system\CodeIgniter.php(933): App\Controllers\BlogController->store()
#9 C:\Users\Administrator\Documents\GITHUB\KAPAL-FE-HTML\dashboard-dir\vendor\codeigniter4\framework\system\CodeIgniter.php(507): CodeIgniter\CodeIgniter->runController(Object(App\Controllers\BlogController))
#10 C:\Users\Administrator\Documents\GITHUB\KAPAL-FE-HTML\dashboard-dir\vendor\codeigniter4\framework\system\CodeIgniter.php(354): CodeIgniter\CodeIgniter->handleRequest(NULL, Object(Config\Cache), false)
#11 C:\Users\Administrator\Documents\GITHUB\KAPAL-FE-HTML\dashboard-dir\vendor\codeigniter4\framework\system\Boot.php(363): CodeIgniter\CodeIgniter->run()
#12 C:\Users\Administrator\Documents\GITHUB\KAPAL-FE-HTML\dashboard-dir\vendor\codeigniter4\framework\system\Boot.php(68): CodeIgniter\Boot::runCodeIgniter(Object(CodeIgniter\CodeIgniter))
#13 C:\Users\Administrator\Documents\GITHUB\KAPAL-FE-HTML\dashboard-dir\public\index.php(59): CodeIgniter\Boot::bootWeb(Object(Config\Paths))
#14 {main}
CRITICAL - 2025-09-11 03:28:31 --> CodeIgniter\Database\Exceptions\DatabaseException: Unknown column 'thumbnail_image' in 'INSERT INTO'
[Method: POST, Route: admin/blogs/store]
in SYSTEMPATH\Database\BaseConnection.php on line 684.
 1 SYSTEMPATH\Database\BaseBuilder.php(2345): CodeIgniter\Database\BaseConnection->query('INSERT INTO `blogs` (`title`, `slug`, `content`, `excerpt`, `featured_image`, `thumbnail_image`, `author_id`, `category_id`, `status`, `published_at`, `created_at`, `updated_at`) VALUES (:title:, :slug:, :content:, :excerpt:, :featured_image:, :thumbnail_image:, :author_id:, :category_id:, :status:, :published_at:, :created_at:, :updated_at:)', [...], false)
 2 SYSTEMPATH\Model.php(394): CodeIgniter\Database\BaseBuilder->insert()
 3 SYSTEMPATH\BaseModel.php(838): CodeIgniter\Model->doInsert([...])
 4 SYSTEMPATH\Model.php(797): CodeIgniter\BaseModel->insert([...], true)
 5 APPPATH\Controllers\BlogController.php(92): CodeIgniter\Model->insert([...])
 6 SYSTEMPATH\CodeIgniter.php(933): App\Controllers\BlogController->store()
 7 SYSTEMPATH\CodeIgniter.php(507): CodeIgniter\CodeIgniter->runController(Object(App\Controllers\BlogController))
 8 SYSTEMPATH\CodeIgniter.php(354): CodeIgniter\CodeIgniter->handleRequest(null, Object(Config\Cache), false)
 9 SYSTEMPATH\Boot.php(363): CodeIgniter\CodeIgniter->run()
10 SYSTEMPATH\Boot.php(68): CodeIgniter\Boot::runCodeIgniter(Object(CodeIgniter\CodeIgniter))
11 FCPATH\index.php(59): CodeIgniter\Boot::bootWeb(Object(Config\Paths))
CRITICAL - 2025-09-11 03:28:31 --> [Caused by] CodeIgniter\Database\Exceptions\DatabaseException: Unknown column 'thumbnail_image' in 'INSERT INTO'
in SYSTEMPATH\Database\MySQLi\Connection.php on line 332.
 1 SYSTEMPATH\Database\BaseConnection.php(729): CodeIgniter\Database\MySQLi\Connection->execute('INSERT INTO `blogs` (`title`, `slug`, `content`, `excerpt`, `featured_image`, `thumbnail_image`, `author_id`, `category_id`, `status`, `published_at`, `created_at`, `updated_at`) VALUES (\'test upload\', \'test-upload\', \'test\', \'test\', \'uploads/blogs/original_1757561311_74b440c8a7374c973c59.jpeg\', \'uploads/blogs/resized_1757561311_74b440c8a7374c973c59.jpeg\', \'15\', \'11\', \'draft\', NULL, \'2025-09-11 03:28:31\', \'2025-09-11 03:28:31\')')
 2 SYSTEMPATH\Database\BaseConnection.php(646): CodeIgniter\Database\BaseConnection->simpleQuery('INSERT INTO `blogs` (`title`, `slug`, `content`, `excerpt`, `featured_image`, `thumbnail_image`, `author_id`, `category_id`, `status`, `published_at`, `created_at`, `updated_at`) VALUES (\'test upload\', \'test-upload\', \'test\', \'test\', \'uploads/blogs/original_1757561311_74b440c8a7374c973c59.jpeg\', \'uploads/blogs/resized_1757561311_74b440c8a7374c973c59.jpeg\', \'15\', \'11\', \'draft\', NULL, \'2025-09-11 03:28:31\', \'2025-09-11 03:28:31\')')
 3 SYSTEMPATH\Database\BaseBuilder.php(2345): CodeIgniter\Database\BaseConnection->query('INSERT INTO `blogs` (`title`, `slug`, `content`, `excerpt`, `featured_image`, `thumbnail_image`, `author_id`, `category_id`, `status`, `published_at`, `created_at`, `updated_at`) VALUES (:title:, :slug:, :content:, :excerpt:, :featured_image:, :thumbnail_image:, :author_id:, :category_id:, :status:, :published_at:, :created_at:, :updated_at:)', [...], false)
 4 SYSTEMPATH\Model.php(394): CodeIgniter\Database\BaseBuilder->insert()
 5 SYSTEMPATH\BaseModel.php(838): CodeIgniter\Model->doInsert([...])
 6 SYSTEMPATH\Model.php(797): CodeIgniter\BaseModel->insert([...], true)
 7 APPPATH\Controllers\BlogController.php(92): CodeIgniter\Model->insert([...])
 8 SYSTEMPATH\CodeIgniter.php(933): App\Controllers\BlogController->store()
 9 SYSTEMPATH\CodeIgniter.php(507): CodeIgniter\CodeIgniter->runController(Object(App\Controllers\BlogController))
10 SYSTEMPATH\CodeIgniter.php(354): CodeIgniter\CodeIgniter->handleRequest(null, Object(Config\Cache), false)
11 SYSTEMPATH\Boot.php(363): CodeIgniter\CodeIgniter->run()
12 SYSTEMPATH\Boot.php(68): CodeIgniter\Boot::runCodeIgniter(Object(CodeIgniter\CodeIgniter))
13 FCPATH\index.php(59): CodeIgniter\Boot::bootWeb(Object(Config\Paths))
CRITICAL - 2025-09-11 03:28:31 --> [Caused by] mysqli_sql_exception: Unknown column 'thumbnail_image' in 'INSERT INTO'
in SYSTEMPATH\Database\MySQLi\Connection.php on line 327.
 1 SYSTEMPATH\Database\MySQLi\Connection.php(327): mysqli->query('INSERT INTO `blogs` (`title`, `slug`, `content`, `excerpt`, `featured_image`, `thumbnail_image`, `author_id`, `category_id`, `status`, `published_at`, `created_at`, `updated_at`) VALUES (\'test upload\', \'test-upload\', \'test\', \'test\', \'uploads/blogs/original_1757561311_74b440c8a7374c973c59.jpeg\', \'uploads/blogs/resized_1757561311_74b440c8a7374c973c59.jpeg\', \'15\', \'11\', \'draft\', NULL, \'2025-09-11 03:28:31\', \'2025-09-11 03:28:31\')', 0)
 2 SYSTEMPATH\Database\BaseConnection.php(729): CodeIgniter\Database\MySQLi\Connection->execute('INSERT INTO `blogs` (`title`, `slug`, `content`, `excerpt`, `featured_image`, `thumbnail_image`, `author_id`, `category_id`, `status`, `published_at`, `created_at`, `updated_at`) VALUES (\'test upload\', \'test-upload\', \'test\', \'test\', \'uploads/blogs/original_1757561311_74b440c8a7374c973c59.jpeg\', \'uploads/blogs/resized_1757561311_74b440c8a7374c973c59.jpeg\', \'15\', \'11\', \'draft\', NULL, \'2025-09-11 03:28:31\', \'2025-09-11 03:28:31\')')
 3 SYSTEMPATH\Database\BaseConnection.php(646): CodeIgniter\Database\BaseConnection->simpleQuery('INSERT INTO `blogs` (`title`, `slug`, `content`, `excerpt`, `featured_image`, `thumbnail_image`, `author_id`, `category_id`, `status`, `published_at`, `created_at`, `updated_at`) VALUES (\'test upload\', \'test-upload\', \'test\', \'test\', \'uploads/blogs/original_1757561311_74b440c8a7374c973c59.jpeg\', \'uploads/blogs/resized_1757561311_74b440c8a7374c973c59.jpeg\', \'15\', \'11\', \'draft\', NULL, \'2025-09-11 03:28:31\', \'2025-09-11 03:28:31\')')
 4 SYSTEMPATH\Database\BaseBuilder.php(2345): CodeIgniter\Database\BaseConnection->query('INSERT INTO `blogs` (`title`, `slug`, `content`, `excerpt`, `featured_image`, `thumbnail_image`, `author_id`, `category_id`, `status`, `published_at`, `created_at`, `updated_at`) VALUES (:title:, :slug:, :content:, :excerpt:, :featured_image:, :thumbnail_image:, :author_id:, :category_id:, :status:, :published_at:, :created_at:, :updated_at:)', [...], false)
 5 SYSTEMPATH\Model.php(394): CodeIgniter\Database\BaseBuilder->insert()
 6 SYSTEMPATH\BaseModel.php(838): CodeIgniter\Model->doInsert([...])
 7 SYSTEMPATH\Model.php(797): CodeIgniter\BaseModel->insert([...], true)
 8 APPPATH\Controllers\BlogController.php(92): CodeIgniter\Model->insert([...])
 9 SYSTEMPATH\CodeIgniter.php(933): App\Controllers\BlogController->store()
10 SYSTEMPATH\CodeIgniter.php(507): CodeIgniter\CodeIgniter->runController(Object(App\Controllers\BlogController))
11 SYSTEMPATH\CodeIgniter.php(354): CodeIgniter\CodeIgniter->handleRequest(null, Object(Config\Cache), false)
12 SYSTEMPATH\Boot.php(363): CodeIgniter\CodeIgniter->run()
13 SYSTEMPATH\Boot.php(68): CodeIgniter\Boot::runCodeIgniter(Object(CodeIgniter\CodeIgniter))
14 FCPATH\index.php(59): CodeIgniter\Boot::bootWeb(Object(Config\Paths))
DEBUG - 2025-09-11 03:28:44 --> Session: Class initialized using 'CodeIgniter\Session\Handlers\FileHandler' driver.
WARNING - 2025-09-11 03:28:44 --> [DEPRECATED] Creation of dynamic property App\Controllers\BlogController::$session is deprecated in APPPATH\Controllers\BlogController.php on line 13.
 1 SYSTEMPATH\CodeIgniter.php(903): App\Controllers\BlogController->__construct()
 2 SYSTEMPATH\CodeIgniter.php(498): CodeIgniter\CodeIgniter->createController()
 3 SYSTEMPATH\CodeIgniter.php(354): CodeIgniter\CodeIgniter->handleRequest(null, Object(Config\Cache), false)
 4 SYSTEMPATH\Boot.php(363): CodeIgniter\CodeIgniter->run()
 5 SYSTEMPATH\Boot.php(68): CodeIgniter\Boot::runCodeIgniter(Object(CodeIgniter\CodeIgniter))
 6 FCPATH\index.php(59): CodeIgniter\Boot::bootWeb(Object(Config\Paths))
ERROR - 2025-09-11 03:28:44 --> mysqli_sql_exception: Unknown column 'thumbnail_image' in 'INSERT INTO' in C:\Users\Administrator\Documents\GITHUB\KAPAL-FE-HTML\dashboard-dir\vendor\codeigniter4\framework\system\Database\MySQLi\Connection.php:327
Stack trace:
#0 C:\Users\Administrator\Documents\GITHUB\KAPAL-FE-HTML\dashboard-dir\vendor\codeigniter4\framework\system\Database\MySQLi\Connection.php(327): mysqli->query('INSERT INTO `bl...', 0)
#1 C:\Users\Administrator\Documents\GITHUB\KAPAL-FE-HTML\dashboard-dir\vendor\codeigniter4\framework\system\Database\BaseConnection.php(729): CodeIgniter\Database\MySQLi\Connection->execute('INSERT INTO `bl...')
#2 C:\Users\Administrator\Documents\GITHUB\KAPAL-FE-HTML\dashboard-dir\vendor\codeigniter4\framework\system\Database\BaseConnection.php(646): CodeIgniter\Database\BaseConnection->simpleQuery('INSERT INTO `bl...')
#3 C:\Users\Administrator\Documents\GITHUB\KAPAL-FE-HTML\dashboard-dir\vendor\codeigniter4\framework\system\Database\BaseBuilder.php(2345): CodeIgniter\Database\BaseConnection->query('INSERT INTO `bl...', Array, false)
#4 C:\Users\Administrator\Documents\GITHUB\KAPAL-FE-HTML\dashboard-dir\vendor\codeigniter4\framework\system\Model.php(394): CodeIgniter\Database\BaseBuilder->insert()
#5 C:\Users\Administrator\Documents\GITHUB\KAPAL-FE-HTML\dashboard-dir\vendor\codeigniter4\framework\system\BaseModel.php(838): CodeIgniter\Model->doInsert(Array)
#6 C:\Users\Administrator\Documents\GITHUB\KAPAL-FE-HTML\dashboard-dir\vendor\codeigniter4\framework\system\Model.php(797): CodeIgniter\BaseModel->insert(Array, true)
#7 C:\Users\Administrator\Documents\GITHUB\KAPAL-FE-HTML\dashboard-dir\app\Controllers\BlogController.php(92): CodeIgniter\Model->insert(Array)
#8 C:\Users\Administrator\Documents\GITHUB\KAPAL-FE-HTML\dashboard-dir\vendor\codeigniter4\framework\system\CodeIgniter.php(933): App\Controllers\BlogController->store()
#9 C:\Users\Administrator\Documents\GITHUB\KAPAL-FE-HTML\dashboard-dir\vendor\codeigniter4\framework\system\CodeIgniter.php(507): CodeIgniter\CodeIgniter->runController(Object(App\Controllers\BlogController))
#10 C:\Users\Administrator\Documents\GITHUB\KAPAL-FE-HTML\dashboard-dir\vendor\codeigniter4\framework\system\CodeIgniter.php(354): CodeIgniter\CodeIgniter->handleRequest(NULL, Object(Config\Cache), false)
#11 C:\Users\Administrator\Documents\GITHUB\KAPAL-FE-HTML\dashboard-dir\vendor\codeigniter4\framework\system\Boot.php(363): CodeIgniter\CodeIgniter->run()
#12 C:\Users\Administrator\Documents\GITHUB\KAPAL-FE-HTML\dashboard-dir\vendor\codeigniter4\framework\system\Boot.php(68): CodeIgniter\Boot::runCodeIgniter(Object(CodeIgniter\CodeIgniter))
#13 C:\Users\Administrator\Documents\GITHUB\KAPAL-FE-HTML\dashboard-dir\public\index.php(59): CodeIgniter\Boot::bootWeb(Object(Config\Paths))
#14 {main}
CRITICAL - 2025-09-11 03:28:44 --> CodeIgniter\Database\Exceptions\DatabaseException: Unknown column 'thumbnail_image' in 'INSERT INTO'
[Method: POST, Route: admin/blogs/store]
in SYSTEMPATH\Database\BaseConnection.php on line 684.
 1 SYSTEMPATH\Database\BaseBuilder.php(2345): CodeIgniter\Database\BaseConnection->query('INSERT INTO `blogs` (`title`, `slug`, `content`, `excerpt`, `featured_image`, `thumbnail_image`, `author_id`, `category_id`, `status`, `published_at`, `created_at`, `updated_at`) VALUES (:title:, :slug:, :content:, :excerpt:, :featured_image:, :thumbnail_image:, :author_id:, :category_id:, :status:, :published_at:, :created_at:, :updated_at:)', [...], false)
 2 SYSTEMPATH\Model.php(394): CodeIgniter\Database\BaseBuilder->insert()
 3 SYSTEMPATH\BaseModel.php(838): CodeIgniter\Model->doInsert([...])
 4 SYSTEMPATH\Model.php(797): CodeIgniter\BaseModel->insert([...], true)
 5 APPPATH\Controllers\BlogController.php(92): CodeIgniter\Model->insert([...])
 6 SYSTEMPATH\CodeIgniter.php(933): App\Controllers\BlogController->store()
 7 SYSTEMPATH\CodeIgniter.php(507): CodeIgniter\CodeIgniter->runController(Object(App\Controllers\BlogController))
 8 SYSTEMPATH\CodeIgniter.php(354): CodeIgniter\CodeIgniter->handleRequest(null, Object(Config\Cache), false)
 9 SYSTEMPATH\Boot.php(363): CodeIgniter\CodeIgniter->run()
10 SYSTEMPATH\Boot.php(68): CodeIgniter\Boot::runCodeIgniter(Object(CodeIgniter\CodeIgniter))
11 FCPATH\index.php(59): CodeIgniter\Boot::bootWeb(Object(Config\Paths))
CRITICAL - 2025-09-11 03:28:44 --> [Caused by] CodeIgniter\Database\Exceptions\DatabaseException: Unknown column 'thumbnail_image' in 'INSERT INTO'
in SYSTEMPATH\Database\MySQLi\Connection.php on line 332.
 1 SYSTEMPATH\Database\BaseConnection.php(729): CodeIgniter\Database\MySQLi\Connection->execute('INSERT INTO `blogs` (`title`, `slug`, `content`, `excerpt`, `featured_image`, `thumbnail_image`, `author_id`, `category_id`, `status`, `published_at`, `created_at`, `updated_at`) VALUES (\'test upload\', \'test-upload\', \'test\', \'test\', \'uploads/blogs/original_1757561324_056825e5608e042bd3c1.jpeg\', \'uploads/blogs/resized_1757561324_056825e5608e042bd3c1.jpeg\', \'15\', \'11\', \'draft\', NULL, \'2025-09-11 03:28:44\', \'2025-09-11 03:28:44\')')
 2 SYSTEMPATH\Database\BaseConnection.php(646): CodeIgniter\Database\BaseConnection->simpleQuery('INSERT INTO `blogs` (`title`, `slug`, `content`, `excerpt`, `featured_image`, `thumbnail_image`, `author_id`, `category_id`, `status`, `published_at`, `created_at`, `updated_at`) VALUES (\'test upload\', \'test-upload\', \'test\', \'test\', \'uploads/blogs/original_1757561324_056825e5608e042bd3c1.jpeg\', \'uploads/blogs/resized_1757561324_056825e5608e042bd3c1.jpeg\', \'15\', \'11\', \'draft\', NULL, \'2025-09-11 03:28:44\', \'2025-09-11 03:28:44\')')
 3 SYSTEMPATH\Database\BaseBuilder.php(2345): CodeIgniter\Database\BaseConnection->query('INSERT INTO `blogs` (`title`, `slug`, `content`, `excerpt`, `featured_image`, `thumbnail_image`, `author_id`, `category_id`, `status`, `published_at`, `created_at`, `updated_at`) VALUES (:title:, :slug:, :content:, :excerpt:, :featured_image:, :thumbnail_image:, :author_id:, :category_id:, :status:, :published_at:, :created_at:, :updated_at:)', [...], false)
 4 SYSTEMPATH\Model.php(394): CodeIgniter\Database\BaseBuilder->insert()
 5 SYSTEMPATH\BaseModel.php(838): CodeIgniter\Model->doInsert([...])
 6 SYSTEMPATH\Model.php(797): CodeIgniter\BaseModel->insert([...], true)
 7 APPPATH\Controllers\BlogController.php(92): CodeIgniter\Model->insert([...])
 8 SYSTEMPATH\CodeIgniter.php(933): App\Controllers\BlogController->store()
 9 SYSTEMPATH\CodeIgniter.php(507): CodeIgniter\CodeIgniter->runController(Object(App\Controllers\BlogController))
10 SYSTEMPATH\CodeIgniter.php(354): CodeIgniter\CodeIgniter->handleRequest(null, Object(Config\Cache), false)
11 SYSTEMPATH\Boot.php(363): CodeIgniter\CodeIgniter->run()
12 SYSTEMPATH\Boot.php(68): CodeIgniter\Boot::runCodeIgniter(Object(CodeIgniter\CodeIgniter))
13 FCPATH\index.php(59): CodeIgniter\Boot::bootWeb(Object(Config\Paths))
CRITICAL - 2025-09-11 03:28:44 --> [Caused by] mysqli_sql_exception: Unknown column 'thumbnail_image' in 'INSERT INTO'
in SYSTEMPATH\Database\MySQLi\Connection.php on line 327.
 1 SYSTEMPATH\Database\MySQLi\Connection.php(327): mysqli->query('INSERT INTO `blogs` (`title`, `slug`, `content`, `excerpt`, `featured_image`, `thumbnail_image`, `author_id`, `category_id`, `status`, `published_at`, `created_at`, `updated_at`) VALUES (\'test upload\', \'test-upload\', \'test\', \'test\', \'uploads/blogs/original_1757561324_056825e5608e042bd3c1.jpeg\', \'uploads/blogs/resized_1757561324_056825e5608e042bd3c1.jpeg\', \'15\', \'11\', \'draft\', NULL, \'2025-09-11 03:28:44\', \'2025-09-11 03:28:44\')', 0)
 2 SYSTEMPATH\Database\BaseConnection.php(729): CodeIgniter\Database\MySQLi\Connection->execute('INSERT INTO `blogs` (`title`, `slug`, `content`, `excerpt`, `featured_image`, `thumbnail_image`, `author_id`, `category_id`, `status`, `published_at`, `created_at`, `updated_at`) VALUES (\'test upload\', \'test-upload\', \'test\', \'test\', \'uploads/blogs/original_1757561324_056825e5608e042bd3c1.jpeg\', \'uploads/blogs/resized_1757561324_056825e5608e042bd3c1.jpeg\', \'15\', \'11\', \'draft\', NULL, \'2025-09-11 03:28:44\', \'2025-09-11 03:28:44\')')
 3 SYSTEMPATH\Database\BaseConnection.php(646): CodeIgniter\Database\BaseConnection->simpleQuery('INSERT INTO `blogs` (`title`, `slug`, `content`, `excerpt`, `featured_image`, `thumbnail_image`, `author_id`, `category_id`, `status`, `published_at`, `created_at`, `updated_at`) VALUES (\'test upload\', \'test-upload\', \'test\', \'test\', \'uploads/blogs/original_1757561324_056825e5608e042bd3c1.jpeg\', \'uploads/blogs/resized_1757561324_056825e5608e042bd3c1.jpeg\', \'15\', \'11\', \'draft\', NULL, \'2025-09-11 03:28:44\', \'2025-09-11 03:28:44\')')
 4 SYSTEMPATH\Database\BaseBuilder.php(2345): CodeIgniter\Database\BaseConnection->query('INSERT INTO `blogs` (`title`, `slug`, `content`, `excerpt`, `featured_image`, `thumbnail_image`, `author_id`, `category_id`, `status`, `published_at`, `created_at`, `updated_at`) VALUES (:title:, :slug:, :content:, :excerpt:, :featured_image:, :thumbnail_image:, :author_id:, :category_id:, :status:, :published_at:, :created_at:, :updated_at:)', [...], false)
 5 SYSTEMPATH\Model.php(394): CodeIgniter\Database\BaseBuilder->insert()
 6 SYSTEMPATH\BaseModel.php(838): CodeIgniter\Model->doInsert([...])
 7 SYSTEMPATH\Model.php(797): CodeIgniter\BaseModel->insert([...], true)
 8 APPPATH\Controllers\BlogController.php(92): CodeIgniter\Model->insert([...])
 9 SYSTEMPATH\CodeIgniter.php(933): App\Controllers\BlogController->store()
10 SYSTEMPATH\CodeIgniter.php(507): CodeIgniter\CodeIgniter->runController(Object(App\Controllers\BlogController))
11 SYSTEMPATH\CodeIgniter.php(354): CodeIgniter\CodeIgniter->handleRequest(null, Object(Config\Cache), false)
12 SYSTEMPATH\Boot.php(363): CodeIgniter\CodeIgniter->run()
13 SYSTEMPATH\Boot.php(68): CodeIgniter\Boot::runCodeIgniter(Object(CodeIgniter\CodeIgniter))
14 FCPATH\index.php(59): CodeIgniter\Boot::bootWeb(Object(Config\Paths))
DEBUG - 2025-09-11 03:29:19 --> Session: Class initialized using 'CodeIgniter\Session\Handlers\FileHandler' driver.
WARNING - 2025-09-11 03:29:19 --> [DEPRECATED] Creation of dynamic property App\Controllers\BlogController::$session is deprecated in APPPATH\Controllers\BlogController.php on line 13.
 1 SYSTEMPATH\CodeIgniter.php(903): App\Controllers\BlogController->__construct()
 2 SYSTEMPATH\CodeIgniter.php(498): CodeIgniter\CodeIgniter->createController()
 3 SYSTEMPATH\CodeIgniter.php(354): CodeIgniter\CodeIgniter->handleRequest(null, Object(Config\Cache), false)
 4 SYSTEMPATH\Boot.php(363): CodeIgniter\CodeIgniter->run()
 5 SYSTEMPATH\Boot.php(68): CodeIgniter\Boot::runCodeIgniter(Object(CodeIgniter\CodeIgniter))
 6 FCPATH\index.php(59): CodeIgniter\Boot::bootWeb(Object(Config\Paths))
DEBUG - 2025-09-11 03:29:20 --> Session: Class initialized using 'CodeIgniter\Session\Handlers\FileHandler' driver.
WARNING - 2025-09-11 03:29:20 --> [DEPRECATED] Creation of dynamic property App\Controllers\BlogController::$session is deprecated in APPPATH\Controllers\BlogController.php on line 13.
 1 SYSTEMPATH\CodeIgniter.php(903): App\Controllers\BlogController->__construct()
 2 SYSTEMPATH\CodeIgniter.php(498): CodeIgniter\CodeIgniter->createController()
 3 SYSTEMPATH\CodeIgniter.php(354): CodeIgniter\CodeIgniter->handleRequest(null, Object(Config\Cache), false)
 4 SYSTEMPATH\Boot.php(363): CodeIgniter\CodeIgniter->run()
 5 SYSTEMPATH\Boot.php(68): CodeIgniter\Boot::runCodeIgniter(Object(CodeIgniter\CodeIgniter))
 6 FCPATH\index.php(59): CodeIgniter\Boot::bootWeb(Object(Config\Paths))
DEBUG - 2025-09-11 03:29:21 --> Session: Class initialized using 'CodeIgniter\Session\Handlers\FileHandler' driver.
WARNING - 2025-09-11 03:29:21 --> [DEPRECATED] Creation of dynamic property App\Controllers\BlogController::$session is deprecated in APPPATH\Controllers\BlogController.php on line 13.
 1 SYSTEMPATH\CodeIgniter.php(903): App\Controllers\BlogController->__construct()
 2 SYSTEMPATH\CodeIgniter.php(498): CodeIgniter\CodeIgniter->createController()
 3 SYSTEMPATH\CodeIgniter.php(354): CodeIgniter\CodeIgniter->handleRequest(null, Object(Config\Cache), false)
 4 SYSTEMPATH\Boot.php(363): CodeIgniter\CodeIgniter->run()
 5 SYSTEMPATH\Boot.php(68): CodeIgniter\Boot::runCodeIgniter(Object(CodeIgniter\CodeIgniter))
 6 FCPATH\index.php(59): CodeIgniter\Boot::bootWeb(Object(Config\Paths))
DEBUG - 2025-09-11 03:29:21 --> Session: Class initialized using 'CodeIgniter\Session\Handlers\FileHandler' driver.
WARNING - 2025-09-11 03:29:21 --> [DEPRECATED] Creation of dynamic property App\Controllers\BlogController::$session is deprecated in APPPATH\Controllers\BlogController.php on line 13.
 1 SYSTEMPATH\CodeIgniter.php(903): App\Controllers\BlogController->__construct()
 2 SYSTEMPATH\CodeIgniter.php(498): CodeIgniter\CodeIgniter->createController()
 3 SYSTEMPATH\CodeIgniter.php(354): CodeIgniter\CodeIgniter->handleRequest(null, Object(Config\Cache), false)
 4 SYSTEMPATH\Boot.php(363): CodeIgniter\CodeIgniter->run()
 5 SYSTEMPATH\Boot.php(68): CodeIgniter\Boot::runCodeIgniter(Object(CodeIgniter\CodeIgniter))
 6 FCPATH\index.php(59): CodeIgniter\Boot::bootWeb(Object(Config\Paths))
DEBUG - 2025-09-11 03:29:39 --> Session: Class initialized using 'CodeIgniter\Session\Handlers\FileHandler' driver.
WARNING - 2025-09-11 03:29:39 --> [DEPRECATED] Creation of dynamic property App\Controllers\BlogController::$session is deprecated in APPPATH\Controllers\BlogController.php on line 13.
 1 SYSTEMPATH\CodeIgniter.php(903): App\Controllers\BlogController->__construct()
 2 SYSTEMPATH\CodeIgniter.php(498): CodeIgniter\CodeIgniter->createController()
 3 SYSTEMPATH\CodeIgniter.php(354): CodeIgniter\CodeIgniter->handleRequest(null, Object(Config\Cache), false)
 4 SYSTEMPATH\Boot.php(363): CodeIgniter\CodeIgniter->run()
 5 SYSTEMPATH\Boot.php(68): CodeIgniter\Boot::runCodeIgniter(Object(CodeIgniter\CodeIgniter))
 6 FCPATH\index.php(59): CodeIgniter\Boot::bootWeb(Object(Config\Paths))
DEBUG - 2025-09-11 03:29:44 --> Session: Class initialized using 'CodeIgniter\Session\Handlers\FileHandler' driver.
WARNING - 2025-09-11 03:29:44 --> [DEPRECATED] Creation of dynamic property App\Controllers\BlogController::$session is deprecated in APPPATH\Controllers\BlogController.php on line 13.
 1 SYSTEMPATH\CodeIgniter.php(903): App\Controllers\BlogController->__construct()
 2 SYSTEMPATH\CodeIgniter.php(498): CodeIgniter\CodeIgniter->createController()
 3 SYSTEMPATH\CodeIgniter.php(354): CodeIgniter\CodeIgniter->handleRequest(null, Object(Config\Cache), false)
 4 SYSTEMPATH\Boot.php(363): CodeIgniter\CodeIgniter->run()
 5 SYSTEMPATH\Boot.php(68): CodeIgniter\Boot::runCodeIgniter(Object(CodeIgniter\CodeIgniter))
 6 FCPATH\index.php(59): CodeIgniter\Boot::bootWeb(Object(Config\Paths))
DEBUG - 2025-09-11 03:29:44 --> Session: Class initialized using 'CodeIgniter\Session\Handlers\FileHandler' driver.
WARNING - 2025-09-11 03:29:44 --> [DEPRECATED] Creation of dynamic property App\Controllers\BlogController::$session is deprecated in APPPATH\Controllers\BlogController.php on line 13.
 1 SYSTEMPATH\CodeIgniter.php(903): App\Controllers\BlogController->__construct()
 2 SYSTEMPATH\CodeIgniter.php(498): CodeIgniter\CodeIgniter->createController()
 3 SYSTEMPATH\CodeIgniter.php(354): CodeIgniter\CodeIgniter->handleRequest(null, Object(Config\Cache), false)
 4 SYSTEMPATH\Boot.php(363): CodeIgniter\CodeIgniter->run()
 5 SYSTEMPATH\Boot.php(68): CodeIgniter\Boot::runCodeIgniter(Object(CodeIgniter\CodeIgniter))
 6 FCPATH\index.php(59): CodeIgniter\Boot::bootWeb(Object(Config\Paths))
DEBUG - 2025-09-11 03:29:45 --> Session: Class initialized using 'CodeIgniter\Session\Handlers\FileHandler' driver.
WARNING - 2025-09-11 03:29:45 --> [DEPRECATED] Creation of dynamic property App\Controllers\BlogController::$session is deprecated in APPPATH\Controllers\BlogController.php on line 13.
 1 SYSTEMPATH\CodeIgniter.php(903): App\Controllers\BlogController->__construct()
 2 SYSTEMPATH\CodeIgniter.php(498): CodeIgniter\CodeIgniter->createController()
 3 SYSTEMPATH\CodeIgniter.php(354): CodeIgniter\CodeIgniter->handleRequest(null, Object(Config\Cache), false)
 4 SYSTEMPATH\Boot.php(363): CodeIgniter\CodeIgniter->run()
 5 SYSTEMPATH\Boot.php(68): CodeIgniter\Boot::runCodeIgniter(Object(CodeIgniter\CodeIgniter))
 6 FCPATH\index.php(59): CodeIgniter\Boot::bootWeb(Object(Config\Paths))
DEBUG - 2025-09-11 03:29:45 --> Session: Class initialized using 'CodeIgniter\Session\Handlers\FileHandler' driver.
WARNING - 2025-09-11 03:29:45 --> [DEPRECATED] Creation of dynamic property App\Controllers\BlogController::$session is deprecated in APPPATH\Controllers\BlogController.php on line 13.
 1 SYSTEMPATH\CodeIgniter.php(903): App\Controllers\BlogController->__construct()
 2 SYSTEMPATH\CodeIgniter.php(498): CodeIgniter\CodeIgniter->createController()
 3 SYSTEMPATH\CodeIgniter.php(354): CodeIgniter\CodeIgniter->handleRequest(null, Object(Config\Cache), false)
 4 SYSTEMPATH\Boot.php(363): CodeIgniter\CodeIgniter->run()
 5 SYSTEMPATH\Boot.php(68): CodeIgniter\Boot::runCodeIgniter(Object(CodeIgniter\CodeIgniter))
 6 FCPATH\index.php(59): CodeIgniter\Boot::bootWeb(Object(Config\Paths))
DEBUG - 2025-09-11 04:08:26 --> Session: Class initialized using 'CodeIgniter\Session\Handlers\FileHandler' driver.
WARNING - 2025-09-11 04:08:26 --> [DEPRECATED] Creation of dynamic property App\Controllers\BlogController::$session is deprecated in APPPATH\Controllers\BlogController.php on line 13.
 1 SYSTEMPATH\CodeIgniter.php(903): App\Controllers\BlogController->__construct()
 2 SYSTEMPATH\CodeIgniter.php(498): CodeIgniter\CodeIgniter->createController()
 3 SYSTEMPATH\CodeIgniter.php(354): CodeIgniter\CodeIgniter->handleRequest(null, Object(Config\Cache), false)
 4 SYSTEMPATH\Boot.php(363): CodeIgniter\CodeIgniter->run()
 5 SYSTEMPATH\Boot.php(68): CodeIgniter\Boot::runCodeIgniter(Object(CodeIgniter\CodeIgniter))
 6 FCPATH\index.php(59): CodeIgniter\Boot::bootWeb(Object(Config\Paths))
DEBUG - 2025-09-11 04:33:15 --> Session: Class initialized using 'CodeIgniter\Session\Handlers\FileHandler' driver.
WARNING - 2025-09-11 04:33:15 --> [DEPRECATED] Creation of dynamic property App\Controllers\Admin::$session is deprecated in APPPATH\Controllers\Admin.php on line 11.
 1 SYSTEMPATH\CodeIgniter.php(903): App\Controllers\Admin->__construct()
 2 SYSTEMPATH\CodeIgniter.php(498): CodeIgniter\CodeIgniter->createController()
 3 SYSTEMPATH\CodeIgniter.php(354): CodeIgniter\CodeIgniter->handleRequest(null, Object(Config\Cache), false)
 4 SYSTEMPATH\Boot.php(363): CodeIgniter\CodeIgniter->run()
 5 SYSTEMPATH\Boot.php(68): CodeIgniter\Boot::runCodeIgniter(Object(CodeIgniter\CodeIgniter))
 6 FCPATH\index.php(59): CodeIgniter\Boot::bootWeb(Object(Config\Paths))
DEBUG - 2025-09-11 04:33:17 --> Session: Class initialized using 'CodeIgniter\Session\Handlers\FileHandler' driver.
WARNING - 2025-09-11 04:33:17 --> [DEPRECATED] Creation of dynamic property App\Controllers\Admin::$session is deprecated in APPPATH\Controllers\Admin.php on line 11.
 1 SYSTEMPATH\CodeIgniter.php(903): App\Controllers\Admin->__construct()
 2 SYSTEMPATH\CodeIgniter.php(498): CodeIgniter\CodeIgniter->createController()
 3 SYSTEMPATH\CodeIgniter.php(354): CodeIgniter\CodeIgniter->handleRequest(null, Object(Config\Cache), false)
 4 SYSTEMPATH\Boot.php(363): CodeIgniter\CodeIgniter->run()
 5 SYSTEMPATH\Boot.php(68): CodeIgniter\Boot::runCodeIgniter(Object(CodeIgniter\CodeIgniter))
 6 FCPATH\index.php(59): CodeIgniter\Boot::bootWeb(Object(Config\Paths))
DEBUG - 2025-09-11 04:33:20 --> Session: Class initialized using 'CodeIgniter\Session\Handlers\FileHandler' driver.
WARNING - 2025-09-11 04:33:20 --> [DEPRECATED] Creation of dynamic property App\Controllers\Admin::$session is deprecated in APPPATH\Controllers\Admin.php on line 11.
 1 SYSTEMPATH\CodeIgniter.php(903): App\Controllers\Admin->__construct()
 2 SYSTEMPATH\CodeIgniter.php(498): CodeIgniter\CodeIgniter->createController()
 3 SYSTEMPATH\CodeIgniter.php(354): CodeIgniter\CodeIgniter->handleRequest(null, Object(Config\Cache), false)
 4 SYSTEMPATH\Boot.php(363): CodeIgniter\CodeIgniter->run()
 5 SYSTEMPATH\Boot.php(68): CodeIgniter\Boot::runCodeIgniter(Object(CodeIgniter\CodeIgniter))
 6 FCPATH\index.php(59): CodeIgniter\Boot::bootWeb(Object(Config\Paths))
DEBUG - 2025-09-11 04:37:21 --> Session: Class initialized using 'CodeIgniter\Session\Handlers\FileHandler' driver.
WARNING - 2025-09-11 04:37:21 --> [DEPRECATED] Creation of dynamic property App\Controllers\Admin::$session is deprecated in APPPATH\Controllers\Admin.php on line 11.
 1 SYSTEMPATH\CodeIgniter.php(903): App\Controllers\Admin->__construct()
 2 SYSTEMPATH\CodeIgniter.php(498): CodeIgniter\CodeIgniter->createController()
 3 SYSTEMPATH\CodeIgniter.php(354): CodeIgniter\CodeIgniter->handleRequest(null, Object(Config\Cache), false)
 4 SYSTEMPATH\Boot.php(363): CodeIgniter\CodeIgniter->run()
 5 SYSTEMPATH\Boot.php(68): CodeIgniter\Boot::runCodeIgniter(Object(CodeIgniter\CodeIgniter))
 6 FCPATH\index.php(59): CodeIgniter\Boot::bootWeb(Object(Config\Paths))
DEBUG - 2025-09-11 04:37:24 --> Session: Class initialized using 'CodeIgniter\Session\Handlers\FileHandler' driver.
WARNING - 2025-09-11 04:37:24 --> [DEPRECATED] Creation of dynamic property App\Controllers\BlogController::$session is deprecated in APPPATH\Controllers\BlogController.php on line 13.
 1 SYSTEMPATH\CodeIgniter.php(903): App\Controllers\BlogController->__construct()
 2 SYSTEMPATH\CodeIgniter.php(498): CodeIgniter\CodeIgniter->createController()
 3 SYSTEMPATH\CodeIgniter.php(354): CodeIgniter\CodeIgniter->handleRequest(null, Object(Config\Cache), false)
 4 SYSTEMPATH\Boot.php(363): CodeIgniter\CodeIgniter->run()
 5 SYSTEMPATH\Boot.php(68): CodeIgniter\Boot::runCodeIgniter(Object(CodeIgniter\CodeIgniter))
 6 FCPATH\index.php(59): CodeIgniter\Boot::bootWeb(Object(Config\Paths))
DEBUG - 2025-09-11 04:37:24 --> Session: Class initialized using 'CodeIgniter\Session\Handlers\FileHandler' driver.
WARNING - 2025-09-11 04:37:24 --> [DEPRECATED] Creation of dynamic property App\Controllers\BlogController::$session is deprecated in APPPATH\Controllers\BlogController.php on line 13.
 1 SYSTEMPATH\CodeIgniter.php(903): App\Controllers\BlogController->__construct()
 2 SYSTEMPATH\CodeIgniter.php(498): CodeIgniter\CodeIgniter->createController()
 3 SYSTEMPATH\CodeIgniter.php(354): CodeIgniter\CodeIgniter->handleRequest(null, Object(Config\Cache), false)
 4 SYSTEMPATH\Boot.php(363): CodeIgniter\CodeIgniter->run()
 5 SYSTEMPATH\Boot.php(68): CodeIgniter\Boot::runCodeIgniter(Object(CodeIgniter\CodeIgniter))
 6 FCPATH\index.php(59): CodeIgniter\Boot::bootWeb(Object(Config\Paths))
DEBUG - 2025-09-11 04:37:25 --> Session: Class initialized using 'CodeIgniter\Session\Handlers\FileHandler' driver.
WARNING - 2025-09-11 04:37:25 --> [DEPRECATED] Creation of dynamic property App\Controllers\Admin::$session is deprecated in APPPATH\Controllers\Admin.php on line 11.
 1 SYSTEMPATH\CodeIgniter.php(903): App\Controllers\Admin->__construct()
 2 SYSTEMPATH\CodeIgniter.php(498): CodeIgniter\CodeIgniter->createController()
 3 SYSTEMPATH\CodeIgniter.php(354): CodeIgniter\CodeIgniter->handleRequest(null, Object(Config\Cache), false)
 4 SYSTEMPATH\Boot.php(363): CodeIgniter\CodeIgniter->run()
 5 SYSTEMPATH\Boot.php(68): CodeIgniter\Boot::runCodeIgniter(Object(CodeIgniter\CodeIgniter))
 6 FCPATH\index.php(59): CodeIgniter\Boot::bootWeb(Object(Config\Paths))
DEBUG - 2025-09-11 04:37:26 --> Session: Class initialized using 'CodeIgniter\Session\Handlers\FileHandler' driver.
WARNING - 2025-09-11 04:37:26 --> [DEPRECATED] Creation of dynamic property App\Controllers\Admin::$session is deprecated in APPPATH\Controllers\Admin.php on line 11.
 1 SYSTEMPATH\CodeIgniter.php(903): App\Controllers\Admin->__construct()
 2 SYSTEMPATH\CodeIgniter.php(498): CodeIgniter\CodeIgniter->createController()
 3 SYSTEMPATH\CodeIgniter.php(354): CodeIgniter\CodeIgniter->handleRequest(null, Object(Config\Cache), false)
 4 SYSTEMPATH\Boot.php(363): CodeIgniter\CodeIgniter->run()
 5 SYSTEMPATH\Boot.php(68): CodeIgniter\Boot::runCodeIgniter(Object(CodeIgniter\CodeIgniter))
 6 FCPATH\index.php(59): CodeIgniter\Boot::bootWeb(Object(Config\Paths))
DEBUG - 2025-09-11 04:37:27 --> Session: Class initialized using 'CodeIgniter\Session\Handlers\FileHandler' driver.
WARNING - 2025-09-11 04:37:27 --> [DEPRECATED] Creation of dynamic property App\Controllers\Admin::$session is deprecated in APPPATH\Controllers\Admin.php on line 11.
 1 SYSTEMPATH\CodeIgniter.php(903): App\Controllers\Admin->__construct()
 2 SYSTEMPATH\CodeIgniter.php(498): CodeIgniter\CodeIgniter->createController()
 3 SYSTEMPATH\CodeIgniter.php(354): CodeIgniter\CodeIgniter->handleRequest(null, Object(Config\Cache), false)
 4 SYSTEMPATH\Boot.php(363): CodeIgniter\CodeIgniter->run()
 5 SYSTEMPATH\Boot.php(68): CodeIgniter\Boot::runCodeIgniter(Object(CodeIgniter\CodeIgniter))
 6 FCPATH\index.php(59): CodeIgniter\Boot::bootWeb(Object(Config\Paths))
DEBUG - 2025-09-11 05:01:05 --> Session: Class initialized using 'CodeIgniter\Session\Handlers\FileHandler' driver.
WARNING - 2025-09-11 05:01:05 --> [DEPRECATED] Creation of dynamic property App\Controllers\Admin::$session is deprecated in APPPATH\Controllers\Admin.php on line 11.
 1 SYSTEMPATH\CodeIgniter.php(903): App\Controllers\Admin->__construct()
 2 SYSTEMPATH\CodeIgniter.php(498): CodeIgniter\CodeIgniter->createController()
 3 SYSTEMPATH\CodeIgniter.php(354): CodeIgniter\CodeIgniter->handleRequest(null, Object(Config\Cache), false)
 4 SYSTEMPATH\Boot.php(363): CodeIgniter\CodeIgniter->run()
 5 SYSTEMPATH\Boot.php(68): CodeIgniter\Boot::runCodeIgniter(Object(CodeIgniter\CodeIgniter))
 6 FCPATH\index.php(59): CodeIgniter\Boot::bootWeb(Object(Config\Paths))
DEBUG - 2025-09-11 05:01:15 --> Session: Class initialized using 'CodeIgniter\Session\Handlers\FileHandler' driver.
WARNING - 2025-09-11 05:01:15 --> [DEPRECATED] Creation of dynamic property App\Controllers\BlogController::$session is deprecated in APPPATH\Controllers\BlogController.php on line 13.
 1 SYSTEMPATH\CodeIgniter.php(903): App\Controllers\BlogController->__construct()
 2 SYSTEMPATH\CodeIgniter.php(498): CodeIgniter\CodeIgniter->createController()
 3 SYSTEMPATH\CodeIgniter.php(354): CodeIgniter\CodeIgniter->handleRequest(null, Object(Config\Cache), false)
 4 SYSTEMPATH\Boot.php(363): CodeIgniter\CodeIgniter->run()
 5 SYSTEMPATH\Boot.php(68): CodeIgniter\Boot::runCodeIgniter(Object(CodeIgniter\CodeIgniter))
 6 FCPATH\index.php(59): CodeIgniter\Boot::bootWeb(Object(Config\Paths))
DEBUG - 2025-09-11 05:01:15 --> Session: Class initialized using 'CodeIgniter\Session\Handlers\FileHandler' driver.
WARNING - 2025-09-11 05:01:15 --> [DEPRECATED] Creation of dynamic property App\Controllers\BlogController::$session is deprecated in APPPATH\Controllers\BlogController.php on line 13.
 1 SYSTEMPATH\CodeIgniter.php(903): App\Controllers\BlogController->__construct()
 2 SYSTEMPATH\CodeIgniter.php(498): CodeIgniter\CodeIgniter->createController()
 3 SYSTEMPATH\CodeIgniter.php(354): CodeIgniter\CodeIgniter->handleRequest(null, Object(Config\Cache), false)
 4 SYSTEMPATH\Boot.php(363): CodeIgniter\CodeIgniter->run()
 5 SYSTEMPATH\Boot.php(68): CodeIgniter\Boot::runCodeIgniter(Object(CodeIgniter\CodeIgniter))
 6 FCPATH\index.php(59): CodeIgniter\Boot::bootWeb(Object(Config\Paths))
DEBUG - 2025-09-11 05:01:46 --> Session: Class initialized using 'CodeIgniter\Session\Handlers\FileHandler' driver.
WARNING - 2025-09-11 05:01:46 --> [DEPRECATED] Creation of dynamic property App\Controllers\BlogController::$session is deprecated in APPPATH\Controllers\BlogController.php on line 13.
 1 SYSTEMPATH\CodeIgniter.php(903): App\Controllers\BlogController->__construct()
 2 SYSTEMPATH\CodeIgniter.php(498): CodeIgniter\CodeIgniter->createController()
 3 SYSTEMPATH\CodeIgniter.php(354): CodeIgniter\CodeIgniter->handleRequest(null, Object(Config\Cache), false)
 4 SYSTEMPATH\Boot.php(363): CodeIgniter\CodeIgniter->run()
 5 SYSTEMPATH\Boot.php(68): CodeIgniter\Boot::runCodeIgniter(Object(CodeIgniter\CodeIgniter))
 6 FCPATH\index.php(59): CodeIgniter\Boot::bootWeb(Object(Config\Paths))
DEBUG - 2025-09-11 05:01:56 --> Session: Class initialized using 'CodeIgniter\Session\Handlers\FileHandler' driver.
WARNING - 2025-09-11 05:01:56 --> [DEPRECATED] Creation of dynamic property App\Controllers\BlogController::$session is deprecated in APPPATH\Controllers\BlogController.php on line 13.
 1 SYSTEMPATH\CodeIgniter.php(903): App\Controllers\BlogController->__construct()
 2 SYSTEMPATH\CodeIgniter.php(498): CodeIgniter\CodeIgniter->createController()
 3 SYSTEMPATH\CodeIgniter.php(354): CodeIgniter\CodeIgniter->handleRequest(null, Object(Config\Cache), false)
 4 SYSTEMPATH\Boot.php(363): CodeIgniter\CodeIgniter->run()
 5 SYSTEMPATH\Boot.php(68): CodeIgniter\Boot::runCodeIgniter(Object(CodeIgniter\CodeIgniter))
 6 FCPATH\index.php(59): CodeIgniter\Boot::bootWeb(Object(Config\Paths))
DEBUG - 2025-09-11 05:01:56 --> Session: Class initialized using 'CodeIgniter\Session\Handlers\FileHandler' driver.
WARNING - 2025-09-11 05:01:56 --> [DEPRECATED] Creation of dynamic property App\Controllers\BlogController::$session is deprecated in APPPATH\Controllers\BlogController.php on line 13.
 1 SYSTEMPATH\CodeIgniter.php(903): App\Controllers\BlogController->__construct()
 2 SYSTEMPATH\CodeIgniter.php(498): CodeIgniter\CodeIgniter->createController()
 3 SYSTEMPATH\CodeIgniter.php(354): CodeIgniter\CodeIgniter->handleRequest(null, Object(Config\Cache), false)
 4 SYSTEMPATH\Boot.php(363): CodeIgniter\CodeIgniter->run()
 5 SYSTEMPATH\Boot.php(68): CodeIgniter\Boot::runCodeIgniter(Object(CodeIgniter\CodeIgniter))
 6 FCPATH\index.php(59): CodeIgniter\Boot::bootWeb(Object(Config\Paths))
DEBUG - 2025-09-11 05:01:57 --> Session: Class initialized using 'CodeIgniter\Session\Handlers\FileHandler' driver.
WARNING - 2025-09-11 05:01:57 --> [DEPRECATED] Creation of dynamic property App\Controllers\BlogController::$session is deprecated in APPPATH\Controllers\BlogController.php on line 13.
 1 SYSTEMPATH\CodeIgniter.php(903): App\Controllers\BlogController->__construct()
 2 SYSTEMPATH\CodeIgniter.php(498): CodeIgniter\CodeIgniter->createController()
 3 SYSTEMPATH\CodeIgniter.php(354): CodeIgniter\CodeIgniter->handleRequest(null, Object(Config\Cache), false)
 4 SYSTEMPATH\Boot.php(363): CodeIgniter\CodeIgniter->run()
 5 SYSTEMPATH\Boot.php(68): CodeIgniter\Boot::runCodeIgniter(Object(CodeIgniter\CodeIgniter))
 6 FCPATH\index.php(59): CodeIgniter\Boot::bootWeb(Object(Config\Paths))
DEBUG - 2025-09-11 05:01:57 --> Session: Class initialized using 'CodeIgniter\Session\Handlers\FileHandler' driver.
WARNING - 2025-09-11 05:01:57 --> [DEPRECATED] Creation of dynamic property App\Controllers\BlogController::$session is deprecated in APPPATH\Controllers\BlogController.php on line 13.
 1 SYSTEMPATH\CodeIgniter.php(903): App\Controllers\BlogController->__construct()
 2 SYSTEMPATH\CodeIgniter.php(498): CodeIgniter\CodeIgniter->createController()
 3 SYSTEMPATH\CodeIgniter.php(354): CodeIgniter\CodeIgniter->handleRequest(null, Object(Config\Cache), false)
 4 SYSTEMPATH\Boot.php(363): CodeIgniter\CodeIgniter->run()
 5 SYSTEMPATH\Boot.php(68): CodeIgniter\Boot::runCodeIgniter(Object(CodeIgniter\CodeIgniter))
 6 FCPATH\index.php(59): CodeIgniter\Boot::bootWeb(Object(Config\Paths))
DEBUG - 2025-09-11 05:01:59 --> Session: Class initialized using 'CodeIgniter\Session\Handlers\FileHandler' driver.
WARNING - 2025-09-11 05:01:59 --> [DEPRECATED] Creation of dynamic property App\Controllers\BlogController::$session is deprecated in APPPATH\Controllers\BlogController.php on line 13.
 1 SYSTEMPATH\CodeIgniter.php(903): App\Controllers\BlogController->__construct()
 2 SYSTEMPATH\CodeIgniter.php(498): CodeIgniter\CodeIgniter->createController()
 3 SYSTEMPATH\CodeIgniter.php(354): CodeIgniter\CodeIgniter->handleRequest(null, Object(Config\Cache), false)
 4 SYSTEMPATH\Boot.php(363): CodeIgniter\CodeIgniter->run()
 5 SYSTEMPATH\Boot.php(68): CodeIgniter\Boot::runCodeIgniter(Object(CodeIgniter\CodeIgniter))
 6 FCPATH\index.php(59): CodeIgniter\Boot::bootWeb(Object(Config\Paths))
DEBUG - 2025-09-11 06:34:52 --> Session: Class initialized using 'CodeIgniter\Session\Handlers\FileHandler' driver.
WARNING - 2025-09-11 06:34:52 --> [DEPRECATED] Creation of dynamic property App\Controllers\Auth::$session is deprecated in APPPATH\Controllers\Auth.php on line 11.
 1 SYSTEMPATH\CodeIgniter.php(903): App\Controllers\Auth->__construct()
 2 SYSTEMPATH\CodeIgniter.php(498): CodeIgniter\CodeIgniter->createController()
 3 SYSTEMPATH\CodeIgniter.php(354): CodeIgniter\CodeIgniter->handleRequest(null, Object(Config\Cache), false)
 4 SYSTEMPATH\Boot.php(363): CodeIgniter\CodeIgniter->run()
 5 SYSTEMPATH\Boot.php(68): CodeIgniter\Boot::runCodeIgniter(Object(CodeIgniter\CodeIgniter))
 6 FCPATH\index.php(59): CodeIgniter\Boot::bootWeb(Object(Config\Paths))
DEBUG - 2025-09-11 06:34:54 --> Session: Class initialized using 'CodeIgniter\Session\Handlers\FileHandler' driver.
WARNING - 2025-09-11 06:34:54 --> [DEPRECATED] Creation of dynamic property App\Controllers\Admin::$session is deprecated in APPPATH\Controllers\Admin.php on line 11.
 1 SYSTEMPATH\CodeIgniter.php(903): App\Controllers\Admin->__construct()
 2 SYSTEMPATH\CodeIgniter.php(498): CodeIgniter\CodeIgniter->createController()
 3 SYSTEMPATH\CodeIgniter.php(354): CodeIgniter\CodeIgniter->handleRequest(null, Object(Config\Cache), false)
 4 SYSTEMPATH\Boot.php(363): CodeIgniter\CodeIgniter->run()
 5 SYSTEMPATH\Boot.php(68): CodeIgniter\Boot::runCodeIgniter(Object(CodeIgniter\CodeIgniter))
 6 FCPATH\index.php(59): CodeIgniter\Boot::bootWeb(Object(Config\Paths))
DEBUG - 2025-09-11 06:38:15 --> Session: Class initialized using 'CodeIgniter\Session\Handlers\FileHandler' driver.
WARNING - 2025-09-11 06:38:15 --> [DEPRECATED] Creation of dynamic property App\Controllers\ContactController::$session is deprecated in APPPATH\Controllers\ContactController.php on line 12.
 1 SYSTEMPATH\CodeIgniter.php(903): App\Controllers\ContactController->__construct()
 2 SYSTEMPATH\CodeIgniter.php(498): CodeIgniter\CodeIgniter->createController()
 3 SYSTEMPATH\CodeIgniter.php(354): CodeIgniter\CodeIgniter->handleRequest(null, Object(Config\Cache), false)
 4 SYSTEMPATH\Boot.php(363): CodeIgniter\CodeIgniter->run()
 5 SYSTEMPATH\Boot.php(68): CodeIgniter\Boot::runCodeIgniter(Object(CodeIgniter\CodeIgniter))
 6 FCPATH\index.php(59): CodeIgniter\Boot::bootWeb(Object(Config\Paths))
DEBUG - 2025-09-11 06:38:18 --> Session: Class initialized using 'CodeIgniter\Session\Handlers\FileHandler' driver.
WARNING - 2025-09-11 06:38:18 --> [DEPRECATED] Creation of dynamic property App\Controllers\ContactController::$session is deprecated in APPPATH\Controllers\ContactController.php on line 12.
 1 SYSTEMPATH\CodeIgniter.php(903): App\Controllers\ContactController->__construct()
 2 SYSTEMPATH\CodeIgniter.php(498): CodeIgniter\CodeIgniter->createController()
 3 SYSTEMPATH\CodeIgniter.php(354): CodeIgniter\CodeIgniter->handleRequest(null, Object(Config\Cache), false)
 4 SYSTEMPATH\Boot.php(363): CodeIgniter\CodeIgniter->run()
 5 SYSTEMPATH\Boot.php(68): CodeIgniter\Boot::runCodeIgniter(Object(CodeIgniter\CodeIgniter))
 6 FCPATH\index.php(59): CodeIgniter\Boot::bootWeb(Object(Config\Paths))
DEBUG - 2025-09-11 06:38:25 --> Session: Class initialized using 'CodeIgniter\Session\Handlers\FileHandler' driver.
WARNING - 2025-09-11 06:38:25 --> [DEPRECATED] Creation of dynamic property App\Controllers\ContactController::$session is deprecated in APPPATH\Controllers\ContactController.php on line 12.
 1 SYSTEMPATH\CodeIgniter.php(903): App\Controllers\ContactController->__construct()
 2 SYSTEMPATH\CodeIgniter.php(498): CodeIgniter\CodeIgniter->createController()
 3 SYSTEMPATH\CodeIgniter.php(354): CodeIgniter\CodeIgniter->handleRequest(null, Object(Config\Cache), false)
 4 SYSTEMPATH\Boot.php(363): CodeIgniter\CodeIgniter->run()
 5 SYSTEMPATH\Boot.php(68): CodeIgniter\Boot::runCodeIgniter(Object(CodeIgniter\CodeIgniter))
 6 FCPATH\index.php(59): CodeIgniter\Boot::bootWeb(Object(Config\Paths))
DEBUG - 2025-09-11 06:38:25 --> Session: Class initialized using 'CodeIgniter\Session\Handlers\FileHandler' driver.
WARNING - 2025-09-11 06:38:25 --> [DEPRECATED] Creation of dynamic property App\Controllers\ContactController::$session is deprecated in APPPATH\Controllers\ContactController.php on line 12.
 1 SYSTEMPATH\CodeIgniter.php(903): App\Controllers\ContactController->__construct()
 2 SYSTEMPATH\CodeIgniter.php(498): CodeIgniter\CodeIgniter->createController()
 3 SYSTEMPATH\CodeIgniter.php(354): CodeIgniter\CodeIgniter->handleRequest(null, Object(Config\Cache), false)
 4 SYSTEMPATH\Boot.php(363): CodeIgniter\CodeIgniter->run()
 5 SYSTEMPATH\Boot.php(68): CodeIgniter\Boot::runCodeIgniter(Object(CodeIgniter\CodeIgniter))
 6 FCPATH\index.php(59): CodeIgniter\Boot::bootWeb(Object(Config\Paths))
DEBUG - 2025-09-11 06:38:32 --> Session: Class initialized using 'CodeIgniter\Session\Handlers\FileHandler' driver.
WARNING - 2025-09-11 06:38:32 --> [DEPRECATED] Creation of dynamic property App\Controllers\ContactController::$session is deprecated in APPPATH\Controllers\ContactController.php on line 12.
 1 SYSTEMPATH\CodeIgniter.php(903): App\Controllers\ContactController->__construct()
 2 SYSTEMPATH\CodeIgniter.php(498): CodeIgniter\CodeIgniter->createController()
 3 SYSTEMPATH\CodeIgniter.php(354): CodeIgniter\CodeIgniter->handleRequest(null, Object(Config\Cache), false)
 4 SYSTEMPATH\Boot.php(363): CodeIgniter\CodeIgniter->run()
 5 SYSTEMPATH\Boot.php(68): CodeIgniter\Boot::runCodeIgniter(Object(CodeIgniter\CodeIgniter))
 6 FCPATH\index.php(59): CodeIgniter\Boot::bootWeb(Object(Config\Paths))
DEBUG - 2025-09-11 07:06:26 --> Session: Class initialized using 'CodeIgniter\Session\Handlers\FileHandler' driver.
WARNING - 2025-09-11 07:06:26 --> [DEPRECATED] Creation of dynamic property App\Controllers\BlogController::$session is deprecated in APPPATH\Controllers\BlogController.php on line 13.
 1 SYSTEMPATH\CodeIgniter.php(903): App\Controllers\BlogController->__construct()
 2 SYSTEMPATH\CodeIgniter.php(498): CodeIgniter\CodeIgniter->createController()
 3 SYSTEMPATH\CodeIgniter.php(354): CodeIgniter\CodeIgniter->handleRequest(null, Object(Config\Cache), false)
 4 SYSTEMPATH\Boot.php(363): CodeIgniter\CodeIgniter->run()
 5 SYSTEMPATH\Boot.php(68): CodeIgniter\Boot::runCodeIgniter(Object(CodeIgniter\CodeIgniter))
 6 FCPATH\index.php(59): CodeIgniter\Boot::bootWeb(Object(Config\Paths))
DEBUG - 2025-09-11 07:06:26 --> Session: Class initialized using 'CodeIgniter\Session\Handlers\FileHandler' driver.
WARNING - 2025-09-11 07:06:26 --> [DEPRECATED] Creation of dynamic property App\Controllers\BlogController::$session is deprecated in APPPATH\Controllers\BlogController.php on line 13.
 1 SYSTEMPATH\CodeIgniter.php(903): App\Controllers\BlogController->__construct()
 2 SYSTEMPATH\CodeIgniter.php(498): CodeIgniter\CodeIgniter->createController()
 3 SYSTEMPATH\CodeIgniter.php(354): CodeIgniter\CodeIgniter->handleRequest(null, Object(Config\Cache), false)
 4 SYSTEMPATH\Boot.php(363): CodeIgniter\CodeIgniter->run()
 5 SYSTEMPATH\Boot.php(68): CodeIgniter\Boot::runCodeIgniter(Object(CodeIgniter\CodeIgniter))
 6 FCPATH\index.php(59): CodeIgniter\Boot::bootWeb(Object(Config\Paths))
DEBUG - 2025-09-11 07:20:37 --> Session: Class initialized using 'CodeIgniter\Session\Handlers\FileHandler' driver.
WARNING - 2025-09-11 07:20:37 --> [DEPRECATED] Creation of dynamic property App\Controllers\Admin::$session is deprecated in APPPATH\Controllers\Admin.php on line 11.
 1 SYSTEMPATH\CodeIgniter.php(903): App\Controllers\Admin->__construct()
 2 SYSTEMPATH\CodeIgniter.php(498): CodeIgniter\CodeIgniter->createController()
 3 SYSTEMPATH\CodeIgniter.php(354): CodeIgniter\CodeIgniter->handleRequest(null, Object(Config\Cache), false)
 4 SYSTEMPATH\Boot.php(363): CodeIgniter\CodeIgniter->run()
 5 SYSTEMPATH\Boot.php(68): CodeIgniter\Boot::runCodeIgniter(Object(CodeIgniter\CodeIgniter))
 6 FCPATH\index.php(59): CodeIgniter\Boot::bootWeb(Object(Config\Paths))
DEBUG - 2025-09-11 07:20:39 --> Session: Class initialized using 'CodeIgniter\Session\Handlers\FileHandler' driver.
WARNING - 2025-09-11 07:20:39 --> [DEPRECATED] Creation of dynamic property App\Controllers\Admin::$session is deprecated in APPPATH\Controllers\Admin.php on line 11.
 1 SYSTEMPATH\CodeIgniter.php(903): App\Controllers\Admin->__construct()
 2 SYSTEMPATH\CodeIgniter.php(498): CodeIgniter\CodeIgniter->createController()
 3 SYSTEMPATH\CodeIgniter.php(354): CodeIgniter\CodeIgniter->handleRequest(null, Object(Config\Cache), false)
 4 SYSTEMPATH\Boot.php(363): CodeIgniter\CodeIgniter->run()
 5 SYSTEMPATH\Boot.php(68): CodeIgniter\Boot::runCodeIgniter(Object(CodeIgniter\CodeIgniter))
 6 FCPATH\index.php(59): CodeIgniter\Boot::bootWeb(Object(Config\Paths))
DEBUG - 2025-09-11 07:20:42 --> Session: Class initialized using 'CodeIgniter\Session\Handlers\FileHandler' driver.
WARNING - 2025-09-11 07:20:42 --> [DEPRECATED] Creation of dynamic property App\Controllers\Admin::$session is deprecated in APPPATH\Controllers\Admin.php on line 11.
 1 SYSTEMPATH\CodeIgniter.php(903): App\Controllers\Admin->__construct()
 2 SYSTEMPATH\CodeIgniter.php(498): CodeIgniter\CodeIgniter->createController()
 3 SYSTEMPATH\CodeIgniter.php(354): CodeIgniter\CodeIgniter->handleRequest(null, Object(Config\Cache), false)
 4 SYSTEMPATH\Boot.php(363): CodeIgniter\CodeIgniter->run()
 5 SYSTEMPATH\Boot.php(68): CodeIgniter\Boot::runCodeIgniter(Object(CodeIgniter\CodeIgniter))
 6 FCPATH\index.php(59): CodeIgniter\Boot::bootWeb(Object(Config\Paths))
DEBUG - 2025-09-11 07:20:44 --> Session: Class initialized using 'CodeIgniter\Session\Handlers\FileHandler' driver.
WARNING - 2025-09-11 07:20:44 --> [DEPRECATED] Creation of dynamic property App\Controllers\BlogController::$session is deprecated in APPPATH\Controllers\BlogController.php on line 13.
 1 SYSTEMPATH\CodeIgniter.php(903): App\Controllers\BlogController->__construct()
 2 SYSTEMPATH\CodeIgniter.php(498): CodeIgniter\CodeIgniter->createController()
 3 SYSTEMPATH\CodeIgniter.php(354): CodeIgniter\CodeIgniter->handleRequest(null, Object(Config\Cache), false)
 4 SYSTEMPATH\Boot.php(363): CodeIgniter\CodeIgniter->run()
 5 SYSTEMPATH\Boot.php(68): CodeIgniter\Boot::runCodeIgniter(Object(CodeIgniter\CodeIgniter))
 6 FCPATH\index.php(59): CodeIgniter\Boot::bootWeb(Object(Config\Paths))
DEBUG - 2025-09-11 07:20:44 --> Session: Class initialized using 'CodeIgniter\Session\Handlers\FileHandler' driver.
WARNING - 2025-09-11 07:20:44 --> [DEPRECATED] Creation of dynamic property App\Controllers\BlogController::$session is deprecated in APPPATH\Controllers\BlogController.php on line 13.
 1 SYSTEMPATH\CodeIgniter.php(903): App\Controllers\BlogController->__construct()
 2 SYSTEMPATH\CodeIgniter.php(498): CodeIgniter\CodeIgniter->createController()
 3 SYSTEMPATH\CodeIgniter.php(354): CodeIgniter\CodeIgniter->handleRequest(null, Object(Config\Cache), false)
 4 SYSTEMPATH\Boot.php(363): CodeIgniter\CodeIgniter->run()
 5 SYSTEMPATH\Boot.php(68): CodeIgniter\Boot::runCodeIgniter(Object(CodeIgniter\CodeIgniter))
 6 FCPATH\index.php(59): CodeIgniter\Boot::bootWeb(Object(Config\Paths))
DEBUG - 2025-09-11 07:20:46 --> Session: Class initialized using 'CodeIgniter\Session\Handlers\FileHandler' driver.
WARNING - 2025-09-11 07:20:47 --> [DEPRECATED] Creation of dynamic property App\Controllers\BookingController::$session is deprecated in APPPATH\Controllers\BookingController.php on line 21.
 1 SYSTEMPATH\CodeIgniter.php(903): App\Controllers\BookingController->__construct()
 2 SYSTEMPATH\CodeIgniter.php(498): CodeIgniter\CodeIgniter->createController()
 3 SYSTEMPATH\CodeIgniter.php(354): CodeIgniter\CodeIgniter->handleRequest(null, Object(Config\Cache), false)
 4 SYSTEMPATH\Boot.php(363): CodeIgniter\CodeIgniter->run()
 5 SYSTEMPATH\Boot.php(68): CodeIgniter\Boot::runCodeIgniter(Object(CodeIgniter\CodeIgniter))
 6 FCPATH\index.php(59): CodeIgniter\Boot::bootWeb(Object(Config\Paths))
DEBUG - 2025-09-11 07:20:50 --> Session: Class initialized using 'CodeIgniter\Session\Handlers\FileHandler' driver.
WARNING - 2025-09-11 07:20:50 --> [DEPRECATED] Creation of dynamic property App\Controllers\BookingController::$session is deprecated in APPPATH\Controllers\BookingController.php on line 21.
 1 SYSTEMPATH\CodeIgniter.php(903): App\Controllers\BookingController->__construct()
 2 SYSTEMPATH\CodeIgniter.php(498): CodeIgniter\CodeIgniter->createController()
 3 SYSTEMPATH\CodeIgniter.php(354): CodeIgniter\CodeIgniter->handleRequest(null, Object(Config\Cache), false)
 4 SYSTEMPATH\Boot.php(363): CodeIgniter\CodeIgniter->run()
 5 SYSTEMPATH\Boot.php(68): CodeIgniter\Boot::runCodeIgniter(Object(CodeIgniter\CodeIgniter))
 6 FCPATH\index.php(59): CodeIgniter\Boot::bootWeb(Object(Config\Paths))
CRITICAL - 2025-09-11 07:20:50 --> ErrorException: Undefined array key "customer_name"
[Method: GET, Route: admin/bookings/24]
in APPPATH\Views\admin\bookings\show.php on line 11.
 1 APPPATH\Views\admin\bookings\show.php(11): CodeIgniter\Debug\Exceptions->errorHandler(2, 'Undefined array key "customer_name"', 'C:\\Users\\Administrator\\Documents\\GITHUB\\KAPAL-FE-HTML\\dashboard-dir\\app\\Views\\admin\\bookings\\show.php', 11)
 2 SYSTEMPATH\View\View.php(226): include('C:\\Users\\Administrator\\Documents\\GITHUB\\KAPAL-FE-HTML\\dashboard-dir\\app\\Views\\admin\\bookings\\show.php')
 3 SYSTEMPATH\View\View.php(229): CodeIgniter\View\View->CodeIgniter\View\{closure}()
 4 SYSTEMPATH\Common.php(1167): CodeIgniter\View\View->render('admin/bookings/show', [], true)
 5 APPPATH\Controllers\BookingController.php(53): view('admin/bookings/show', [...])
 6 SYSTEMPATH\CodeIgniter.php(933): App\Controllers\BookingController->show('24')
 7 SYSTEMPATH\CodeIgniter.php(507): CodeIgniter\CodeIgniter->runController(Object(App\Controllers\BookingController))
 8 SYSTEMPATH\CodeIgniter.php(354): CodeIgniter\CodeIgniter->handleRequest(null, Object(Config\Cache), false)
 9 SYSTEMPATH\Boot.php(363): CodeIgniter\CodeIgniter->run()
10 SYSTEMPATH\Boot.php(68): CodeIgniter\Boot::runCodeIgniter(Object(CodeIgniter\CodeIgniter))
11 FCPATH\index.php(59): CodeIgniter\Boot::bootWeb(Object(Config\Paths))
DEBUG - 2025-09-11 07:39:36 --> Session: Class initialized using 'CodeIgniter\Session\Handlers\FileHandler' driver.
WARNING - 2025-09-11 07:39:36 --> [DEPRECATED] Creation of dynamic property App\Controllers\CheckinController::$session is deprecated in APPPATH\Controllers\CheckinController.php on line 18.
 1 SYSTEMPATH\CodeIgniter.php(903): App\Controllers\CheckinController->__construct()
 2 SYSTEMPATH\CodeIgniter.php(498): CodeIgniter\CodeIgniter->createController()
 3 SYSTEMPATH\CodeIgniter.php(354): CodeIgniter\CodeIgniter->handleRequest(null, Object(Config\Cache), false)
 4 SYSTEMPATH\Boot.php(363): CodeIgniter\CodeIgniter->run()
 5 SYSTEMPATH\Boot.php(68): CodeIgniter\Boot::runCodeIgniter(Object(CodeIgniter\CodeIgniter))
 6 FCPATH\index.php(59): CodeIgniter\Boot::bootWeb(Object(Config\Paths))
DEBUG - 2025-09-11 07:39:37 --> Session: Class initialized using 'CodeIgniter\Session\Handlers\FileHandler' driver.
WARNING - 2025-09-11 07:39:37 --> [DEPRECATED] Creation of dynamic property App\Controllers\ContactController::$session is deprecated in APPPATH\Controllers\ContactController.php on line 12.
 1 SYSTEMPATH\CodeIgniter.php(903): App\Controllers\ContactController->__construct()
 2 SYSTEMPATH\CodeIgniter.php(498): CodeIgniter\CodeIgniter->createController()
 3 SYSTEMPATH\CodeIgniter.php(354): CodeIgniter\CodeIgniter->handleRequest(null, Object(Config\Cache), false)
 4 SYSTEMPATH\Boot.php(363): CodeIgniter\CodeIgniter->run()
 5 SYSTEMPATH\Boot.php(68): CodeIgniter\Boot::runCodeIgniter(Object(CodeIgniter\CodeIgniter))
 6 FCPATH\index.php(59): CodeIgniter\Boot::bootWeb(Object(Config\Paths))
DEBUG - 2025-09-11 07:39:43 --> Session: Class initialized using 'CodeIgniter\Session\Handlers\FileHandler' driver.
WARNING - 2025-09-11 07:39:43 --> [DEPRECATED] Creation of dynamic property App\Controllers\ContactController::$session is deprecated in APPPATH\Controllers\ContactController.php on line 12.
 1 SYSTEMPATH\CodeIgniter.php(903): App\Controllers\ContactController->__construct()
 2 SYSTEMPATH\CodeIgniter.php(498): CodeIgniter\CodeIgniter->createController()
 3 SYSTEMPATH\CodeIgniter.php(354): CodeIgniter\CodeIgniter->handleRequest(null, Object(Config\Cache), false)
 4 SYSTEMPATH\Boot.php(363): CodeIgniter\CodeIgniter->run()
 5 SYSTEMPATH\Boot.php(68): CodeIgniter\Boot::runCodeIgniter(Object(CodeIgniter\CodeIgniter))
 6 FCPATH\index.php(59): CodeIgniter\Boot::bootWeb(Object(Config\Paths))
DEBUG - 2025-09-11 07:47:28 --> Session: Class initialized using 'CodeIgniter\Session\Handlers\FileHandler' driver.
WARNING - 2025-09-11 07:47:28 --> [DEPRECATED] Creation of dynamic property App\Controllers\Admin::$session is deprecated in APPPATH\Controllers\Admin.php on line 11.
 1 SYSTEMPATH\CodeIgniter.php(903): App\Controllers\Admin->__construct()
 2 SYSTEMPATH\CodeIgniter.php(498): CodeIgniter\CodeIgniter->createController()
 3 SYSTEMPATH\CodeIgniter.php(354): CodeIgniter\CodeIgniter->handleRequest(null, Object(Config\Cache), false)
 4 SYSTEMPATH\Boot.php(363): CodeIgniter\CodeIgniter->run()
 5 SYSTEMPATH\Boot.php(68): CodeIgniter\Boot::runCodeIgniter(Object(CodeIgniter\CodeIgniter))
 6 FCPATH\index.php(59): CodeIgniter\Boot::bootWeb(Object(Config\Paths))
DEBUG - 2025-09-11 08:13:06 --> Session: Class initialized using 'CodeIgniter\Session\Handlers\FileHandler' driver.
WARNING - 2025-09-11 08:13:06 --> [DEPRECATED] Creation of dynamic property App\Controllers\Admin::$session is deprecated in APPPATH\Controllers\Admin.php on line 11.
 1 SYSTEMPATH\CodeIgniter.php(903): App\Controllers\Admin->__construct()
 2 SYSTEMPATH\CodeIgniter.php(498): CodeIgniter\CodeIgniter->createController()
 3 SYSTEMPATH\CodeIgniter.php(354): CodeIgniter\CodeIgniter->handleRequest(null, Object(Config\Cache), false)
 4 SYSTEMPATH\Boot.php(363): CodeIgniter\CodeIgniter->run()
 5 SYSTEMPATH\Boot.php(68): CodeIgniter\Boot::runCodeIgniter(Object(CodeIgniter\CodeIgniter))
 6 FCPATH\index.php(59): CodeIgniter\Boot::bootWeb(Object(Config\Paths))
DEBUG - 2025-09-11 08:13:12 --> Session: Class initialized using 'CodeIgniter\Session\Handlers\FileHandler' driver.
WARNING - 2025-09-11 08:13:12 --> [DEPRECATED] Creation of dynamic property App\Controllers\Admin::$session is deprecated in APPPATH\Controllers\Admin.php on line 11.
 1 SYSTEMPATH\CodeIgniter.php(903): App\Controllers\Admin->__construct()
 2 SYSTEMPATH\CodeIgniter.php(498): CodeIgniter\CodeIgniter->createController()
 3 SYSTEMPATH\CodeIgniter.php(354): CodeIgniter\CodeIgniter->handleRequest(null, Object(Config\Cache), false)
 4 SYSTEMPATH\Boot.php(363): CodeIgniter\CodeIgniter->run()
 5 SYSTEMPATH\Boot.php(68): CodeIgniter\Boot::runCodeIgniter(Object(CodeIgniter\CodeIgniter))
 6 FCPATH\index.php(59): CodeIgniter\Boot::bootWeb(Object(Config\Paths))
DEBUG - 2025-09-11 08:13:51 --> Session: Class initialized using 'CodeIgniter\Session\Handlers\FileHandler' driver.
WARNING - 2025-09-11 08:13:51 --> [DEPRECATED] Creation of dynamic property App\Controllers\Admin::$session is deprecated in APPPATH\Controllers\Admin.php on line 11.
 1 SYSTEMPATH\CodeIgniter.php(903): App\Controllers\Admin->__construct()
 2 SYSTEMPATH\CodeIgniter.php(498): CodeIgniter\CodeIgniter->createController()
 3 SYSTEMPATH\CodeIgniter.php(354): CodeIgniter\CodeIgniter->handleRequest(null, Object(Config\Cache), false)
 4 SYSTEMPATH\Boot.php(363): CodeIgniter\CodeIgniter->run()
 5 SYSTEMPATH\Boot.php(68): CodeIgniter\Boot::runCodeIgniter(Object(CodeIgniter\CodeIgniter))
 6 FCPATH\index.php(59): CodeIgniter\Boot::bootWeb(Object(Config\Paths))
DEBUG - 2025-09-11 08:13:52 --> Session: Class initialized using 'CodeIgniter\Session\Handlers\FileHandler' driver.
WARNING - 2025-09-11 08:13:52 --> [DEPRECATED] Creation of dynamic property App\Controllers\Admin::$session is deprecated in APPPATH\Controllers\Admin.php on line 11.
 1 SYSTEMPATH\CodeIgniter.php(903): App\Controllers\Admin->__construct()
 2 SYSTEMPATH\CodeIgniter.php(498): CodeIgniter\CodeIgniter->createController()
 3 SYSTEMPATH\CodeIgniter.php(354): CodeIgniter\CodeIgniter->handleRequest(null, Object(Config\Cache), false)
 4 SYSTEMPATH\Boot.php(363): CodeIgniter\CodeIgniter->run()
 5 SYSTEMPATH\Boot.php(68): CodeIgniter\Boot::runCodeIgniter(Object(CodeIgniter\CodeIgniter))
 6 FCPATH\index.php(59): CodeIgniter\Boot::bootWeb(Object(Config\Paths))
DEBUG - 2025-09-11 08:14:54 --> Session: Class initialized using 'CodeIgniter\Session\Handlers\FileHandler' driver.
WARNING - 2025-09-11 08:14:54 --> [DEPRECATED] Creation of dynamic property App\Controllers\Admin::$session is deprecated in APPPATH\Controllers\Admin.php on line 11.
 1 SYSTEMPATH\CodeIgniter.php(903): App\Controllers\Admin->__construct()
 2 SYSTEMPATH\CodeIgniter.php(498): CodeIgniter\CodeIgniter->createController()
 3 SYSTEMPATH\CodeIgniter.php(354): CodeIgniter\CodeIgniter->handleRequest(null, Object(Config\Cache), false)
 4 SYSTEMPATH\Boot.php(363): CodeIgniter\CodeIgniter->run()
 5 SYSTEMPATH\Boot.php(68): CodeIgniter\Boot::runCodeIgniter(Object(CodeIgniter\CodeIgniter))
 6 FCPATH\index.php(59): CodeIgniter\Boot::bootWeb(Object(Config\Paths))
DEBUG - 2025-09-11 08:14:55 --> Session: Class initialized using 'CodeIgniter\Session\Handlers\FileHandler' driver.
WARNING - 2025-09-11 08:14:55 --> [DEPRECATED] Creation of dynamic property App\Controllers\Admin::$session is deprecated in APPPATH\Controllers\Admin.php on line 11.
 1 SYSTEMPATH\CodeIgniter.php(903): App\Controllers\Admin->__construct()
 2 SYSTEMPATH\CodeIgniter.php(498): CodeIgniter\CodeIgniter->createController()
 3 SYSTEMPATH\CodeIgniter.php(354): CodeIgniter\CodeIgniter->handleRequest(null, Object(Config\Cache), false)
 4 SYSTEMPATH\Boot.php(363): CodeIgniter\CodeIgniter->run()
 5 SYSTEMPATH\Boot.php(68): CodeIgniter\Boot::runCodeIgniter(Object(CodeIgniter\CodeIgniter))
 6 FCPATH\index.php(59): CodeIgniter\Boot::bootWeb(Object(Config\Paths))
DEBUG - 2025-09-11 08:14:59 --> Session: Class initialized using 'CodeIgniter\Session\Handlers\FileHandler' driver.
WARNING - 2025-09-11 08:14:59 --> [DEPRECATED] Creation of dynamic property App\Controllers\Admin::$session is deprecated in APPPATH\Controllers\Admin.php on line 11.
 1 SYSTEMPATH\CodeIgniter.php(903): App\Controllers\Admin->__construct()
 2 SYSTEMPATH\CodeIgniter.php(498): CodeIgniter\CodeIgniter->createController()
 3 SYSTEMPATH\CodeIgniter.php(354): CodeIgniter\CodeIgniter->handleRequest(null, Object(Config\Cache), false)
 4 SYSTEMPATH\Boot.php(363): CodeIgniter\CodeIgniter->run()
 5 SYSTEMPATH\Boot.php(68): CodeIgniter\Boot::runCodeIgniter(Object(CodeIgniter\CodeIgniter))
 6 FCPATH\index.php(59): CodeIgniter\Boot::bootWeb(Object(Config\Paths))
ERROR - 2025-09-11 08:15:00 --> mysqli_sql_exception: Cannot delete or update a parent row: a foreign key constraint fails (`u375117440_kapal`.`schedules`, CONSTRAINT `schedules_ibfk_2` FOREIGN KEY (`boat_id`) REFERENCES `boats` (`boat_id`)) in C:\Users\Administrator\Documents\GITHUB\KAPAL-FE-HTML\dashboard-dir\vendor\codeigniter4\framework\system\Database\MySQLi\Connection.php:327
Stack trace:
#0 C:\Users\Administrator\Documents\GITHUB\KAPAL-FE-HTML\dashboard-dir\vendor\codeigniter4\framework\system\Database\MySQLi\Connection.php(327): mysqli->query('DELETE FROM `bo...', 0)
#1 C:\Users\Administrator\Documents\GITHUB\KAPAL-FE-HTML\dashboard-dir\vendor\codeigniter4\framework\system\Database\BaseConnection.php(729): CodeIgniter\Database\MySQLi\Connection->execute('DELETE FROM `bo...')
#2 C:\Users\Administrator\Documents\GITHUB\KAPAL-FE-HTML\dashboard-dir\vendor\codeigniter4\framework\system\Database\BaseConnection.php(646): CodeIgniter\Database\BaseConnection->simpleQuery('DELETE FROM `bo...')
#3 C:\Users\Administrator\Documents\GITHUB\KAPAL-FE-HTML\dashboard-dir\vendor\codeigniter4\framework\system\Database\BaseBuilder.php(2848): CodeIgniter\Database\BaseConnection->query('DELETE FROM `bo...', Array, false)
#4 C:\Users\Administrator\Documents\GITHUB\KAPAL-FE-HTML\dashboard-dir\vendor\codeigniter4\framework\system\Model.php(521): CodeIgniter\Database\BaseBuilder->delete()
#5 C:\Users\Administrator\Documents\GITHUB\KAPAL-FE-HTML\dashboard-dir\vendor\codeigniter4\framework\system\BaseModel.php(1152): CodeIgniter\Model->doDelete(Array, false)
#6 C:\Users\Administrator\Documents\GITHUB\KAPAL-FE-HTML\dashboard-dir\app\Controllers\Admin.php(239): CodeIgniter\BaseModel->delete(Array)
#7 C:\Users\Administrator\Documents\GITHUB\KAPAL-FE-HTML\dashboard-dir\vendor\codeigniter4\framework\system\CodeIgniter.php(933): App\Controllers\Admin->deleteBoat('9')
#8 C:\Users\Administrator\Documents\GITHUB\KAPAL-FE-HTML\dashboard-dir\vendor\codeigniter4\framework\system\CodeIgniter.php(507): CodeIgniter\CodeIgniter->runController(Object(App\Controllers\Admin))
#9 C:\Users\Administrator\Documents\GITHUB\KAPAL-FE-HTML\dashboard-dir\vendor\codeigniter4\framework\system\CodeIgniter.php(354): CodeIgniter\CodeIgniter->handleRequest(NULL, Object(Config\Cache), false)
#10 C:\Users\Administrator\Documents\GITHUB\KAPAL-FE-HTML\dashboard-dir\vendor\codeigniter4\framework\system\Boot.php(363): CodeIgniter\CodeIgniter->run()
#11 C:\Users\Administrator\Documents\GITHUB\KAPAL-FE-HTML\dashboard-dir\vendor\codeigniter4\framework\system\Boot.php(68): CodeIgniter\Boot::runCodeIgniter(Object(CodeIgniter\CodeIgniter))
#12 C:\Users\Administrator\Documents\GITHUB\KAPAL-FE-HTML\dashboard-dir\public\index.php(59): CodeIgniter\Boot::bootWeb(Object(Config\Paths))
#13 {main}
CRITICAL - 2025-09-11 08:15:00 --> CodeIgniter\Database\Exceptions\DatabaseException: Cannot delete or update a parent row: a foreign key constraint fails (`u375117440_kapal`.`schedules`, CONSTRAINT `schedules_ibfk_2` FOREIGN KEY (`boat_id`) REFERENCES `boats` (`boat_id`))
[Method: GET, Route: admin/boats/delete/9]
in SYSTEMPATH\Database\BaseConnection.php on line 684.
 1 SYSTEMPATH\Database\BaseBuilder.php(2848): CodeIgniter\Database\BaseConnection->query('DELETE FROM `boats`
WHERE `boat_id` IN :boat_id:', [...], false)
 2 SYSTEMPATH\Model.php(521): CodeIgniter\Database\BaseBuilder->delete()
 3 SYSTEMPATH\BaseModel.php(1152): CodeIgniter\Model->doDelete([...], false)
 4 APPPATH\Controllers\Admin.php(239): CodeIgniter\BaseModel->delete([...])
 5 SYSTEMPATH\CodeIgniter.php(933): App\Controllers\Admin->deleteBoat('9')
 6 SYSTEMPATH\CodeIgniter.php(507): CodeIgniter\CodeIgniter->runController(Object(App\Controllers\Admin))
 7 SYSTEMPATH\CodeIgniter.php(354): CodeIgniter\CodeIgniter->handleRequest(null, Object(Config\Cache), false)
 8 SYSTEMPATH\Boot.php(363): CodeIgniter\CodeIgniter->run()
 9 SYSTEMPATH\Boot.php(68): CodeIgniter\Boot::runCodeIgniter(Object(CodeIgniter\CodeIgniter))
10 FCPATH\index.php(59): CodeIgniter\Boot::bootWeb(Object(Config\Paths))
CRITICAL - 2025-09-11 08:15:00 --> [Caused by] CodeIgniter\Database\Exceptions\DatabaseException: Cannot delete or update a parent row: a foreign key constraint fails (`u375117440_kapal`.`schedules`, CONSTRAINT `schedules_ibfk_2` FOREIGN KEY (`boat_id`) REFERENCES `boats` (`boat_id`))
in SYSTEMPATH\Database\MySQLi\Connection.php on line 332.
 1 SYSTEMPATH\Database\BaseConnection.php(729): CodeIgniter\Database\MySQLi\Connection->execute('DELETE FROM `boats`
WHERE `boat_id` IN (\'9\')')
 2 SYSTEMPATH\Database\BaseConnection.php(646): CodeIgniter\Database\BaseConnection->simpleQuery('DELETE FROM `boats`
WHERE `boat_id` IN (\'9\')')
 3 SYSTEMPATH\Database\BaseBuilder.php(2848): CodeIgniter\Database\BaseConnection->query('DELETE FROM `boats`
WHERE `boat_id` IN :boat_id:', [...], false)
 4 SYSTEMPATH\Model.php(521): CodeIgniter\Database\BaseBuilder->delete()
 5 SYSTEMPATH\BaseModel.php(1152): CodeIgniter\Model->doDelete([...], false)
 6 APPPATH\Controllers\Admin.php(239): CodeIgniter\BaseModel->delete([...])
 7 SYSTEMPATH\CodeIgniter.php(933): App\Controllers\Admin->deleteBoat('9')
 8 SYSTEMPATH\CodeIgniter.php(507): CodeIgniter\CodeIgniter->runController(Object(App\Controllers\Admin))
 9 SYSTEMPATH\CodeIgniter.php(354): CodeIgniter\CodeIgniter->handleRequest(null, Object(Config\Cache), false)
10 SYSTEMPATH\Boot.php(363): CodeIgniter\CodeIgniter->run()
11 SYSTEMPATH\Boot.php(68): CodeIgniter\Boot::runCodeIgniter(Object(CodeIgniter\CodeIgniter))
12 FCPATH\index.php(59): CodeIgniter\Boot::bootWeb(Object(Config\Paths))
CRITICAL - 2025-09-11 08:15:00 --> [Caused by] mysqli_sql_exception: Cannot delete or update a parent row: a foreign key constraint fails (`u375117440_kapal`.`schedules`, CONSTRAINT `schedules_ibfk_2` FOREIGN KEY (`boat_id`) REFERENCES `boats` (`boat_id`))
in SYSTEMPATH\Database\MySQLi\Connection.php on line 327.
 1 SYSTEMPATH\Database\MySQLi\Connection.php(327): mysqli->query('DELETE FROM `boats`
WHERE `boat_id` IN (\'9\')', 0)
 2 SYSTEMPATH\Database\BaseConnection.php(729): CodeIgniter\Database\MySQLi\Connection->execute('DELETE FROM `boats`
WHERE `boat_id` IN (\'9\')')
 3 SYSTEMPATH\Database\BaseConnection.php(646): CodeIgniter\Database\BaseConnection->simpleQuery('DELETE FROM `boats`
WHERE `boat_id` IN (\'9\')')
 4 SYSTEMPATH\Database\BaseBuilder.php(2848): CodeIgniter\Database\BaseConnection->query('DELETE FROM `boats`
WHERE `boat_id` IN :boat_id:', [...], false)
 5 SYSTEMPATH\Model.php(521): CodeIgniter\Database\BaseBuilder->delete()
 6 SYSTEMPATH\BaseModel.php(1152): CodeIgniter\Model->doDelete([...], false)
 7 APPPATH\Controllers\Admin.php(239): CodeIgniter\BaseModel->delete([...])
 8 SYSTEMPATH\CodeIgniter.php(933): App\Controllers\Admin->deleteBoat('9')
 9 SYSTEMPATH\CodeIgniter.php(507): CodeIgniter\CodeIgniter->runController(Object(App\Controllers\Admin))
10 SYSTEMPATH\CodeIgniter.php(354): CodeIgniter\CodeIgniter->handleRequest(null, Object(Config\Cache), false)
11 SYSTEMPATH\Boot.php(363): CodeIgniter\CodeIgniter->run()
12 SYSTEMPATH\Boot.php(68): CodeIgniter\Boot::runCodeIgniter(Object(CodeIgniter\CodeIgniter))
13 FCPATH\index.php(59): CodeIgniter\Boot::bootWeb(Object(Config\Paths))
DEBUG - 2025-09-11 08:18:44 --> Session: Class initialized using 'CodeIgniter\Session\Handlers\FileHandler' driver.
WARNING - 2025-09-11 08:18:44 --> [DEPRECATED] Creation of dynamic property App\Controllers\Admin::$session is deprecated in APPPATH\Controllers\Admin.php on line 11.
 1 SYSTEMPATH\CodeIgniter.php(903): App\Controllers\Admin->__construct()
 2 SYSTEMPATH\CodeIgniter.php(498): CodeIgniter\CodeIgniter->createController()
 3 SYSTEMPATH\CodeIgniter.php(354): CodeIgniter\CodeIgniter->handleRequest(null, Object(Config\Cache), false)
 4 SYSTEMPATH\Boot.php(363): CodeIgniter\CodeIgniter->run()
 5 SYSTEMPATH\Boot.php(68): CodeIgniter\Boot::runCodeIgniter(Object(CodeIgniter\CodeIgniter))
 6 FCPATH\index.php(59): CodeIgniter\Boot::bootWeb(Object(Config\Paths))
DEBUG - 2025-09-11 08:29:35 --> Session: Class initialized using 'CodeIgniter\Session\Handlers\FileHandler' driver.
WARNING - 2025-09-11 08:29:35 --> [DEPRECATED] Creation of dynamic property App\Controllers\Admin::$session is deprecated in APPPATH\Controllers\Admin.php on line 11.
 1 SYSTEMPATH\CodeIgniter.php(903): App\Controllers\Admin->__construct()
 2 SYSTEMPATH\CodeIgniter.php(498): CodeIgniter\CodeIgniter->createController()
 3 SYSTEMPATH\CodeIgniter.php(354): CodeIgniter\CodeIgniter->handleRequest(null, Object(Config\Cache), false)
 4 SYSTEMPATH\Boot.php(363): CodeIgniter\CodeIgniter->run()
 5 SYSTEMPATH\Boot.php(68): CodeIgniter\Boot::runCodeIgniter(Object(CodeIgniter\CodeIgniter))
 6 FCPATH\index.php(59): CodeIgniter\Boot::bootWeb(Object(Config\Paths))
DEBUG - 2025-09-11 08:29:36 --> Session: Class initialized using 'CodeIgniter\Session\Handlers\FileHandler' driver.
WARNING - 2025-09-11 08:29:36 --> [DEPRECATED] Creation of dynamic property App\Controllers\Admin::$session is deprecated in APPPATH\Controllers\Admin.php on line 11.
 1 SYSTEMPATH\CodeIgniter.php(903): App\Controllers\Admin->__construct()
 2 SYSTEMPATH\CodeIgniter.php(498): CodeIgniter\CodeIgniter->createController()
 3 SYSTEMPATH\CodeIgniter.php(354): CodeIgniter\CodeIgniter->handleRequest(null, Object(Config\Cache), false)
 4 SYSTEMPATH\Boot.php(363): CodeIgniter\CodeIgniter->run()
 5 SYSTEMPATH\Boot.php(68): CodeIgniter\Boot::runCodeIgniter(Object(CodeIgniter\CodeIgniter))
 6 FCPATH\index.php(59): CodeIgniter\Boot::bootWeb(Object(Config\Paths))
DEBUG - 2025-09-11 08:30:25 --> Session: Class initialized using 'CodeIgniter\Session\Handlers\FileHandler' driver.
WARNING - 2025-09-11 08:30:25 --> [DEPRECATED] Creation of dynamic property App\Controllers\Admin::$session is deprecated in APPPATH\Controllers\Admin.php on line 11.
 1 SYSTEMPATH\CodeIgniter.php(903): App\Controllers\Admin->__construct()
 2 SYSTEMPATH\CodeIgniter.php(498): CodeIgniter\CodeIgniter->createController()
 3 SYSTEMPATH\CodeIgniter.php(354): CodeIgniter\CodeIgniter->handleRequest(null, Object(Config\Cache), false)
 4 SYSTEMPATH\Boot.php(363): CodeIgniter\CodeIgniter->run()
 5 SYSTEMPATH\Boot.php(68): CodeIgniter\Boot::runCodeIgniter(Object(CodeIgniter\CodeIgniter))
 6 FCPATH\index.php(59): CodeIgniter\Boot::bootWeb(Object(Config\Paths))
DEBUG - 2025-09-11 08:30:31 --> Session: Class initialized using 'CodeIgniter\Session\Handlers\FileHandler' driver.
WARNING - 2025-09-11 08:30:31 --> [DEPRECATED] Creation of dynamic property App\Controllers\Admin::$session is deprecated in APPPATH\Controllers\Admin.php on line 11.
 1 SYSTEMPATH\CodeIgniter.php(903): App\Controllers\Admin->__construct()
 2 SYSTEMPATH\CodeIgniter.php(498): CodeIgniter\CodeIgniter->createController()
 3 SYSTEMPATH\CodeIgniter.php(354): CodeIgniter\CodeIgniter->handleRequest(null, Object(Config\Cache), false)
 4 SYSTEMPATH\Boot.php(363): CodeIgniter\CodeIgniter->run()
 5 SYSTEMPATH\Boot.php(68): CodeIgniter\Boot::runCodeIgniter(Object(CodeIgniter\CodeIgniter))
 6 FCPATH\index.php(59): CodeIgniter\Boot::bootWeb(Object(Config\Paths))
DEBUG - 2025-09-11 08:30:31 --> Session: Class initialized using 'CodeIgniter\Session\Handlers\FileHandler' driver.
WARNING - 2025-09-11 08:30:31 --> [DEPRECATED] Creation of dynamic property App\Controllers\Admin::$session is deprecated in APPPATH\Controllers\Admin.php on line 11.
 1 SYSTEMPATH\CodeIgniter.php(903): App\Controllers\Admin->__construct()
 2 SYSTEMPATH\CodeIgniter.php(498): CodeIgniter\CodeIgniter->createController()
 3 SYSTEMPATH\CodeIgniter.php(354): CodeIgniter\CodeIgniter->handleRequest(null, Object(Config\Cache), false)
 4 SYSTEMPATH\Boot.php(363): CodeIgniter\CodeIgniter->run()
 5 SYSTEMPATH\Boot.php(68): CodeIgniter\Boot::runCodeIgniter(Object(CodeIgniter\CodeIgniter))
 6 FCPATH\index.php(59): CodeIgniter\Boot::bootWeb(Object(Config\Paths))
DEBUG - 2025-09-11 08:30:59 --> Session: Class initialized using 'CodeIgniter\Session\Handlers\FileHandler' driver.
WARNING - 2025-09-11 08:30:59 --> [DEPRECATED] Creation of dynamic property App\Controllers\Admin::$session is deprecated in APPPATH\Controllers\Admin.php on line 11.
 1 SYSTEMPATH\CodeIgniter.php(903): App\Controllers\Admin->__construct()
 2 SYSTEMPATH\CodeIgniter.php(498): CodeIgniter\CodeIgniter->createController()
 3 SYSTEMPATH\CodeIgniter.php(354): CodeIgniter\CodeIgniter->handleRequest(null, Object(Config\Cache), false)
 4 SYSTEMPATH\Boot.php(363): CodeIgniter\CodeIgniter->run()
 5 SYSTEMPATH\Boot.php(68): CodeIgniter\Boot::runCodeIgniter(Object(CodeIgniter\CodeIgniter))
 6 FCPATH\index.php(59): CodeIgniter\Boot::bootWeb(Object(Config\Paths))
DEBUG - 2025-09-11 08:31:13 --> Session: Class initialized using 'CodeIgniter\Session\Handlers\FileHandler' driver.
WARNING - 2025-09-11 08:31:13 --> [DEPRECATED] Creation of dynamic property App\Controllers\Admin::$session is deprecated in APPPATH\Controllers\Admin.php on line 11.
 1 SYSTEMPATH\CodeIgniter.php(903): App\Controllers\Admin->__construct()
 2 SYSTEMPATH\CodeIgniter.php(498): CodeIgniter\CodeIgniter->createController()
 3 SYSTEMPATH\CodeIgniter.php(354): CodeIgniter\CodeIgniter->handleRequest(null, Object(Config\Cache), false)
 4 SYSTEMPATH\Boot.php(363): CodeIgniter\CodeIgniter->run()
 5 SYSTEMPATH\Boot.php(68): CodeIgniter\Boot::runCodeIgniter(Object(CodeIgniter\CodeIgniter))
 6 FCPATH\index.php(59): CodeIgniter\Boot::bootWeb(Object(Config\Paths))
DEBUG - 2025-09-11 08:31:13 --> Session: Class initialized using 'CodeIgniter\Session\Handlers\FileHandler' driver.
WARNING - 2025-09-11 08:31:13 --> [DEPRECATED] Creation of dynamic property App\Controllers\Admin::$session is deprecated in APPPATH\Controllers\Admin.php on line 11.
 1 SYSTEMPATH\CodeIgniter.php(903): App\Controllers\Admin->__construct()
 2 SYSTEMPATH\CodeIgniter.php(498): CodeIgniter\CodeIgniter->createController()
 3 SYSTEMPATH\CodeIgniter.php(354): CodeIgniter\CodeIgniter->handleRequest(null, Object(Config\Cache), false)
 4 SYSTEMPATH\Boot.php(363): CodeIgniter\CodeIgniter->run()
 5 SYSTEMPATH\Boot.php(68): CodeIgniter\Boot::runCodeIgniter(Object(CodeIgniter\CodeIgniter))
 6 FCPATH\index.php(59): CodeIgniter\Boot::bootWeb(Object(Config\Paths))
DEBUG - 2025-09-11 08:45:15 --> Session: Class initialized using 'CodeIgniter\Session\Handlers\FileHandler' driver.
WARNING - 2025-09-11 08:45:15 --> [DEPRECATED] Creation of dynamic property App\Controllers\Admin::$session is deprecated in APPPATH\Controllers\Admin.php on line 11.
 1 SYSTEMPATH\CodeIgniter.php(903): App\Controllers\Admin->__construct()
 2 SYSTEMPATH\CodeIgniter.php(498): CodeIgniter\CodeIgniter->createController()
 3 SYSTEMPATH\CodeIgniter.php(354): CodeIgniter\CodeIgniter->handleRequest(null, Object(Config\Cache), false)
 4 SYSTEMPATH\Boot.php(363): CodeIgniter\CodeIgniter->run()
 5 SYSTEMPATH\Boot.php(68): CodeIgniter\Boot::runCodeIgniter(Object(CodeIgniter\CodeIgniter))
 6 FCPATH\index.php(59): CodeIgniter\Boot::bootWeb(Object(Config\Paths))
DEBUG - 2025-09-11 08:45:18 --> Session: Class initialized using 'CodeIgniter\Session\Handlers\FileHandler' driver.
WARNING - 2025-09-11 08:45:18 --> [DEPRECATED] Creation of dynamic property App\Controllers\Admin::$session is deprecated in APPPATH\Controllers\Admin.php on line 11.
 1 SYSTEMPATH\CodeIgniter.php(903): App\Controllers\Admin->__construct()
 2 SYSTEMPATH\CodeIgniter.php(498): CodeIgniter\CodeIgniter->createController()
 3 SYSTEMPATH\CodeIgniter.php(354): CodeIgniter\CodeIgniter->handleRequest(null, Object(Config\Cache), false)
 4 SYSTEMPATH\Boot.php(363): CodeIgniter\CodeIgniter->run()
 5 SYSTEMPATH\Boot.php(68): CodeIgniter\Boot::runCodeIgniter(Object(CodeIgniter\CodeIgniter))
 6 FCPATH\index.php(59): CodeIgniter\Boot::bootWeb(Object(Config\Paths))
DEBUG - 2025-09-11 08:45:18 --> Session: Class initialized using 'CodeIgniter\Session\Handlers\FileHandler' driver.
WARNING - 2025-09-11 08:45:18 --> [DEPRECATED] Creation of dynamic property App\Controllers\Admin::$session is deprecated in APPPATH\Controllers\Admin.php on line 11.
 1 SYSTEMPATH\CodeIgniter.php(903): App\Controllers\Admin->__construct()
 2 SYSTEMPATH\CodeIgniter.php(498): CodeIgniter\CodeIgniter->createController()
 3 SYSTEMPATH\CodeIgniter.php(354): CodeIgniter\CodeIgniter->handleRequest(null, Object(Config\Cache), false)
 4 SYSTEMPATH\Boot.php(363): CodeIgniter\CodeIgniter->run()
 5 SYSTEMPATH\Boot.php(68): CodeIgniter\Boot::runCodeIgniter(Object(CodeIgniter\CodeIgniter))
 6 FCPATH\index.php(59): CodeIgniter\Boot::bootWeb(Object(Config\Paths))
DEBUG - 2025-09-11 08:45:32 --> Session: Class initialized using 'CodeIgniter\Session\Handlers\FileHandler' driver.
WARNING - 2025-09-11 08:45:32 --> [DEPRECATED] Creation of dynamic property App\Controllers\Admin::$session is deprecated in APPPATH\Controllers\Admin.php on line 11.
 1 SYSTEMPATH\CodeIgniter.php(903): App\Controllers\Admin->__construct()
 2 SYSTEMPATH\CodeIgniter.php(498): CodeIgniter\CodeIgniter->createController()
 3 SYSTEMPATH\CodeIgniter.php(354): CodeIgniter\CodeIgniter->handleRequest(null, Object(Config\Cache), false)
 4 SYSTEMPATH\Boot.php(363): CodeIgniter\CodeIgniter->run()
 5 SYSTEMPATH\Boot.php(68): CodeIgniter\Boot::runCodeIgniter(Object(CodeIgniter\CodeIgniter))
 6 FCPATH\index.php(59): CodeIgniter\Boot::bootWeb(Object(Config\Paths))
DEBUG - 2025-09-11 08:45:35 --> Session: Class initialized using 'CodeIgniter\Session\Handlers\FileHandler' driver.
WARNING - 2025-09-11 08:45:35 --> [DEPRECATED] Creation of dynamic property App\Controllers\Admin::$session is deprecated in APPPATH\Controllers\Admin.php on line 11.
 1 SYSTEMPATH\CodeIgniter.php(903): App\Controllers\Admin->__construct()
 2 SYSTEMPATH\CodeIgniter.php(498): CodeIgniter\CodeIgniter->createController()
 3 SYSTEMPATH\CodeIgniter.php(354): CodeIgniter\CodeIgniter->handleRequest(null, Object(Config\Cache), false)
 4 SYSTEMPATH\Boot.php(363): CodeIgniter\CodeIgniter->run()
 5 SYSTEMPATH\Boot.php(68): CodeIgniter\Boot::runCodeIgniter(Object(CodeIgniter\CodeIgniter))
 6 FCPATH\index.php(59): CodeIgniter\Boot::bootWeb(Object(Config\Paths))
DEBUG - 2025-09-11 08:45:35 --> Session: Class initialized using 'CodeIgniter\Session\Handlers\FileHandler' driver.
WARNING - 2025-09-11 08:45:35 --> [DEPRECATED] Creation of dynamic property App\Controllers\Admin::$session is deprecated in APPPATH\Controllers\Admin.php on line 11.
 1 SYSTEMPATH\CodeIgniter.php(903): App\Controllers\Admin->__construct()
 2 SYSTEMPATH\CodeIgniter.php(498): CodeIgniter\CodeIgniter->createController()
 3 SYSTEMPATH\CodeIgniter.php(354): CodeIgniter\CodeIgniter->handleRequest(null, Object(Config\Cache), false)
 4 SYSTEMPATH\Boot.php(363): CodeIgniter\CodeIgniter->run()
 5 SYSTEMPATH\Boot.php(68): CodeIgniter\Boot::runCodeIgniter(Object(CodeIgniter\CodeIgniter))
 6 FCPATH\index.php(59): CodeIgniter\Boot::bootWeb(Object(Config\Paths))
DEBUG - 2025-09-11 08:45:40 --> Session: Class initialized using 'CodeIgniter\Session\Handlers\FileHandler' driver.
WARNING - 2025-09-11 08:45:40 --> [DEPRECATED] Creation of dynamic property App\Controllers\Admin::$session is deprecated in APPPATH\Controllers\Admin.php on line 11.
 1 SYSTEMPATH\CodeIgniter.php(903): App\Controllers\Admin->__construct()
 2 SYSTEMPATH\CodeIgniter.php(498): CodeIgniter\CodeIgniter->createController()
 3 SYSTEMPATH\CodeIgniter.php(354): CodeIgniter\CodeIgniter->handleRequest(null, Object(Config\Cache), false)
 4 SYSTEMPATH\Boot.php(363): CodeIgniter\CodeIgniter->run()
 5 SYSTEMPATH\Boot.php(68): CodeIgniter\Boot::runCodeIgniter(Object(CodeIgniter\CodeIgniter))
 6 FCPATH\index.php(59): CodeIgniter\Boot::bootWeb(Object(Config\Paths))
ERROR - 2025-09-11 08:45:41 --> mysqli_sql_exception: Cannot delete or update a parent row: a foreign key constraint fails (`u375117440_kapal`.`bookings`, CONSTRAINT `bookings_ibfk_2` FOREIGN KEY (`schedule_id`) REFERENCES `schedules` (`schedule_id`)) in C:\Users\Administrator\Documents\GITHUB\KAPAL-FE-HTML\dashboard-dir\vendor\codeigniter4\framework\system\Database\MySQLi\Connection.php:327
Stack trace:
#0 C:\Users\Administrator\Documents\GITHUB\KAPAL-FE-HTML\dashboard-dir\vendor\codeigniter4\framework\system\Database\MySQLi\Connection.php(327): mysqli->query('DELETE FROM `sc...', 0)
#1 C:\Users\Administrator\Documents\GITHUB\KAPAL-FE-HTML\dashboard-dir\vendor\codeigniter4\framework\system\Database\BaseConnection.php(729): CodeIgniter\Database\MySQLi\Connection->execute('DELETE FROM `sc...')
#2 C:\Users\Administrator\Documents\GITHUB\KAPAL-FE-HTML\dashboard-dir\vendor\codeigniter4\framework\system\Database\BaseConnection.php(646): CodeIgniter\Database\BaseConnection->simpleQuery('DELETE FROM `sc...')
#3 C:\Users\Administrator\Documents\GITHUB\KAPAL-FE-HTML\dashboard-dir\vendor\codeigniter4\framework\system\Database\BaseBuilder.php(2848): CodeIgniter\Database\BaseConnection->query('DELETE FROM `sc...', Array, false)
#4 C:\Users\Administrator\Documents\GITHUB\KAPAL-FE-HTML\dashboard-dir\vendor\codeigniter4\framework\system\Model.php(521): CodeIgniter\Database\BaseBuilder->delete()
#5 C:\Users\Administrator\Documents\GITHUB\KAPAL-FE-HTML\dashboard-dir\vendor\codeigniter4\framework\system\BaseModel.php(1152): CodeIgniter\Model->doDelete(NULL, false)
#6 C:\Users\Administrator\Documents\GITHUB\KAPAL-FE-HTML\dashboard-dir\app\Controllers\Admin.php(242): CodeIgniter\BaseModel->delete()
#7 C:\Users\Administrator\Documents\GITHUB\KAPAL-FE-HTML\dashboard-dir\vendor\codeigniter4\framework\system\CodeIgniter.php(933): App\Controllers\Admin->deleteBoat('7')
#8 C:\Users\Administrator\Documents\GITHUB\KAPAL-FE-HTML\dashboard-dir\vendor\codeigniter4\framework\system\CodeIgniter.php(507): CodeIgniter\CodeIgniter->runController(Object(App\Controllers\Admin))
#9 C:\Users\Administrator\Documents\GITHUB\KAPAL-FE-HTML\dashboard-dir\vendor\codeigniter4\framework\system\CodeIgniter.php(354): CodeIgniter\CodeIgniter->handleRequest(NULL, Object(Config\Cache), false)
#10 C:\Users\Administrator\Documents\GITHUB\KAPAL-FE-HTML\dashboard-dir\vendor\codeigniter4\framework\system\Boot.php(363): CodeIgniter\CodeIgniter->run()
#11 C:\Users\Administrator\Documents\GITHUB\KAPAL-FE-HTML\dashboard-dir\vendor\codeigniter4\framework\system\Boot.php(68): CodeIgniter\Boot::runCodeIgniter(Object(CodeIgniter\CodeIgniter))
#12 C:\Users\Administrator\Documents\GITHUB\KAPAL-FE-HTML\dashboard-dir\public\index.php(59): CodeIgniter\Boot::bootWeb(Object(Config\Paths))
#13 {main}
CRITICAL - 2025-09-11 08:45:41 --> CodeIgniter\Database\Exceptions\DatabaseException: Cannot delete or update a parent row: a foreign key constraint fails (`u375117440_kapal`.`bookings`, CONSTRAINT `bookings_ibfk_2` FOREIGN KEY (`schedule_id`) REFERENCES `schedules` (`schedule_id`))
[Method: GET, Route: admin/boats/delete/7]
in SYSTEMPATH\Database\BaseConnection.php on line 684.
 1 SYSTEMPATH\Database\BaseBuilder.php(2848): CodeIgniter\Database\BaseConnection->query('DELETE FROM `schedules`
WHERE `boat_id` = :boat_id:', [...], false)
 2 SYSTEMPATH\Model.php(521): CodeIgniter\Database\BaseBuilder->delete()
 3 SYSTEMPATH\BaseModel.php(1152): CodeIgniter\Model->doDelete(null, false)
 4 APPPATH\Controllers\Admin.php(242): CodeIgniter\BaseModel->delete()
 5 SYSTEMPATH\CodeIgniter.php(933): App\Controllers\Admin->deleteBoat('7')
 6 SYSTEMPATH\CodeIgniter.php(507): CodeIgniter\CodeIgniter->runController(Object(App\Controllers\Admin))
 7 SYSTEMPATH\CodeIgniter.php(354): CodeIgniter\CodeIgniter->handleRequest(null, Object(Config\Cache), false)
 8 SYSTEMPATH\Boot.php(363): CodeIgniter\CodeIgniter->run()
 9 SYSTEMPATH\Boot.php(68): CodeIgniter\Boot::runCodeIgniter(Object(CodeIgniter\CodeIgniter))
10 FCPATH\index.php(59): CodeIgniter\Boot::bootWeb(Object(Config\Paths))
CRITICAL - 2025-09-11 08:45:41 --> [Caused by] CodeIgniter\Database\Exceptions\DatabaseException: Cannot delete or update a parent row: a foreign key constraint fails (`u375117440_kapal`.`bookings`, CONSTRAINT `bookings_ibfk_2` FOREIGN KEY (`schedule_id`) REFERENCES `schedules` (`schedule_id`))
in SYSTEMPATH\Database\MySQLi\Connection.php on line 332.
 1 SYSTEMPATH\Database\BaseConnection.php(729): CodeIgniter\Database\MySQLi\Connection->execute('DELETE FROM `schedules`
WHERE `boat_id` = \'7\'')
 2 SYSTEMPATH\Database\BaseConnection.php(646): CodeIgniter\Database\BaseConnection->simpleQuery('DELETE FROM `schedules`
WHERE `boat_id` = \'7\'')
 3 SYSTEMPATH\Database\BaseBuilder.php(2848): CodeIgniter\Database\BaseConnection->query('DELETE FROM `schedules`
WHERE `boat_id` = :boat_id:', [...], false)
 4 SYSTEMPATH\Model.php(521): CodeIgniter\Database\BaseBuilder->delete()
 5 SYSTEMPATH\BaseModel.php(1152): CodeIgniter\Model->doDelete(null, false)
 6 APPPATH\Controllers\Admin.php(242): CodeIgniter\BaseModel->delete()
 7 SYSTEMPATH\CodeIgniter.php(933): App\Controllers\Admin->deleteBoat('7')
 8 SYSTEMPATH\CodeIgniter.php(507): CodeIgniter\CodeIgniter->runController(Object(App\Controllers\Admin))
 9 SYSTEMPATH\CodeIgniter.php(354): CodeIgniter\CodeIgniter->handleRequest(null, Object(Config\Cache), false)
10 SYSTEMPATH\Boot.php(363): CodeIgniter\CodeIgniter->run()
11 SYSTEMPATH\Boot.php(68): CodeIgniter\Boot::runCodeIgniter(Object(CodeIgniter\CodeIgniter))
12 FCPATH\index.php(59): CodeIgniter\Boot::bootWeb(Object(Config\Paths))
CRITICAL - 2025-09-11 08:45:41 --> [Caused by] mysqli_sql_exception: Cannot delete or update a parent row: a foreign key constraint fails (`u375117440_kapal`.`bookings`, CONSTRAINT `bookings_ibfk_2` FOREIGN KEY (`schedule_id`) REFERENCES `schedules` (`schedule_id`))
in SYSTEMPATH\Database\MySQLi\Connection.php on line 327.
 1 SYSTEMPATH\Database\MySQLi\Connection.php(327): mysqli->query('DELETE FROM `schedules`
WHERE `boat_id` = \'7\'', 0)
 2 SYSTEMPATH\Database\BaseConnection.php(729): CodeIgniter\Database\MySQLi\Connection->execute('DELETE FROM `schedules`
WHERE `boat_id` = \'7\'')
 3 SYSTEMPATH\Database\BaseConnection.php(646): CodeIgniter\Database\BaseConnection->simpleQuery('DELETE FROM `schedules`
WHERE `boat_id` = \'7\'')
 4 SYSTEMPATH\Database\BaseBuilder.php(2848): CodeIgniter\Database\BaseConnection->query('DELETE FROM `schedules`
WHERE `boat_id` = :boat_id:', [...], false)
 5 SYSTEMPATH\Model.php(521): CodeIgniter\Database\BaseBuilder->delete()
 6 SYSTEMPATH\BaseModel.php(1152): CodeIgniter\Model->doDelete(null, false)
 7 APPPATH\Controllers\Admin.php(242): CodeIgniter\BaseModel->delete()
 8 SYSTEMPATH\CodeIgniter.php(933): App\Controllers\Admin->deleteBoat('7')
 9 SYSTEMPATH\CodeIgniter.php(507): CodeIgniter\CodeIgniter->runController(Object(App\Controllers\Admin))
10 SYSTEMPATH\CodeIgniter.php(354): CodeIgniter\CodeIgniter->handleRequest(null, Object(Config\Cache), false)
11 SYSTEMPATH\Boot.php(363): CodeIgniter\CodeIgniter->run()
12 SYSTEMPATH\Boot.php(68): CodeIgniter\Boot::runCodeIgniter(Object(CodeIgniter\CodeIgniter))
13 FCPATH\index.php(59): CodeIgniter\Boot::bootWeb(Object(Config\Paths))
DEBUG - 2025-09-11 08:45:44 --> Session: Class initialized using 'CodeIgniter\Session\Handlers\FileHandler' driver.
WARNING - 2025-09-11 08:45:44 --> [DEPRECATED] Creation of dynamic property App\Controllers\Admin::$session is deprecated in APPPATH\Controllers\Admin.php on line 11.
 1 SYSTEMPATH\CodeIgniter.php(903): App\Controllers\Admin->__construct()
 2 SYSTEMPATH\CodeIgniter.php(498): CodeIgniter\CodeIgniter->createController()
 3 SYSTEMPATH\CodeIgniter.php(354): CodeIgniter\CodeIgniter->handleRequest(null, Object(Config\Cache), false)
 4 SYSTEMPATH\Boot.php(363): CodeIgniter\CodeIgniter->run()
 5 SYSTEMPATH\Boot.php(68): CodeIgniter\Boot::runCodeIgniter(Object(CodeIgniter\CodeIgniter))
 6 FCPATH\index.php(59): CodeIgniter\Boot::bootWeb(Object(Config\Paths))
DEBUG - 2025-09-11 08:45:45 --> Session: Class initialized using 'CodeIgniter\Session\Handlers\FileHandler' driver.
WARNING - 2025-09-11 08:45:45 --> [DEPRECATED] Creation of dynamic property App\Controllers\Admin::$session is deprecated in APPPATH\Controllers\Admin.php on line 11.
 1 SYSTEMPATH\CodeIgniter.php(903): App\Controllers\Admin->__construct()
 2 SYSTEMPATH\CodeIgniter.php(498): CodeIgniter\CodeIgniter->createController()
 3 SYSTEMPATH\CodeIgniter.php(354): CodeIgniter\CodeIgniter->handleRequest(null, Object(Config\Cache), false)
 4 SYSTEMPATH\Boot.php(363): CodeIgniter\CodeIgniter->run()
 5 SYSTEMPATH\Boot.php(68): CodeIgniter\Boot::runCodeIgniter(Object(CodeIgniter\CodeIgniter))
 6 FCPATH\index.php(59): CodeIgniter\Boot::bootWeb(Object(Config\Paths))
DEBUG - 2025-09-11 08:45:48 --> Session: Class initialized using 'CodeIgniter\Session\Handlers\FileHandler' driver.
WARNING - 2025-09-11 08:45:48 --> [DEPRECATED] Creation of dynamic property App\Controllers\Admin::$session is deprecated in APPPATH\Controllers\Admin.php on line 11.
 1 SYSTEMPATH\CodeIgniter.php(903): App\Controllers\Admin->__construct()
 2 SYSTEMPATH\CodeIgniter.php(498): CodeIgniter\CodeIgniter->createController()
 3 SYSTEMPATH\CodeIgniter.php(354): CodeIgniter\CodeIgniter->handleRequest(null, Object(Config\Cache), false)
 4 SYSTEMPATH\Boot.php(363): CodeIgniter\CodeIgniter->run()
 5 SYSTEMPATH\Boot.php(68): CodeIgniter\Boot::runCodeIgniter(Object(CodeIgniter\CodeIgniter))
 6 FCPATH\index.php(59): CodeIgniter\Boot::bootWeb(Object(Config\Paths))
ERROR - 2025-09-11 08:45:48 --> mysqli_sql_exception: Cannot delete or update a parent row: a foreign key constraint fails (`u375117440_kapal`.`bookings`, CONSTRAINT `bookings_ibfk_2` FOREIGN KEY (`schedule_id`) REFERENCES `schedules` (`schedule_id`)) in C:\Users\Administrator\Documents\GITHUB\KAPAL-FE-HTML\dashboard-dir\vendor\codeigniter4\framework\system\Database\MySQLi\Connection.php:327
Stack trace:
#0 C:\Users\Administrator\Documents\GITHUB\KAPAL-FE-HTML\dashboard-dir\vendor\codeigniter4\framework\system\Database\MySQLi\Connection.php(327): mysqli->query('DELETE FROM `sc...', 0)
#1 C:\Users\Administrator\Documents\GITHUB\KAPAL-FE-HTML\dashboard-dir\vendor\codeigniter4\framework\system\Database\BaseConnection.php(729): CodeIgniter\Database\MySQLi\Connection->execute('DELETE FROM `sc...')
#2 C:\Users\Administrator\Documents\GITHUB\KAPAL-FE-HTML\dashboard-dir\vendor\codeigniter4\framework\system\Database\BaseConnection.php(646): CodeIgniter\Database\BaseConnection->simpleQuery('DELETE FROM `sc...')
#3 C:\Users\Administrator\Documents\GITHUB\KAPAL-FE-HTML\dashboard-dir\vendor\codeigniter4\framework\system\Database\BaseBuilder.php(2848): CodeIgniter\Database\BaseConnection->query('DELETE FROM `sc...', Array, false)
#4 C:\Users\Administrator\Documents\GITHUB\KAPAL-FE-HTML\dashboard-dir\vendor\codeigniter4\framework\system\Model.php(521): CodeIgniter\Database\BaseBuilder->delete()
#5 C:\Users\Administrator\Documents\GITHUB\KAPAL-FE-HTML\dashboard-dir\vendor\codeigniter4\framework\system\BaseModel.php(1152): CodeIgniter\Model->doDelete(NULL, false)
#6 C:\Users\Administrator\Documents\GITHUB\KAPAL-FE-HTML\dashboard-dir\app\Controllers\Admin.php(242): CodeIgniter\BaseModel->delete()
#7 C:\Users\Administrator\Documents\GITHUB\KAPAL-FE-HTML\dashboard-dir\vendor\codeigniter4\framework\system\CodeIgniter.php(933): App\Controllers\Admin->deleteBoat('7')
#8 C:\Users\Administrator\Documents\GITHUB\KAPAL-FE-HTML\dashboard-dir\vendor\codeigniter4\framework\system\CodeIgniter.php(507): CodeIgniter\CodeIgniter->runController(Object(App\Controllers\Admin))
#9 C:\Users\Administrator\Documents\GITHUB\KAPAL-FE-HTML\dashboard-dir\vendor\codeigniter4\framework\system\CodeIgniter.php(354): CodeIgniter\CodeIgniter->handleRequest(NULL, Object(Config\Cache), false)
#10 C:\Users\Administrator\Documents\GITHUB\KAPAL-FE-HTML\dashboard-dir\vendor\codeigniter4\framework\system\Boot.php(363): CodeIgniter\CodeIgniter->run()
#11 C:\Users\Administrator\Documents\GITHUB\KAPAL-FE-HTML\dashboard-dir\vendor\codeigniter4\framework\system\Boot.php(68): CodeIgniter\Boot::runCodeIgniter(Object(CodeIgniter\CodeIgniter))
#12 C:\Users\Administrator\Documents\GITHUB\KAPAL-FE-HTML\dashboard-dir\public\index.php(59): CodeIgniter\Boot::bootWeb(Object(Config\Paths))
#13 {main}
CRITICAL - 2025-09-11 08:45:48 --> CodeIgniter\Database\Exceptions\DatabaseException: Cannot delete or update a parent row: a foreign key constraint fails (`u375117440_kapal`.`bookings`, CONSTRAINT `bookings_ibfk_2` FOREIGN KEY (`schedule_id`) REFERENCES `schedules` (`schedule_id`))
[Method: GET, Route: admin/boats/delete/7]
in SYSTEMPATH\Database\BaseConnection.php on line 684.
 1 SYSTEMPATH\Database\BaseBuilder.php(2848): CodeIgniter\Database\BaseConnection->query('DELETE FROM `schedules`
WHERE `boat_id` = :boat_id:', [...], false)
 2 SYSTEMPATH\Model.php(521): CodeIgniter\Database\BaseBuilder->delete()
 3 SYSTEMPATH\BaseModel.php(1152): CodeIgniter\Model->doDelete(null, false)
 4 APPPATH\Controllers\Admin.php(242): CodeIgniter\BaseModel->delete()
 5 SYSTEMPATH\CodeIgniter.php(933): App\Controllers\Admin->deleteBoat('7')
 6 SYSTEMPATH\CodeIgniter.php(507): CodeIgniter\CodeIgniter->runController(Object(App\Controllers\Admin))
 7 SYSTEMPATH\CodeIgniter.php(354): CodeIgniter\CodeIgniter->handleRequest(null, Object(Config\Cache), false)
 8 SYSTEMPATH\Boot.php(363): CodeIgniter\CodeIgniter->run()
 9 SYSTEMPATH\Boot.php(68): CodeIgniter\Boot::runCodeIgniter(Object(CodeIgniter\CodeIgniter))
10 FCPATH\index.php(59): CodeIgniter\Boot::bootWeb(Object(Config\Paths))
CRITICAL - 2025-09-11 08:45:48 --> [Caused by] CodeIgniter\Database\Exceptions\DatabaseException: Cannot delete or update a parent row: a foreign key constraint fails (`u375117440_kapal`.`bookings`, CONSTRAINT `bookings_ibfk_2` FOREIGN KEY (`schedule_id`) REFERENCES `schedules` (`schedule_id`))
in SYSTEMPATH\Database\MySQLi\Connection.php on line 332.
 1 SYSTEMPATH\Database\BaseConnection.php(729): CodeIgniter\Database\MySQLi\Connection->execute('DELETE FROM `schedules`
WHERE `boat_id` = \'7\'')
 2 SYSTEMPATH\Database\BaseConnection.php(646): CodeIgniter\Database\BaseConnection->simpleQuery('DELETE FROM `schedules`
WHERE `boat_id` = \'7\'')
 3 SYSTEMPATH\Database\BaseBuilder.php(2848): CodeIgniter\Database\BaseConnection->query('DELETE FROM `schedules`
WHERE `boat_id` = :boat_id:', [...], false)
 4 SYSTEMPATH\Model.php(521): CodeIgniter\Database\BaseBuilder->delete()
 5 SYSTEMPATH\BaseModel.php(1152): CodeIgniter\Model->doDelete(null, false)
 6 APPPATH\Controllers\Admin.php(242): CodeIgniter\BaseModel->delete()
 7 SYSTEMPATH\CodeIgniter.php(933): App\Controllers\Admin->deleteBoat('7')
 8 SYSTEMPATH\CodeIgniter.php(507): CodeIgniter\CodeIgniter->runController(Object(App\Controllers\Admin))
 9 SYSTEMPATH\CodeIgniter.php(354): CodeIgniter\CodeIgniter->handleRequest(null, Object(Config\Cache), false)
10 SYSTEMPATH\Boot.php(363): CodeIgniter\CodeIgniter->run()
11 SYSTEMPATH\Boot.php(68): CodeIgniter\Boot::runCodeIgniter(Object(CodeIgniter\CodeIgniter))
12 FCPATH\index.php(59): CodeIgniter\Boot::bootWeb(Object(Config\Paths))
CRITICAL - 2025-09-11 08:45:48 --> [Caused by] mysqli_sql_exception: Cannot delete or update a parent row: a foreign key constraint fails (`u375117440_kapal`.`bookings`, CONSTRAINT `bookings_ibfk_2` FOREIGN KEY (`schedule_id`) REFERENCES `schedules` (`schedule_id`))
in SYSTEMPATH\Database\MySQLi\Connection.php on line 327.
 1 SYSTEMPATH\Database\MySQLi\Connection.php(327): mysqli->query('DELETE FROM `schedules`
WHERE `boat_id` = \'7\'', 0)
 2 SYSTEMPATH\Database\BaseConnection.php(729): CodeIgniter\Database\MySQLi\Connection->execute('DELETE FROM `schedules`
WHERE `boat_id` = \'7\'')
 3 SYSTEMPATH\Database\BaseConnection.php(646): CodeIgniter\Database\BaseConnection->simpleQuery('DELETE FROM `schedules`
WHERE `boat_id` = \'7\'')
 4 SYSTEMPATH\Database\BaseBuilder.php(2848): CodeIgniter\Database\BaseConnection->query('DELETE FROM `schedules`
WHERE `boat_id` = :boat_id:', [...], false)
 5 SYSTEMPATH\Model.php(521): CodeIgniter\Database\BaseBuilder->delete()
 6 SYSTEMPATH\BaseModel.php(1152): CodeIgniter\Model->doDelete(null, false)
 7 APPPATH\Controllers\Admin.php(242): CodeIgniter\BaseModel->delete()
 8 SYSTEMPATH\CodeIgniter.php(933): App\Controllers\Admin->deleteBoat('7')
 9 SYSTEMPATH\CodeIgniter.php(507): CodeIgniter\CodeIgniter->runController(Object(App\Controllers\Admin))
10 SYSTEMPATH\CodeIgniter.php(354): CodeIgniter\CodeIgniter->handleRequest(null, Object(Config\Cache), false)
11 SYSTEMPATH\Boot.php(363): CodeIgniter\CodeIgniter->run()
12 SYSTEMPATH\Boot.php(68): CodeIgniter\Boot::runCodeIgniter(Object(CodeIgniter\CodeIgniter))
13 FCPATH\index.php(59): CodeIgniter\Boot::bootWeb(Object(Config\Paths))
